name,model,rebar_version,engine,engine_version,err,haystack_len,iters,total,median,mad,mean,stddev,min,max
captures/contiguous-letters,count-captures,0.1.0 (rev 9ee90dfb56),pcre2/jit,10.47 2025-10-21,,61436,793,4.51s,3.75ms,60.89us,3.79ms,159.53us,3.63ms,5.90ms
captures/contiguous-letters,count-captures,0.1.0 (rev 9ee90dfb56),re2,2025-11-05,,61436,229,4.56s,13.08ms,87.92us,13.11ms,163.31us,12.83ms,13.90ms
captures/contiguous-letters,count-captures,0.1.0 (rev 9ee90dfb56),re2j,1.8 (OpenJDK 64-Bit Server VM 26.0.2+10-55),,61436,20,5.47s,148.64ms,786.43us,150.22ms,2.81ms,147.59ms,156.76ms
captures/contiguous-letters,count-captures,0.1.0 (rev 9ee90dfb56),rust/regex,1.12.4,,61436,454,4.56s,6.58ms,50.09us,6.61ms,137.04us,6.41ms,7.92ms
captures/contiguous-letters,count-captures,0.1.0 (rev 9ee90dfb56),safere/string,0.12.0-SNAPSHOT (OpenJDK 64-Bit Server VM 26.0.2+10-55; scanner=swar),,61436,179,5.37s,16.71ms,212.99us,16.83ms,513.60us,15.86ms,19.07ms
captures/contiguous-letters,count-captures,0.1.0 (rev 9ee90dfb56),safere/utf8,0.12.0-SNAPSHOT (OpenJDK 64-Bit Server VM 26.0.2+10-55; scanner=swar),,61436,175,5.27s,16.71ms,606.21us,17.14ms,1.27ms,15.53ms,23.72ms
captures/contiguous-letters,count-captures,0.1.0 (rev 9ee90dfb56),safere/utf8-vector,0.12.0-SNAPSHOT (OpenJDK 64-Bit Server VM 26.0.2+10-55; scanner=vector),,61436,181,5.26s,16.40ms,212.99us,16.57ms,581.27us,15.83ms,21.14ms
curated/01-literal/sherlock-en,count,0.1.0 (rev 9ee90dfb56),java/hotspot,26.0.2+10-55,,899232,6235,4.71s,481.95us,11.45us,480.29us,68.48us,408.30us,4.68ms
curated/01-literal/sherlock-en,count,0.1.0 (rev 9ee90dfb56),safere/string,0.12.0-SNAPSHOT (OpenJDK 64-Bit Server VM 26.0.2+10-55; scanner=swar),,899232,19730,5.22s,147.71us,2.82us,151.62us,19.56us,144.64us,897.02us
curated/01-literal/sherlock-en,count,0.1.0 (rev 9ee90dfb56),safere/utf8,0.12.0-SNAPSHOT (OpenJDK 64-Bit Server VM 26.0.2+10-55; scanner=swar),,899232,16668,5.22s,172.54us,768.00ns,179.57us,24.51us,171.01us,1.61ms
curated/01-literal/sherlock-en,count,0.1.0 (rev 9ee90dfb56),safere/utf8-vector,0.12.0-SNAPSHOT (OpenJDK 64-Bit Server VM 26.0.2+10-55; scanner=vector),,899232,16499,5.26s,175.62us,3.33us,181.39us,25.85us,171.01us,1.51ms
curated/01-literal/sherlock-en,count,0.1.0 (rev 9ee90dfb56),pcre2/jit,10.47 2025-10-21,,899232,61632,4.57s,47.17us,333.00ns,48.60us,25.17us,45.71us,5.87ms
curated/01-literal/sherlock-en,count,0.1.0 (rev 9ee90dfb56),re2,2025-11-05,,899232,31909,4.57s,91.67us,1.41us,93.94us,13.41us,86.55us,0.96ms
curated/01-literal/sherlock-en,count,0.1.0 (rev 9ee90dfb56),re2j,1.8 (OpenJDK 64-Bit Server VM 26.0.2+10-55),,899232,7848,5.17s,371.71us,7.68us,381.58us,62.95us,354.30us,1.86ms
curated/01-literal/sherlock-en,count,0.1.0 (rev 9ee90dfb56),rust/regex,1.12.4,,899232,101549,4.57s,28.32us,70.00ns,29.48us,7.14us,28.10us,738.32us
curated/01-literal/sherlock-casei-en,count,0.1.0 (rev 9ee90dfb56),java/hotspot,26.0.2+10-55,,899232,667,4.67s,4.47ms,46.51us,4.50ms,128.39us,4.32ms,5.94ms
curated/01-literal/sherlock-casei-en,count,0.1.0 (rev 9ee90dfb56),safere/string,0.12.0-SNAPSHOT (OpenJDK 64-Bit Server VM 26.0.2+10-55; scanner=swar),,899232,5272,5.27s,553.98us,10.75us,568.10us,46.92us,534.53us,1.27ms
curated/01-literal/sherlock-casei-en,count,0.1.0 (rev 9ee90dfb56),safere/utf8,0.12.0-SNAPSHOT (OpenJDK 64-Bit Server VM 26.0.2+10-55; scanner=swar),,899232,4023,5.27s,732.16us,11.26us,744.73us,77.34us,686.08us,2.49ms
curated/01-literal/sherlock-casei-en,count,0.1.0 (rev 9ee90dfb56),safere/utf8-vector,0.12.0-SNAPSHOT (OpenJDK 64-Bit Server VM 26.0.2+10-55; scanner=vector),,899232,13103,5.47s,221.95us,1.79us,228.53us,45.82us,214.53us,2.27ms
curated/01-literal/sherlock-casei-en,count,0.1.0 (rev 9ee90dfb56),pcre2/jit,10.47 2025-10-21,,899232,45102,4.57s,64.73us,846.00ns,66.44us,11.07us,62.19us,833.59us
curated/01-literal/sherlock-casei-en,count,0.1.0 (rev 9ee90dfb56),re2,2025-11-05,,899232,7184,4.51s,412.20us,7.72us,417.53us,30.75us,380.29us,1.20ms
curated/01-literal/sherlock-casei-en,count,0.1.0 (rev 9ee90dfb56),re2j,1.8 (OpenJDK 64-Bit Server VM 26.0.2+10-55),,899232,144,5.21s,20.81ms,131.07us,20.95ms,504.17us,20.45ms,25.59ms
curated/01-literal/sherlock-casei-en,count,0.1.0 (rev 9ee90dfb56),rust/regex,1.12.4,,899232,31107,4.56s,93.76us,224.00ns,96.36us,16.30us,93.03us,1.52ms
curated/01-literal/sherlock-ru,count,0.1.0 (rev 9ee90dfb56),java/hotspot,26.0.2+10-55,,1570556,5795,4.71s,517.46us,13.04us,516.87us,45.51us,445.25us,1.85ms
curated/01-literal/sherlock-ru,count,0.1.0 (rev 9ee90dfb56),safere/string,0.12.0-SNAPSHOT (OpenJDK 64-Bit Server VM 26.0.2+10-55; scanner=swar),,1570556,19682,5.27s,147.46us,256.00ns,152.02us,19.13us,147.20us,1.00ms
curated/01-literal/sherlock-ru,count,0.1.0 (rev 9ee90dfb56),safere/utf8,0.12.0-SNAPSHOT (OpenJDK 64-Bit Server VM 26.0.2+10-55; scanner=swar),,1570556,30194,5.27s,96.13us,384.00ns,99.12us,13.85us,93.06us,833.54us
curated/01-literal/sherlock-ru,count,0.1.0 (rev 9ee90dfb56),safere/utf8-vector,0.12.0-SNAPSHOT (OpenJDK 64-Bit Server VM 26.0.2+10-55; scanner=vector),,1570556,30364,5.32s,95.74us,1.28us,98.57us,21.18us,92.93us,2.47ms
curated/01-literal/sherlock-ru,count,0.1.0 (rev 9ee90dfb56),pcre2/jit,10.47 2025-10-21,,1570556,43269,4.56s,67.69us,305.00ns,69.27us,10.48us,65.20us,767.40us
curated/01-literal/sherlock-ru,count,0.1.0 (rev 9ee90dfb56),re2,2025-11-05,,1570556,1366,4.51s,2.18ms,11.82us,2.20ms,65.95us,2.15ms,2.97ms
curated/01-literal/sherlock-ru,count,0.1.0 (rev 9ee90dfb56),re2j,1.8 (OpenJDK 64-Bit Server VM 26.0.2+10-55),,1570556,6943,5.17s,419.84us,9.22us,431.39us,67.64us,401.41us,2.24ms
curated/01-literal/sherlock-ru,count,0.1.0 (rev 9ee90dfb56),rust/regex,1.12.4,,1570556,58223,4.57s,49.46us,224.00ns,51.46us,9.09us,48.83us,810.06us
curated/01-literal/sherlock-casei-ru,count,0.1.0 (rev 9ee90dfb56),java/hotspot,26.0.2+10-55,,1570556,325,4.77s,9.10ms,127.68us,9.23ms,1.66ms,8.74ms,38.68ms
curated/01-literal/sherlock-casei-ru,count,0.1.0 (rev 9ee90dfb56),safere/string,0.12.0-SNAPSHOT (OpenJDK 64-Bit Server VM 26.0.2+10-55; scanner=swar),,1570556,1957,5.42s,1.51ms,24.58us,1.53ms,102.62us,1.46ms,3.78ms
curated/01-literal/sherlock-casei-ru,count,0.1.0 (rev 9ee90dfb56),safere/utf8,0.12.0-SNAPSHOT (OpenJDK 64-Bit Server VM 26.0.2+10-55; scanner=swar),,1570556,2308,5.37s,1.27ms,14.34us,1.30ms,124.04us,1.23ms,3.17ms
curated/01-literal/sherlock-casei-ru,count,0.1.0 (rev 9ee90dfb56),safere/utf8-vector,0.12.0-SNAPSHOT (OpenJDK 64-Bit Server VM 26.0.2+10-55; scanner=vector),,1570556,2343,5.42s,1.25ms,22.53us,1.28ms,143.32us,1.19ms,3.34ms
curated/01-literal/sherlock-casei-ru,count,0.1.0 (rev 9ee90dfb56),pcre2/jit,10.47 2025-10-21,,1570556,27125,4.57s,106.69us,718.00ns,110.52us,15.94us,104.57us,1.47ms
curated/01-literal/sherlock-casei-ru,count,0.1.0 (rev 9ee90dfb56),re2,2025-11-05,,1570556,1724,4.56s,1.72ms,11.10us,1.74ms,76.89us,1.69ms,3.52ms
curated/01-literal/sherlock-casei-ru,count,0.1.0 (rev 9ee90dfb56),re2j,1.8 (OpenJDK 64-Bit Server VM 26.0.2+10-55),,1570556,115,5.27s,26.05ms,131.07us,26.19ms,492.09us,25.79ms,29.85ms
curated/01-literal/sherlock-casei-ru,count,0.1.0 (rev 9ee90dfb56),rust/regex,1.12.4,,1570556,14771,4.51s,198.65us,3.48us,203.05us,19.99us,193.18us,0.98ms
curated/01-literal/sherlock-zh,count,0.1.0 (rev 9ee90dfb56),java/hotspot,26.0.2+10-55,,813478,17344,4.76s,167.77us,540.00ns,172.43us,16.95us,163.49us,913.89us
curated/01-literal/sherlock-zh,count,0.1.0 (rev 9ee90dfb56),safere/string,0.12.0-SNAPSHOT (OpenJDK 64-Bit Server VM 26.0.2+10-55; scanner=swar),,813478,55245,5.37s,52.74us,64.00ns,54.19us,13.17us,51.58us,2.33ms
curated/01-literal/sherlock-zh,count,0.1.0 (rev 9ee90dfb56),safere/utf8,0.12.0-SNAPSHOT (OpenJDK 64-Bit Server VM 26.0.2+10-55; scanner=swar),,813478,18537,5.32s,153.86us,3.07us,161.41us,28.05us,148.48us,1.14ms
curated/01-literal/sherlock-zh,count,0.1.0 (rev 9ee90dfb56),safere/utf8-vector,0.12.0-SNAPSHOT (OpenJDK 64-Bit Server VM 26.0.2+10-55; scanner=vector),,813478,19448,5.27s,149.76us,512.00ns,153.85us,17.98us,145.92us,941.06us
curated/01-literal/sherlock-zh,count,0.1.0 (rev 9ee90dfb56),pcre2/jit,10.47 2025-10-21,,813478,103595,4.57s,28.14us,50.00ns,28.89us,6.22us,27.44us,762.47us
curated/01-literal/sherlock-zh,count,0.1.0 (rev 9ee90dfb56),re2,2025-11-05,,813478,9432,4.51s,311.10us,519.00ns,318.00us,23.56us,304.27us,1.11ms
curated/01-literal/sherlock-zh,count,0.1.0 (rev 9ee90dfb56),re2j,1.8 (OpenJDK 64-Bit Server VM 26.0.2+10-55),,813478,47993,5.27s,59.58us,256.00ns,62.38us,19.13us,59.14us,2.05ms
curated/01-literal/sherlock-zh,count,0.1.0 (rev 9ee90dfb56),rust/regex,1.12.4,,813478,131551,4.57s,22.32us,146.00ns,22.74us,6.10us,21.38us,747.30us
curated/02-literal-alternate/sherlock-en,count,0.1.0 (rev 9ee90dfb56),java/hotspot,26.0.2+10-55,,899232,166,4.66s,17.27ms,2.01ms,18.12ms,2.50ms,15.22ms,23.49ms
curated/02-literal-alternate/sherlock-en,count,0.1.0 (rev 9ee90dfb56),safere/string,0.12.0-SNAPSHOT (OpenJDK 64-Bit Server VM 26.0.2+10-55; scanner=swar),,899232,1267,5.27s,2.31ms,65.54us,2.37ms,149.17us,2.24ms,3.96ms
curated/02-literal-alternate/sherlock-en,count,0.1.0 (rev 9ee90dfb56),safere/utf8,0.12.0-SNAPSHOT (OpenJDK 64-Bit Server VM 26.0.2+10-55; scanner=swar),,899232,1159,5.26s,2.56ms,24.58us,2.59ms,129.50us,2.47ms,4.06ms
curated/02-literal-alternate/sherlock-en,count,0.1.0 (rev 9ee90dfb56),safere/utf8-vector,0.12.0-SNAPSHOT (OpenJDK 64-Bit Server VM 26.0.2+10-55; scanner=vector),,899232,17047,5.52s,168.45us,3.33us,175.58us,47.42us,161.28us,2.18ms
curated/02-literal-alternate/sherlock-en,count,0.1.0 (rev 9ee90dfb56),pcre2/jit,10.47 2025-10-21,,899232,4889,4.52s,606.91us,7.32us,613.57us,35.13us,585.24us,1.37ms
curated/02-literal-alternate/sherlock-en,count,0.1.0 (rev 9ee90dfb56),re2,2025-11-05,,899232,2929,4.51s,1.01ms,17.94us,1.02ms,67.58us,0.97ms,3.05ms
curated/02-literal-alternate/sherlock-en,count,0.1.0 (rev 9ee90dfb56),re2j,1.8 (OpenJDK 64-Bit Server VM 26.0.2+10-55),,899232,49,5.32s,61.93ms,393.22us,62.13ms,1.01ms,61.01ms,67.04ms
curated/02-literal-alternate/sherlock-en,count,0.1.0 (rev 9ee90dfb56),rust/regex,1.12.4,,899232,36633,4.56s,79.99us,257.00ns,81.80us,10.40us,79.27us,818.15us
curated/02-literal-alternate/sherlock-casei-en,count,0.1.0 (rev 9ee90dfb56),java/hotspot,26.0.2+10-55,,899232,150,4.66s,20.58ms,805.43us,20.10ms,0.99ms,18.39ms,22.32ms
curated/02-literal-alternate/sherlock-casei-en,count,0.1.0 (rev 9ee90dfb56),safere/string,0.12.0-SNAPSHOT (OpenJDK 64-Bit Server VM 26.0.2+10-55; scanner=swar),,899232,1259,5.26s,2.35ms,24.58us,2.38ms,122.51us,2.31ms,3.92ms
curated/02-literal-alternate/sherlock-casei-en,count,0.1.0 (rev 9ee90dfb56),safere/utf8,0.12.0-SNAPSHOT (OpenJDK 64-Bit Server VM 26.0.2+10-55; scanner=swar),,899232,1084,5.26s,2.74ms,40.96us,2.77ms,137.10us,2.61ms,4.34ms
curated/02-literal-alternate/sherlock-casei-en,count,0.1.0 (rev 9ee90dfb56),safere/utf8-vector,0.12.0-SNAPSHOT (OpenJDK 64-Bit Server VM 26.0.2+10-55; scanner=vector),,899232,1144,5.27s,2.59ms,40.96us,2.62ms,156.14us,2.50ms,4.99ms
curated/02-literal-alternate/sherlock-casei-en,count,0.1.0 (rev 9ee90dfb56),pcre2/jit,10.47 2025-10-21,,899232,2184,4.51s,1.36ms,23.09us,1.37ms,76.44us,1.32ms,2.41ms
curated/02-literal-alternate/sherlock-casei-en,count,0.1.0 (rev 9ee90dfb56),re2,2025-11-05,,899232,2907,4.51s,1.02ms,5.87us,1.03ms,54.21us,1.00ms,2.26ms
curated/02-literal-alternate/sherlock-casei-en,count,0.1.0 (rev 9ee90dfb56),re2j,1.8 (OpenJDK 64-Bit Server VM 26.0.2+10-55),,899232,43,5.32s,70.25ms,393.22us,70.41ms,0.95ms,69.60ms,74.84ms
curated/02-literal-alternate/sherlock-casei-en,count,0.1.0 (rev 9ee90dfb56),rust/regex,1.12.4,,899232,9126,4.51s,320.89us,1.76us,328.65us,30.06us,317.85us,1.08ms
curated/02-literal-alternate/sherlock-ru,count,0.1.0 (rev 9ee90dfb56),java/hotspot,26.0.2+10-55,,1570556,134,4.66s,22.21ms,336.13us,22.44ms,852.65us,21.53ms,25.43ms
curated/02-literal-alternate/sherlock-ru,count,0.1.0 (rev 9ee90dfb56),safere/string,0.12.0-SNAPSHOT (OpenJDK 64-Bit Server VM 26.0.2+10-55; scanner=swar),,1570556,492,5.27s,6.05ms,139.26us,6.09ms,319.43us,5.75ms,10.13ms
curated/02-literal-alternate/sherlock-ru,count,0.1.0 (rev 9ee90dfb56),safere/utf8,0.12.0-SNAPSHOT (OpenJDK 64-Bit Server VM 26.0.2+10-55; scanner=swar),,1570556,332,5.27s,8.95ms,81.92us,9.03ms,365.57us,8.72ms,12.48ms
curated/02-literal-alternate/sherlock-ru,count,0.1.0 (rev 9ee90dfb56),safere/utf8-vector,0.12.0-SNAPSHOT (OpenJDK 64-Bit Server VM 26.0.2+10-55; scanner=vector),,1570556,331,5.27s,9.01ms,65.54us,9.08ms,285.12us,8.86ms,11.81ms
curated/02-literal-alternate/sherlock-ru,count,0.1.0 (rev 9ee90dfb56),pcre2/jit,10.47 2025-10-21,,1570556,2175,4.51s,1.36ms,13.46us,1.38ms,72.56us,1.31ms,2.88ms
curated/02-literal-alternate/sherlock-ru,count,0.1.0 (rev 9ee90dfb56),re2,2025-11-05,,1570556,1701,4.51s,1.74ms,21.71us,1.76ms,82.02us,1.69ms,2.82ms
curated/02-literal-alternate/sherlock-ru,count,0.1.0 (rev 9ee90dfb56),re2j,1.8 (OpenJDK 64-Bit Server VM 26.0.2+10-55),,1570556,40,5.32s,75.17ms,327.68us,75.51ms,1.19ms,74.45ms,81.00ms
curated/02-literal-alternate/sherlock-ru,count,0.1.0 (rev 9ee90dfb56),rust/regex,1.12.4,,1570556,11689,4.56s,244.51us,6.51us,256.53us,36.22us,236.37us,1.69ms
curated/02-literal-alternate/sherlock-casei-ru,count,0.1.0 (rev 9ee90dfb56),java/hotspot,26.0.2+10-55,,1570556,79,4.66s,38.04ms,281.58us,38.10ms,447.04us,37.25ms,39.37ms
curated/02-literal-alternate/sherlock-casei-ru,count,0.1.0 (rev 9ee90dfb56),safere/string,0.12.0-SNAPSHOT (OpenJDK 64-Bit Server VM 26.0.2+10-55; scanner=swar),,1570556,522,5.42s,5.70ms,40.96us,5.75ms,259.16us,5.60ms,10.11ms
curated/02-literal-alternate/sherlock-casei-ru,count,0.1.0 (rev 9ee90dfb56),safere/utf8,0.12.0-SNAPSHOT (OpenJDK 64-Bit Server VM 26.0.2+10-55; scanner=swar),,1570556,401,5.41s,7.42ms,57.34us,7.48ms,314.96us,7.20ms,11.78ms
curated/02-literal-alternate/sherlock-casei-ru,count,0.1.0 (rev 9ee90dfb56),safere/utf8-vector,0.12.0-SNAPSHOT (OpenJDK 64-Bit Server VM 26.0.2+10-55; scanner=vector),,1570556,406,5.42s,7.36ms,65.54us,7.40ms,294.15us,7.10ms,11.53ms
curated/02-literal-alternate/sherlock-casei-ru,count,0.1.0 (rev 9ee90dfb56),pcre2/jit,10.47 2025-10-21,,1570556,470,4.51s,6.36ms,51.98us,6.39ms,134.83us,6.21ms,7.45ms
curated/02-literal-alternate/sherlock-casei-ru,count,0.1.0 (rev 9ee90dfb56),re2,2025-11-05,,1570556,1684,4.51s,1.76ms,12.16us,1.78ms,76.10us,1.73ms,3.10ms
curated/02-literal-alternate/sherlock-casei-ru,count,0.1.0 (rev 9ee90dfb56),re2j,1.8 (OpenJDK 64-Bit Server VM 26.0.2+10-55),,1570556,29,5.37s,103.68ms,262.14us,103.96ms,1.25ms,102.50ms,109.58ms
curated/02-literal-alternate/sherlock-casei-ru,count,0.1.0 (rev 9ee90dfb56),rust/regex,1.12.4,,1570556,2852,4.51s,1.04ms,15.53us,1.05ms,54.05us,0.99ms,1.88ms
curated/02-literal-alternate/sherlock-zh,count,0.1.0 (rev 9ee90dfb56),java/hotspot,26.0.2+10-55,,813478,370,4.71s,8.09ms,71.72us,8.11ms,177.98us,7.59ms,9.26ms
curated/02-literal-alternate/sherlock-zh,count,0.1.0 (rev 9ee90dfb56),safere/string,0.12.0-SNAPSHOT (OpenJDK 64-Bit Server VM 26.0.2+10-55; scanner=swar),,813478,1266,5.22s,2.32ms,57.34us,2.37ms,157.53us,2.20ms,5.02ms
curated/02-literal-alternate/sherlock-zh,count,0.1.0 (rev 9ee90dfb56),safere/utf8,0.12.0-SNAPSHOT (OpenJDK 64-Bit Server VM 26.0.2+10-55; scanner=swar),,813478,897,5.22s,3.30ms,81.92us,3.34ms,168.39us,3.16ms,5.40ms
curated/02-literal-alternate/sherlock-zh,count,0.1.0 (rev 9ee90dfb56),safere/utf8-vector,0.12.0-SNAPSHOT (OpenJDK 64-Bit Server VM 26.0.2+10-55; scanner=vector),,813478,924,5.21s,3.22ms,53.25us,3.25ms,126.41us,3.12ms,4.09ms
curated/02-literal-alternate/sherlock-zh,count,0.1.0 (rev 9ee90dfb56),pcre2/jit,10.47 2025-10-21,,813478,8872,4.51s,329.97us,2.03us,338.07us,29.37us,326.52us,1.66ms
curated/02-literal-alternate/sherlock-zh,count,0.1.0 (rev 9ee90dfb56),re2,2025-11-05,,813478,3430,4.51s,860.33us,11.72us,874.69us,53.83us,840.17us,1.62ms
curated/02-literal-alternate/sherlock-zh,count,0.1.0 (rev 9ee90dfb56),re2j,1.8 (OpenJDK 64-Bit Server VM 26.0.2+10-55),,813478,102,5.21s,29.46ms,147.46us,29.61ms,603.06us,29.07ms,33.88ms
curated/02-literal-alternate/sherlock-zh,count,0.1.0 (rev 9ee90dfb56),rust/regex,1.12.4,,813478,46105,4.57s,63.49us,118.00ns,64.99us,10.36us,63.09us,794.00us
curated/03-date/ascii,count-spans,0.1.0 (rev 9ee90dfb56),java/hotspot,26.0.2+10-55,,268796,18,4.76s,166.71ms,406.24us,167.12ms,1.50ms,165.31ms,171.75ms
curated/03-date/ascii,count-spans,0.1.0 (rev 9ee90dfb56),safere/string,0.12.0-SNAPSHOT (OpenJDK 64-Bit Server VM 26.0.2+10-55; scanner=swar),,268796,849,5.62s,3.48ms,57.34us,3.53ms,241.46us,3.26ms,5.41ms
curated/03-date/ascii,count-spans,0.1.0 (rev 9ee90dfb56),safere/utf8,0.12.0-SNAPSHOT (OpenJDK 64-Bit Server VM 26.0.2+10-55; scanner=swar),,268796,847,5.52s,3.47ms,57.34us,3.54ms,362.30us,3.26ms,10.83ms
curated/03-date/ascii,count-spans,0.1.0 (rev 9ee90dfb56),safere/utf8-vector,0.12.0-SNAPSHOT (OpenJDK 64-Bit Server VM 26.0.2+10-55; scanner=vector),,268796,843,5.52s,3.50ms,53.25us,3.56ms,400.37us,3.33ms,12.85ms
curated/03-date/ascii,count-spans,0.1.0 (rev 9ee90dfb56),pcre2/jit,10.47 2025-10-21,,268796,183,4.56s,16.38ms,84.45us,16.47ms,363.54us,16.20ms,19.77ms
curated/03-date/ascii,count-spans,0.1.0 (rev 9ee90dfb56),re2,2025-11-05,,268796,737,4.56s,4.05ms,45.05us,4.08ms,116.71us,3.91ms,4.85ms
curated/03-date/ascii,count-spans,0.1.0 (rev 9ee90dfb56),re2j,1.8 (OpenJDK 64-Bit Server VM 26.0.2+10-55),,268796,3,8.47s,1.12s,2.10ms,1.12s,2.62ms,1.12s,1.12s
curated/03-date/ascii,count-spans,0.1.0 (rev 9ee90dfb56),rust/regex,1.12.4,,268796,1423,4.51s,2.08ms,18.09us,2.11ms,109.25us,2.02ms,3.70ms
curated/03-date/unicode,count-spans,0.1.0 (rev 9ee90dfb56),java/hotspot,26.0.2+10-55,,268796,15,4.71s,204.96ms,423.76us,205.01ms,878.64us,203.78ms,207.10ms
curated/03-date/unicode,count-spans,0.1.0 (rev 9ee90dfb56),safere/string,0.12.0-SNAPSHOT (OpenJDK 64-Bit Server VM 26.0.2+10-55; scanner=swar),,268796,829,5.87s,3.55ms,73.73us,3.62ms,276.63us,3.34ms,5.94ms
curated/03-date/unicode,count-spans,0.1.0 (rev 9ee90dfb56),safere/utf8,0.12.0-SNAPSHOT (OpenJDK 64-Bit Server VM 26.0.2+10-55; scanner=swar),,268796,782,5.82s,3.77ms,63.49us,3.84ms,273.54us,3.56ms,7.07ms
curated/03-date/unicode,count-spans,0.1.0 (rev 9ee90dfb56),safere/utf8-vector,0.12.0-SNAPSHOT (OpenJDK 64-Bit Server VM 26.0.2+10-55; scanner=vector),,268796,793,5.72s,3.72ms,69.63us,3.78ms,287.24us,3.50ms,7.07ms
curated/03-date/unicode,count-spans,0.1.0 (rev 9ee90dfb56),pcre2/jit,10.47 2025-10-21,,268796,115,4.56s,26.09ms,124.15us,26.21ms,426.54us,25.79ms,28.90ms
curated/03-date/unicode,count-spans,0.1.0 (rev 9ee90dfb56),rust/regex,1.12.4,,268796,1404,4.56s,2.09ms,24.32us,2.14ms,141.03us,2.01ms,3.59ms
curated/03-date/compile-ascii,compile,0.1.0 (rev 9ee90dfb56),pcre2/jit,10.47 2025-10-21,,,2434,4.51s,1.17ms,21.49us,1.20ms,104.97us,1.11ms,2.92ms
curated/03-date/compile-ascii,compile,0.1.0 (rev 9ee90dfb56),re2,2025-11-05,,,1350,4.51s,1.38ms,20.65us,1.40ms,83.28us,1.31ms,3.00ms
curated/03-date/compile-ascii,compile,0.1.0 (rev 9ee90dfb56),rust/regex,1.12.4,,,1670,4.51s,1.63ms,17.46us,1.65ms,84.03us,1.58ms,2.88ms
curated/03-date/compile-unicode,compile,0.1.0 (rev 9ee90dfb56),pcre2/jit,10.47 2025-10-21,,,1676,4.51s,1.71ms,49.03us,1.76ms,142.04us,1.63ms,3.59ms
curated/03-date/compile-unicode,compile,0.1.0 (rev 9ee90dfb56),rust/regex,1.12.4,,,434,4.51s,6.45ms,144.39us,6.55ms,312.44us,6.22ms,9.42ms
curated/04-ruff-noqa/real,grep-captures,0.1.0 (rev 9ee90dfb56),java/hotspot,26.0.2+10-55,,32514634,3,6.62s,1.13s,4.96ms,1.14s,18.40ms,1.13s,1.17s
curated/04-ruff-noqa/real,grep-captures,0.1.0 (rev 9ee90dfb56),safere/string,0.12.0-SNAPSHOT (OpenJDK 64-Bit Server VM 26.0.2+10-55; scanner=swar),,32514634,58,6.02s,48.96ms,425.98us,52.40ms,16.89ms,48.23ms,171.97ms
curated/04-ruff-noqa/real,grep-captures,0.1.0 (rev 9ee90dfb56),safere/utf8,0.12.0-SNAPSHOT (OpenJDK 64-Bit Server VM 26.0.2+10-55; scanner=swar),,32514634,45,6.02s,66.58ms,786.43us,67.49ms,1.92ms,65.27ms,73.27ms
curated/04-ruff-noqa/real,grep-captures,0.1.0 (rev 9ee90dfb56),safere/utf8-vector,0.12.0-SNAPSHOT (OpenJDK 64-Bit Server VM 26.0.2+10-55; scanner=vector),,32514634,44,6.07s,67.96ms,1.05ms,68.65ms,1.96ms,66.45ms,74.45ms
curated/04-ruff-noqa/real,grep-captures,0.1.0 (rev 9ee90dfb56),pcre2/jit,10.47 2025-10-21,,32514634,45,4.62s,65.73ms,1.03ms,67.19ms,5.32ms,64.05ms,97.08ms
curated/04-ruff-noqa/real,grep-captures,0.1.0 (rev 9ee90dfb56),re2,2025-11-05,,32514634,42,4.71s,71.09ms,701.09us,72.53ms,4.71ms,70.14ms,99.40ms
curated/04-ruff-noqa/real,grep-captures,0.1.0 (rev 9ee90dfb56),re2j,1.8 (OpenJDK 64-Bit Server VM 26.0.2+10-55),timeout: exceeded 10s,,0,0.00ns,0.00ns,0.00ns,0.00ns,0.00ns,0.00ns,0.00ns
curated/04-ruff-noqa/real,grep-captures,0.1.0 (rev 9ee90dfb56),rust/regex,1.12.4,,32514634,125,4.62s,23.76ms,294.74us,24.08ms,843.00us,23.15ms,26.86ms
curated/04-ruff-noqa/tweaked,grep-captures,0.1.0 (rev 9ee90dfb56),java/hotspot,26.0.2+10-55,,32514634,16,5.52s,185.63ms,10.43ms,197.65ms,23.34ms,173.80ms,250.73ms
curated/04-ruff-noqa/tweaked,grep-captures,0.1.0 (rev 9ee90dfb56),safere/string,0.12.0-SNAPSHOT (OpenJDK 64-Bit Server VM 26.0.2+10-55; scanner=swar),,32514634,54,6.02s,55.41ms,0.95ms,55.55ms,1.51ms,53.54ms,63.18ms
curated/04-ruff-noqa/tweaked,grep-captures,0.1.0 (rev 9ee90dfb56),safere/utf8,0.12.0-SNAPSHOT (OpenJDK 64-Bit Server VM 26.0.2+10-55; scanner=swar),,32514634,27,6.07s,110.76ms,524.29us,111.46ms,3.43ms,108.00ms,123.86ms
curated/04-ruff-noqa/tweaked,grep-captures,0.1.0 (rev 9ee90dfb56),safere/utf8-vector,0.12.0-SNAPSHOT (OpenJDK 64-Bit Server VM 26.0.2+10-55; scanner=vector),,32514634,27,6.12s,112.59ms,1.31ms,112.93ms,1.70ms,110.49ms,118.75ms
curated/04-ruff-noqa/tweaked,grep-captures,0.1.0 (rev 9ee90dfb56),pcre2/jit,10.47 2025-10-21,,32514634,107,4.56s,27.89ms,135.29us,28.06ms,691.29us,27.57ms,32.60ms
curated/04-ruff-noqa/tweaked,grep-captures,0.1.0 (rev 9ee90dfb56),re2,2025-11-05,,32514634,69,4.61s,43.68ms,242.03us,43.78ms,511.84us,42.84ms,45.80ms
curated/04-ruff-noqa/tweaked,grep-captures,0.1.0 (rev 9ee90dfb56),re2j,1.8 (OpenJDK 64-Bit Server VM 26.0.2+10-55),,32514634,45,5.97s,67.24ms,1.25ms,67.54ms,1.66ms,65.14ms,71.57ms
curated/04-ruff-noqa/tweaked,grep-captures,0.1.0 (rev 9ee90dfb56),rust/regex,1.12.4,,32514634,115,4.61s,26.23ms,1.24ms,26.21ms,1.48ms,24.44ms,30.50ms
curated/04-ruff-noqa/compile-real,compile,0.1.0 (rev 9ee90dfb56),pcre2/jit,10.47 2025-10-21,,,148756,4.62s,11.22us,117.00ns,11.98us,8.49us,10.71us,808.70us
curated/04-ruff-noqa/compile-real,compile,0.1.0 (rev 9ee90dfb56),re2,2025-11-05,,,144733,4.64s,8.95us,173.00ns,9.26us,3.84us,8.21us,726.10us
curated/04-ruff-noqa/compile-real,compile,0.1.0 (rev 9ee90dfb56),rust/regex,1.12.4,,,37627,4.57s,70.91us,2.25us,73.57us,14.94us,65.01us,1.60ms
curated/05-lexer-veryl/single,count-captures,0.1.0 (rev 9ee90dfb56),java/hotspot,26.0.2+10-55,,150600,101,4.72s,29.69ms,433.50us,29.86ms,785.85us,28.75ms,33.23ms
curated/05-lexer-veryl/single,count-captures,0.1.0 (rev 9ee90dfb56),safere/string,0.12.0-SNAPSHOT (OpenJDK 64-Bit Server VM 26.0.2+10-55; scanner=swar),,150600,40,5.67s,74.91ms,720.90us,75.33ms,1.34ms,73.66ms,80.35ms
curated/05-lexer-veryl/single,count-captures,0.1.0 (rev 9ee90dfb56),safere/utf8,0.12.0-SNAPSHOT (OpenJDK 64-Bit Server VM 26.0.2+10-55; scanner=swar),,150600,40,5.77s,76.81ms,1.11ms,76.45ms,1.86ms,73.40ms,81.79ms
curated/05-lexer-veryl/single,count-captures,0.1.0 (rev 9ee90dfb56),safere/utf8-vector,0.12.0-SNAPSHOT (OpenJDK 64-Bit Server VM 26.0.2+10-55; scanner=vector),,150600,40,5.67s,74.97ms,655.36us,75.29ms,1.11ms,73.92ms,78.64ms
curated/05-lexer-veryl/single,count-captures,0.1.0 (rev 9ee90dfb56),pcre2/jit,10.47 2025-10-21,,150600,201,4.56s,14.96ms,180.53us,14.98ms,275.47us,14.50ms,16.16ms
curated/05-lexer-veryl/single,count-captures,0.1.0 (rev 9ee90dfb56),re2,2025-11-05,,150600,19,4.76s,162.99ms,795.28us,163.05ms,920.39us,161.41ms,164.75ms
curated/05-lexer-veryl/single,count-captures,0.1.0 (rev 9ee90dfb56),re2j,1.8 (OpenJDK 64-Bit Server VM 26.0.2+10-55),,150600,3,7.67s,1.01s,4.19ms,1.01s,4.31ms,1.01s,1.02s
curated/05-lexer-veryl/single,count-captures,0.1.0 (rev 9ee90dfb56),rust/regex,1.12.4,,150600,150,4.51s,19.99ms,175.68us,20.03ms,300.88us,19.42ms,21.14ms
curated/05-lexer-veryl/compile-single,compile,0.1.0 (rev 9ee90dfb56),pcre2/jit,10.47 2025-10-21,,,14692,4.51s,179.72us,2.66us,192.99us,51.00us,174.99us,1.01ms
curated/05-lexer-veryl/compile-single,compile,0.1.0 (rev 9ee90dfb56),re2,2025-11-05,,,8841,4.51s,180.86us,4.13us,184.41us,20.35us,166.49us,0.98ms
curated/05-lexer-veryl/compile-single,compile,0.1.0 (rev 9ee90dfb56),rust/regex,1.12.4,,,8978,4.51s,312.81us,6.51us,318.24us,28.28us,294.60us,1.14ms
curated/05-lexer-veryl/multi,count-spans,0.1.0 (rev 9ee90dfb56),rust/regex,1.12.4,,150600,1223,4.51s,2.42ms,34.52us,2.45ms,105.28us,2.32ms,3.27ms
curated/06-cloud-flare-redos/original,count-spans,0.1.0 (rev 9ee90dfb56),java/hotspot,26.0.2+10-55,,107,188799,5.22s,15.20us,191.00ns,15.85us,19.03us,14.58us,2.29ms
curated/06-cloud-flare-redos/original,count-spans,0.1.0 (rev 9ee90dfb56),safere/string,0.12.0-SNAPSHOT (OpenJDK 64-Bit Server VM 26.0.2+10-55; scanner=swar),,107,118584,5.57s,392.00ns,3.00ns,447.00ns,2.16us,375.00ns,667.65us
curated/06-cloud-flare-redos/original,count-spans,0.1.0 (rev 9ee90dfb56),safere/utf8,0.12.0-SNAPSHOT (OpenJDK 64-Bit Server VM 26.0.2+10-55; scanner=swar),,107,99840,5.57s,456.00ns,14.00ns,562.00ns,6.67us,421.00ns,1.51ms
curated/06-cloud-flare-redos/original,count-spans,0.1.0 (rev 9ee90dfb56),safere/utf8-vector,0.12.0-SNAPSHOT (OpenJDK 64-Bit Server VM 26.0.2+10-55; scanner=vector),,107,100618,5.52s,457.00ns,14.00ns,555.00ns,7.01us,421.00ns,2.09ms
curated/06-cloud-flare-redos/original,count-spans,0.1.0 (rev 9ee90dfb56),pcre2/jit,10.47 2025-10-21,,107,1000000,4.40s,2.28us,17.00ns,2.33us,1.79us,2.17us,715.81us
curated/06-cloud-flare-redos/original,count-spans,0.1.0 (rev 9ee90dfb56),re2,2025-11-05,,107,1000000,1.24s,348.00ns,4.00ns,359.00ns,737.00ns,334.00ns,665.11us
curated/06-cloud-flare-redos/original,count-spans,0.1.0 (rev 9ee90dfb56),re2j,1.8 (OpenJDK 64-Bit Server VM 26.0.2+10-55),,107,69557,5.32s,10.46us,112.00ns,10.87us,11.13us,9.84us,2.11ms
curated/06-cloud-flare-redos/original,count-spans,0.1.0 (rev 9ee90dfb56),rust/regex,1.12.4,,107,1000000,935.96ms,203.00ns,1.00ns,210.00ns,274.00ns,197.00ns,44.09us
curated/06-cloud-flare-redos/simplified-short,count-spans,0.1.0 (rev 9ee90dfb56),java/hotspot,26.0.2+10-55,,102,214505,5.22s,13.42us,331.00ns,13.91us,16.17us,12.70us,2.75ms
curated/06-cloud-flare-redos/simplified-short,count-spans,0.1.0 (rev 9ee90dfb56),safere/string,0.12.0-SNAPSHOT (OpenJDK 64-Bit Server VM 26.0.2+10-55; scanner=swar),,102,115476,5.52s,406.00ns,3.00ns,465.00ns,5.48us,391.00ns,1.85ms
curated/06-cloud-flare-redos/simplified-short,count-spans,0.1.0 (rev 9ee90dfb56),safere/utf8,0.12.0-SNAPSHOT (OpenJDK 64-Bit Server VM 26.0.2+10-55; scanner=swar),,102,97399,5.52s,471.00ns,8.00ns,575.00ns,5.93us,440.00ns,1.81ms
curated/06-cloud-flare-redos/simplified-short,count-spans,0.1.0 (rev 9ee90dfb56),safere/utf8-vector,0.12.0-SNAPSHOT (OpenJDK 64-Bit Server VM 26.0.2+10-55; scanner=vector),,102,95749,5.52s,486.00ns,9.00ns,543.00ns,1.21us,451.00ns,182.53us
curated/06-cloud-flare-redos/simplified-short,count-spans,0.1.0 (rev 9ee90dfb56),pcre2/jit,10.47 2025-10-21,,102,1000000,4.45s,2.37us,21.00ns,2.42us,1.58us,2.23us,705.78us
curated/06-cloud-flare-redos/simplified-short,count-spans,0.1.0 (rev 9ee90dfb56),re2,2025-11-05,,102,1000000,1.24s,350.00ns,3.00ns,359.00ns,1.01us,340.00ns,687.92us
curated/06-cloud-flare-redos/simplified-short,count-spans,0.1.0 (rev 9ee90dfb56),re2j,1.8 (OpenJDK 64-Bit Server VM 26.0.2+10-55),,102,99769,5.47s,7.28us,104.00ns,7.54us,3.07us,7.00us,705.54us
curated/06-cloud-flare-redos/simplified-short,count-spans,0.1.0 (rev 9ee90dfb56),rust/regex,1.12.4,,102,1000000,633.48ms,66.00ns,1.00ns,68.00ns,135.00ns,61.00ns,45.20us
curated/06-cloud-flare-redos/simplified-long,count-spans,0.1.0 (rev 9ee90dfb56),java/hotspot,26.0.2+10-55,,10001,19,4.66s,157.61ms,352.19us,157.93ms,714.90us,157.07ms,159.67ms
curated/06-cloud-flare-redos/simplified-long,count-spans,0.1.0 (rev 9ee90dfb56),safere/string,0.12.0-SNAPSHOT (OpenJDK 64-Bit Server VM 26.0.2+10-55; scanner=swar),,10001,46972,5.42s,30.91us,64.00ns,31.93us,13.22us,30.27us,2.32ms
curated/06-cloud-flare-redos/simplified-long,count-spans,0.1.0 (rev 9ee90dfb56),safere/utf8,0.12.0-SNAPSHOT (OpenJDK 64-Bit Server VM 26.0.2+10-55; scanner=swar),,10001,43129,5.32s,33.60us,128.00ns,34.80us,13.92us,33.02us,2.25ms
curated/06-cloud-flare-redos/simplified-long,count-spans,0.1.0 (rev 9ee90dfb56),safere/utf8-vector,0.12.0-SNAPSHOT (OpenJDK 64-Bit Server VM 26.0.2+10-55; scanner=vector),,10001,43164,5.37s,33.60us,64.00ns,34.83us,16.89us,32.96us,2.26ms
curated/06-cloud-flare-redos/simplified-long,count-spans,0.1.0 (rev 9ee90dfb56),pcre2/jit,10.47 2025-10-21,,10001,190,4.51s,15.73ms,82.72us,15.81ms,383.51us,15.57ms,20.09ms
curated/06-cloud-flare-redos/simplified-long,count-spans,0.1.0 (rev 9ee90dfb56),re2,2025-11-05,,10001,129488,4.57s,22.66us,15.00ns,23.11us,5.62us,22.62us,727.94us
curated/06-cloud-flare-redos/simplified-long,count-spans,0.1.0 (rev 9ee90dfb56),re2j,1.8 (OpenJDK 64-Bit Server VM 26.0.2+10-55),,10001,3891,5.06s,754.69us,15.36us,770.12us,55.43us,718.85us,1.67ms
curated/06-cloud-flare-redos/simplified-long,count-spans,0.1.0 (rev 9ee90dfb56),rust/regex,1.12.4,,10001,1000000,876.37ms,142.00ns,2.00ns,148.00ns,541.00ns,129.00ns,183.49us
curated/07-unicode-character-data/parse-line,grep-captures,0.1.0 (rev 9ee90dfb56),java/hotspot,26.0.2+10-55,,1913704,279,4.66s,10.60ms,102.88us,10.76ms,512.54us,10.27ms,13.20ms
curated/07-unicode-character-data/parse-line,grep-captures,0.1.0 (rev 9ee90dfb56),safere/string,0.12.0-SNAPSHOT (OpenJDK 64-Bit Server VM 26.0.2+10-55; scanner=swar),,1913704,278,5.37s,10.68ms,147.46us,10.80ms,578.54us,9.88ms,14.34ms
curated/07-unicode-character-data/parse-line,grep-captures,0.1.0 (rev 9ee90dfb56),safere/utf8,0.12.0-SNAPSHOT (OpenJDK 64-Bit Server VM 26.0.2+10-55; scanner=swar),,1913704,294,5.26s,10.06ms,131.07us,10.22ms,496.62us,9.76ms,12.32ms
curated/07-unicode-character-data/parse-line,grep-captures,0.1.0 (rev 9ee90dfb56),safere/utf8-vector,0.12.0-SNAPSHOT (OpenJDK 64-Bit Server VM 26.0.2+10-55; scanner=vector),,1913704,288,5.32s,10.11ms,163.84us,10.41ms,822.02us,9.67ms,14.86ms
curated/07-unicode-character-data/parse-line,grep-captures,0.1.0 (rev 9ee90dfb56),pcre2/jit,10.47 2025-10-21,,1913704,685,4.51s,4.28ms,79.59us,4.38ms,291.58us,4.16ms,7.68ms
curated/07-unicode-character-data/parse-line,grep-captures,0.1.0 (rev 9ee90dfb56),re2,2025-11-05,,1913704,137,4.56s,21.90ms,134.92us,21.97ms,376.94us,21.31ms,24.96ms
curated/07-unicode-character-data/parse-line,grep-captures,0.1.0 (rev 9ee90dfb56),re2j,1.8 (OpenJDK 64-Bit Server VM 26.0.2+10-55),,1913704,17,5.82s,182.45ms,1.05ms,183.15ms,2.45ms,179.31ms,188.22ms
curated/07-unicode-character-data/parse-line,grep-captures,0.1.0 (rev 9ee90dfb56),rust/regex,1.12.4,,1913704,503,4.51s,5.93ms,44.89us,5.97ms,165.26us,5.83ms,7.62ms
curated/07-unicode-character-data/compile,compile,0.1.0 (rev 9ee90dfb56),pcre2/jit,10.47 2025-10-21,,,118041,4.57s,16.58us,140.00ns,17.47us,8.88us,15.83us,866.03us
curated/07-unicode-character-data/compile,compile,0.1.0 (rev 9ee90dfb56),re2,2025-11-05,,,104848,4.57s,18.25us,268.00ns,19.01us,5.61us,17.13us,711.82us
curated/07-unicode-character-data/compile,compile,0.1.0 (rev 9ee90dfb56),rust/regex,1.12.4,,,69625,4.57s,32.99us,566.00ns,34.36us,7.48us,30.51us,776.62us
curated/08-words/all-english,count-spans,0.1.0 (rev 9ee90dfb56),java/hotspot,26.0.2+10-55,,76401,2291,4.66s,1.29ms,18.21us,1.31ms,67.14us,1.21ms,2.31ms
curated/08-words/all-english,count-spans,0.1.0 (rev 9ee90dfb56),safere/string,0.12.0-SNAPSHOT (OpenJDK 64-Bit Server VM 26.0.2+10-55; scanner=swar),,76401,1996,5.27s,1.48ms,20.48us,1.50ms,138.82us,1.36ms,3.67ms
curated/08-words/all-english,count-spans,0.1.0 (rev 9ee90dfb56),safere/utf8,0.12.0-SNAPSHOT (OpenJDK 64-Bit Server VM 26.0.2+10-55; scanner=swar),,76401,1945,5.27s,1.51ms,16.38us,1.54ms,140.16us,1.43ms,3.09ms
curated/08-words/all-english,count-spans,0.1.0 (rev 9ee90dfb56),safere/utf8-vector,0.12.0-SNAPSHOT (OpenJDK 64-Bit Server VM 26.0.2+10-55; scanner=vector),,76401,1880,5.27s,1.56ms,18.43us,1.59ms,150.42us,1.48ms,3.68ms
curated/08-words/all-english,count-spans,0.1.0 (rev 9ee90dfb56),pcre2/jit,10.47 2025-10-21,,76401,5980,4.51s,495.40us,8.61us,501.55us,41.19us,468.62us,1.85ms
curated/08-words/all-english,count-spans,0.1.0 (rev 9ee90dfb56),re2,2025-11-05,,76401,2144,4.51s,1.39ms,17.88us,1.40ms,68.12us,1.31ms,2.83ms
curated/08-words/all-english,count-spans,0.1.0 (rev 9ee90dfb56),re2j,1.8 (OpenJDK 64-Bit Server VM 26.0.2+10-55),,76401,839,5.06s,3.52ms,61.44us,3.57ms,205.87us,3.39ms,5.32ms
curated/08-words/all-english,count-spans,0.1.0 (rev 9ee90dfb56),rust/regex,1.12.4,,76401,3817,4.51s,769.86us,10.35us,786.02us,57.13us,739.33us,2.32ms
curated/08-words/all-russian,count-spans,0.1.0 (rev 9ee90dfb56),java/hotspot,26.0.2+10-55,,123942,2675,4.66s,1.11ms,12.86us,1.12ms,57.89us,1.06ms,1.99ms
curated/08-words/all-russian,count-spans,0.1.0 (rev 9ee90dfb56),safere/string,0.12.0-SNAPSHOT (OpenJDK 64-Bit Server VM 26.0.2+10-55; scanner=swar),,123942,1973,5.32s,1.49ms,22.53us,1.52ms,147.15us,1.42ms,3.25ms
curated/08-words/all-russian,count-spans,0.1.0 (rev 9ee90dfb56),safere/utf8,0.12.0-SNAPSHOT (OpenJDK 64-Bit Server VM 26.0.2+10-55; scanner=swar),,123942,1406,5.32s,2.08ms,34.82us,2.13ms,177.66us,2.00ms,3.87ms
curated/08-words/all-russian,count-spans,0.1.0 (rev 9ee90dfb56),safere/utf8-vector,0.12.0-SNAPSHOT (OpenJDK 64-Bit Server VM 26.0.2+10-55; scanner=vector),,123942,1411,5.32s,2.09ms,22.53us,2.13ms,163.59us,1.99ms,4.20ms
curated/08-words/all-russian,count-spans,0.1.0 (rev 9ee90dfb56),pcre2/jit,10.47 2025-10-21,,123942,4774,4.51s,615.35us,8.96us,628.31us,48.45us,583.99us,1.46ms
curated/08-words/all-russian,count-spans,0.1.0 (rev 9ee90dfb56),rust/regex,1.12.4,,123942,437,4.51s,6.85ms,65.08us,6.87ms,151.62us,6.61ms,7.78ms
curated/08-words/long-english,count-spans,0.1.0 (rev 9ee90dfb56),java/hotspot,26.0.2+10-55,,76401,2258,4.66s,1.31ms,23.26us,1.33ms,83.83us,1.24ms,2.85ms
curated/08-words/long-english,count-spans,0.1.0 (rev 9ee90dfb56),safere/string,0.12.0-SNAPSHOT (OpenJDK 64-Bit Server VM 26.0.2+10-55; scanner=swar),,76401,16952,5.27s,174.08us,4.10us,176.58us,30.66us,155.14us,1.95ms
curated/08-words/long-english,count-spans,0.1.0 (rev 9ee90dfb56),safere/utf8,0.12.0-SNAPSHOT (OpenJDK 64-Bit Server VM 26.0.2+10-55; scanner=swar),,76401,17721,5.27s,163.07us,3.58us,168.94us,32.43us,155.65us,2.11ms
curated/08-words/long-english,count-spans,0.1.0 (rev 9ee90dfb56),safere/utf8-vector,0.12.0-SNAPSHOT (OpenJDK 64-Bit Server VM 26.0.2+10-55; scanner=vector),,76401,17894,5.27s,162.82us,2.56us,167.28us,29.36us,155.65us,1.91ms
curated/08-words/long-english,count-spans,0.1.0 (rev 9ee90dfb56),pcre2/jit,10.47 2025-10-21,,76401,8071,4.51s,365.93us,3.82us,371.63us,30.62us,356.12us,1.79ms
curated/08-words/long-english,count-spans,0.1.0 (rev 9ee90dfb56),re2,2025-11-05,,76401,34338,4.56s,85.48us,121.00ns,87.30us,13.64us,84.84us,1.53ms
curated/08-words/long-english,count-spans,0.1.0 (rev 9ee90dfb56),re2j,1.8 (OpenJDK 64-Bit Server VM 26.0.2+10-55),,76401,1321,5.06s,2.25ms,28.67us,2.27ms,107.50us,2.14ms,4.35ms
curated/08-words/long-english,count-spans,0.1.0 (rev 9ee90dfb56),rust/regex,1.12.4,,76401,30242,4.56s,96.17us,908.00ns,99.12us,15.14us,95.22us,1.04ms
curated/08-words/long-russian,count-spans,0.1.0 (rev 9ee90dfb56),java/hotspot,26.0.2+10-55,,123942,2028,4.66s,1.46ms,22.57us,1.48ms,66.80us,1.40ms,2.31ms
curated/08-words/long-russian,count-spans,0.1.0 (rev 9ee90dfb56),safere/string,0.12.0-SNAPSHOT (OpenJDK 64-Bit Server VM 26.0.2+10-55; scanner=swar),,123942,6581,5.42s,440.32us,11.26us,455.24us,51.19us,420.86us,1.76ms
curated/08-words/long-russian,count-spans,0.1.0 (rev 9ee90dfb56),safere/utf8,0.12.0-SNAPSHOT (OpenJDK 64-Bit Server VM 26.0.2+10-55; scanner=swar),,123942,5462,5.42s,539.65us,6.14us,548.40us,50.94us,517.12us,1.80ms
curated/08-words/long-russian,count-spans,0.1.0 (rev 9ee90dfb56),safere/utf8-vector,0.12.0-SNAPSHOT (OpenJDK 64-Bit Server VM 26.0.2+10-55; scanner=vector),,123942,5561,5.47s,529.41us,6.14us,538.64us,50.18us,509.95us,1.83ms
curated/08-words/long-russian,count-spans,0.1.0 (rev 9ee90dfb56),pcre2/jit,10.47 2025-10-21,,123942,4420,4.51s,668.45us,11.37us,678.66us,47.20us,621.33us,1.45ms
curated/08-words/long-russian,count-spans,0.1.0 (rev 9ee90dfb56),rust/regex,1.12.4,,123942,736,4.51s,4.03ms,80.98us,4.08ms,164.55us,3.87ms,5.17ms
curated/09-aws-keys/full,grep-captures,0.1.0 (rev 9ee90dfb56),java/hotspot,26.0.2+10-55,,32514634,3,6.62s,1.12s,1.89ms,1.14s,22.97ms,1.12s,1.17s
curated/09-aws-keys/full,grep-captures,0.1.0 (rev 9ee90dfb56),safere/string,0.12.0-SNAPSHOT (OpenJDK 64-Bit Server VM 26.0.2+10-55; scanner=swar),,32514634,53,6.37s,56.43ms,0.98ms,56.91ms,1.91ms,54.92ms,65.21ms
curated/09-aws-keys/full,grep-captures,0.1.0 (rev 9ee90dfb56),safere/utf8,0.12.0-SNAPSHOT (OpenJDK 64-Bit Server VM 26.0.2+10-55; scanner=swar),,32514634,53,6.02s,56.56ms,1.44ms,56.60ms,2.30ms,54.07ms,65.54ms
curated/09-aws-keys/full,grep-captures,0.1.0 (rev 9ee90dfb56),safere/utf8-vector,0.12.0-SNAPSHOT (OpenJDK 64-Bit Server VM 26.0.2+10-55; scanner=vector),,32514634,55,6.07s,55.90ms,917.50us,55.46ms,1.14ms,53.74ms,58.26ms
curated/09-aws-keys/full,grep-captures,0.1.0 (rev 9ee90dfb56),pcre2/jit,10.47 2025-10-21,,32514634,89,4.61s,33.65ms,267.04us,33.92ms,700.81us,33.28ms,36.23ms
curated/09-aws-keys/full,grep-captures,0.1.0 (rev 9ee90dfb56),re2,2025-11-05,,32514634,42,4.66s,71.57ms,358.52us,71.60ms,595.27us,70.77ms,73.12ms
curated/09-aws-keys/full,grep-captures,0.1.0 (rev 9ee90dfb56),re2j,1.8 (OpenJDK 64-Bit Server VM 26.0.2+10-55),timeout: exceeded 10s,,0,0.00ns,0.00ns,0.00ns,0.00ns,0.00ns,0.00ns,0.00ns
curated/09-aws-keys/full,grep-captures,0.1.0 (rev 9ee90dfb56),rust/regex,1.12.4,,32514634,147,4.61s,20.23ms,134.16us,20.42ms,506.28us,19.84ms,22.70ms
curated/09-aws-keys/quick,grep,0.1.0 (rev 9ee90dfb56),java/hotspot,26.0.2+10-55,,32514634,8,5.52s,362.46ms,4.93ms,377.85ms,31.37ms,355.77ms,456.44ms
curated/09-aws-keys/quick,grep,0.1.0 (rev 9ee90dfb56),safere/string,0.12.0-SNAPSHOT (OpenJDK 64-Bit Server VM 26.0.2+10-55; scanner=swar),,32514634,55,5.87s,55.51ms,917.50us,55.25ms,1.29ms,53.48ms,59.24ms
curated/09-aws-keys/quick,grep,0.1.0 (rev 9ee90dfb56),safere/utf8,0.12.0-SNAPSHOT (OpenJDK 64-Bit Server VM 26.0.2+10-55; scanner=swar),,32514634,76,5.72s,39.32ms,327.68us,39.66ms,927.20us,38.60ms,43.06ms
curated/09-aws-keys/quick,grep,0.1.0 (rev 9ee90dfb56),safere/utf8-vector,0.12.0-SNAPSHOT (OpenJDK 64-Bit Server VM 26.0.2+10-55; scanner=vector),,32514634,74,5.82s,40.63ms,262.14us,41.05ms,0.97ms,40.04ms,44.50ms
curated/09-aws-keys/quick,grep,0.1.0 (rev 9ee90dfb56),pcre2/jit,10.47 2025-10-21,,32514634,79,4.61s,37.43ms,353.27us,38.25ms,1.55ms,36.86ms,42.89ms
curated/09-aws-keys/quick,grep,0.1.0 (rev 9ee90dfb56),re2,2025-11-05,,32514634,74,4.61s,40.23ms,584.37us,40.70ms,1.29ms,39.40ms,45.69ms
curated/09-aws-keys/quick,grep,0.1.0 (rev 9ee90dfb56),re2j,1.8 (OpenJDK 64-Bit Server VM 26.0.2+10-55),,32514634,46,5.87s,65.08ms,1.34ms,65.19ms,3.27ms,62.26ms,84.15ms
curated/09-aws-keys/quick,grep,0.1.0 (rev 9ee90dfb56),rust/regex,1.12.4,,32514634,149,4.62s,20.17ms,104.18us,20.25ms,264.14us,19.93ms,21.71ms
curated/09-aws-keys/compile-full,compile,0.1.0 (rev 9ee90dfb56),pcre2/jit,10.47 2025-10-21,,,77038,4.57s,28.71us,205.00ns,30.12us,9.96us,27.35us,901.23us
curated/09-aws-keys/compile-full,compile,0.1.0 (rev 9ee90dfb56),re2,2025-11-05,,,12133,4.51s,89.98us,3.05us,92.36us,12.69us,79.89us,799.86us
curated/09-aws-keys/compile-full,compile,0.1.0 (rev 9ee90dfb56),rust/regex,1.12.4,,,21602,4.51s,105.77us,3.38us,108.50us,15.81us,96.88us,887.45us
curated/09-aws-keys/compile-quick,compile,0.1.0 (rev 9ee90dfb56),pcre2/jit,10.47 2025-10-21,,,183203,4.62s,8.21us,82.00ns,8.67us,6.33us,7.63us,841.53us
curated/09-aws-keys/compile-quick,compile,0.1.0 (rev 9ee90dfb56),re2,2025-11-05,,,88647,4.57s,11.22us,254.00ns,11.76us,5.27us,10.31us,711.13us
curated/09-aws-keys/compile-quick,compile,0.1.0 (rev 9ee90dfb56),rust/regex,1.12.4,,,113443,4.57s,18.18us,345.00ns,19.11us,5.59us,16.81us,743.97us
curated/10-bounded-repeat/letters-en,count,0.1.0 (rev 9ee90dfb56),java/hotspot,26.0.2+10-55,,151522,1124,4.66s,2.66ms,35.90us,2.67ms,103.25us,2.47ms,4.14ms
curated/10-bounded-repeat/letters-en,count,0.1.0 (rev 9ee90dfb56),safere/string,0.12.0-SNAPSHOT (OpenJDK 64-Bit Server VM 26.0.2+10-55; scanner=swar),,151522,8117,5.36s,360.45us,8.70us,368.98us,68.11us,332.80us,2.23ms
curated/10-bounded-repeat/letters-en,count,0.1.0 (rev 9ee90dfb56),safere/utf8,0.12.0-SNAPSHOT (OpenJDK 64-Bit Server VM 26.0.2+10-55; scanner=swar),,151522,7313,5.37s,399.87us,18.94us,409.58us,75.39us,353.28us,2.60ms
curated/10-bounded-repeat/letters-en,count,0.1.0 (rev 9ee90dfb56),safere/utf8-vector,0.12.0-SNAPSHOT (OpenJDK 64-Bit Server VM 26.0.2+10-55; scanner=vector),,151522,7428,5.37s,397.82us,20.48us,403.30us,74.36us,340.99us,2.58ms
curated/10-bounded-repeat/letters-en,count,0.1.0 (rev 9ee90dfb56),pcre2/jit,10.47 2025-10-21,,151522,5125,4.51s,576.84us,6.50us,585.27us,46.34us,555.50us,2.08ms
curated/10-bounded-repeat/letters-en,count,0.1.0 (rev 9ee90dfb56),re2,2025-11-05,,151522,8264,4.51s,357.03us,6.01us,362.95us,32.06us,329.68us,1.18ms
curated/10-bounded-repeat/letters-en,count,0.1.0 (rev 9ee90dfb56),re2j,1.8 (OpenJDK 64-Bit Server VM 26.0.2+10-55),,151522,456,5.11s,6.53ms,90.11us,6.59ms,270.69us,6.33ms,9.57ms
curated/10-bounded-repeat/letters-en,count,0.1.0 (rev 9ee90dfb56),rust/regex,1.12.4,,151522,12383,4.51s,234.89us,4.49us,242.16us,28.85us,227.00us,1.02ms
curated/10-bounded-repeat/letters-ru,count,0.1.0 (rev 9ee90dfb56),java/hotspot,26.0.2+10-55,,248919,1370,4.66s,2.17ms,30.58us,2.19ms,85.32us,2.08ms,3.13ms
curated/10-bounded-repeat/letters-ru,count,0.1.0 (rev 9ee90dfb56),safere/string,0.12.0-SNAPSHOT (OpenJDK 64-Bit Server VM 26.0.2+10-55; scanner=swar),,248919,2632,5.67s,1.10ms,22.53us,1.14ms,136.00us,1.05ms,2.63ms
curated/10-bounded-repeat/letters-ru,count,0.1.0 (rev 9ee90dfb56),safere/utf8,0.12.0-SNAPSHOT (OpenJDK 64-Bit Server VM 26.0.2+10-55; scanner=swar),,248919,2233,5.62s,1.30ms,34.82us,1.34ms,168.59us,1.20ms,3.03ms
curated/10-bounded-repeat/letters-ru,count,0.1.0 (rev 9ee90dfb56),safere/utf8-vector,0.12.0-SNAPSHOT (OpenJDK 64-Bit Server VM 26.0.2+10-55; scanner=vector),,248919,2275,5.62s,1.28ms,28.67us,1.32ms,149.19us,1.21ms,3.01ms
curated/10-bounded-repeat/letters-ru,count,0.1.0 (rev 9ee90dfb56),pcre2/jit,10.47 2025-10-21,,248919,2953,4.51s,1.00ms,8.83us,1.02ms,58.74us,936.37us,2.16ms
curated/10-bounded-repeat/letters-ru,count,0.1.0 (rev 9ee90dfb56),re2,2025-11-05,,248919,48,4.56s,55.99ms,7.99ms,62.58ms,12.19ms,47.95ms,80.06ms
curated/10-bounded-repeat/letters-ru,count,0.1.0 (rev 9ee90dfb56),re2j,1.8 (OpenJDK 64-Bit Server VM 26.0.2+10-55),,248919,291,5.12s,10.19ms,114.69us,10.30ms,368.48us,9.86ms,12.66ms
curated/10-bounded-repeat/letters-ru,count,0.1.0 (rev 9ee90dfb56),rust/regex,1.12.4,,248919,7160,4.51s,405.29us,3.13us,418.90us,43.61us,400.12us,1.76ms
curated/10-bounded-repeat/context,count,0.1.0 (rev 9ee90dfb56),java/hotspot,26.0.2+10-55,,7384531,21,4.81s,142.53ms,596.18us,143.18ms,2.08ms,140.96ms,151.36ms
curated/10-bounded-repeat/context,count,0.1.0 (rev 9ee90dfb56),safere/string,0.12.0-SNAPSHOT (OpenJDK 64-Bit Server VM 26.0.2+10-55; scanner=swar),,7384531,17,6.82s,176.42ms,2.88ms,176.50ms,3.02ms,171.44ms,182.71ms
curated/10-bounded-repeat/context,count,0.1.0 (rev 9ee90dfb56),safere/utf8,0.12.0-SNAPSHOT (OpenJDK 64-Bit Server VM 26.0.2+10-55; scanner=swar),,7384531,17,6.47s,179.04ms,1.31ms,179.80ms,3.01ms,175.37ms,189.01ms
curated/10-bounded-repeat/context,count,0.1.0 (rev 9ee90dfb56),safere/utf8-vector,0.12.0-SNAPSHOT (OpenJDK 64-Bit Server VM 26.0.2+10-55; scanner=vector),,7384531,17,6.52s,178.00ms,2.36ms,178.10ms,2.95ms,173.54ms,183.76ms
curated/10-bounded-repeat/context,count,0.1.0 (rev 9ee90dfb56),pcre2/jit,10.47 2025-10-21,,7384531,127,4.56s,23.51ms,432.04us,23.77ms,836.03us,22.56ms,26.01ms
curated/10-bounded-repeat/context,count,0.1.0 (rev 9ee90dfb56),re2,2025-11-05,,7384531,23,4.71s,132.06ms,5.46ms,134.23ms,9.59ms,124.99ms,160.94ms
curated/10-bounded-repeat/context,count,0.1.0 (rev 9ee90dfb56),re2j,1.8 (OpenJDK 64-Bit Server VM 26.0.2+10-55),,7384531,9,6.27s,342.88ms,1.05ms,344.05ms,2.42ms,341.31ms,348.13ms
curated/10-bounded-repeat/context,count,0.1.0 (rev 9ee90dfb56),rust/regex,1.12.4,,7384531,36,4.61s,85.22ms,494.47us,85.18ms,722.66us,83.79ms,86.69ms
curated/10-bounded-repeat/capitals,count,0.1.0 (rev 9ee90dfb56),java/hotspot,26.0.2+10-55,,7384531,42,4.86s,72.84ms,360.22us,73.10ms,947.19us,71.83ms,77.53ms
curated/10-bounded-repeat/capitals,count,0.1.0 (rev 9ee90dfb56),safere/string,0.12.0-SNAPSHOT (OpenJDK 64-Bit Server VM 26.0.2+10-55; scanner=swar),,7384531,104,5.67s,28.90ms,163.84us,29.00ms,488.40us,28.41ms,32.64ms
curated/10-bounded-repeat/capitals,count,0.1.0 (rev 9ee90dfb56),safere/utf8,0.12.0-SNAPSHOT (OpenJDK 64-Bit Server VM 26.0.2+10-55; scanner=swar),,7384531,103,5.57s,29.26ms,163.84us,29.35ms,546.36us,28.67ms,34.08ms
curated/10-bounded-repeat/capitals,count,0.1.0 (rev 9ee90dfb56),safere/utf8-vector,0.12.0-SNAPSHOT (OpenJDK 64-Bit Server VM 26.0.2+10-55; scanner=vector),,7384531,143,5.62s,20.87ms,294.91us,21.03ms,564.41us,20.28ms,24.22ms
curated/10-bounded-repeat/capitals,count,0.1.0 (rev 9ee90dfb56),pcre2/jit,10.47 2025-10-21,,7384531,576,4.56s,5.18ms,55.66us,5.21ms,150.22us,4.98ms,6.28ms
curated/10-bounded-repeat/capitals,count,0.1.0 (rev 9ee90dfb56),re2,2025-11-05,,7384531,387,4.56s,7.71ms,61.11us,7.76ms,195.28us,7.51ms,9.85ms
curated/10-bounded-repeat/capitals,count,0.1.0 (rev 9ee90dfb56),re2j,1.8 (OpenJDK 64-Bit Server VM 26.0.2+10-55),,7384531,14,6.07s,227.54ms,786.43us,228.05ms,1.80ms,226.75ms,234.09ms
curated/10-bounded-repeat/capitals,count,0.1.0 (rev 9ee90dfb56),rust/regex,1.12.4,,7384531,325,4.56s,9.20ms,104.84us,9.24ms,196.29us,8.95ms,10.77ms
curated/10-bounded-repeat/compile-context,compile,0.1.0 (rev 9ee90dfb56),pcre2/jit,10.47 2025-10-21,,,329359,4.67s,6.31us,48.00ns,6.72us,8.69us,6.07us,1.13ms
curated/10-bounded-repeat/compile-context,compile,0.1.0 (rev 9ee90dfb56),re2,2025-11-05,,,7649,4.51s,113.16us,2.66us,116.67us,20.99us,104.36us,1.49ms
curated/10-bounded-repeat/compile-context,compile,0.1.0 (rev 9ee90dfb56),rust/regex,1.12.4,,,31893,4.56s,69.42us,1.37us,73.00us,15.18us,65.68us,845.52us
curated/10-bounded-repeat/compile-capitals,compile,0.1.0 (rev 9ee90dfb56),pcre2/jit,10.47 2025-10-21,,,58171,4.57s,41.58us,204.00ns,43.33us,12.73us,39.97us,0.98ms
curated/10-bounded-repeat/compile-capitals,compile,0.1.0 (rev 9ee90dfb56),re2,2025-11-05,,,4518,4.51s,154.78us,3.90us,158.82us,35.65us,141.18us,2.06ms
curated/10-bounded-repeat/compile-capitals,compile,0.1.0 (rev 9ee90dfb56),rust/regex,1.12.4,,,32369,4.57s,69.99us,891.00ns,72.80us,17.39us,66.34us,1.37ms
curated/11-unstructured-to-json/extract,grep-captures,0.1.0 (rev 9ee90dfb56),java/hotspot,26.0.2+10-55,,23952,19130,4.72s,151.09us,1.80us,156.44us,45.37us,146.11us,1.98ms
curated/11-unstructured-to-json/extract,grep-captures,0.1.0 (rev 9ee90dfb56),safere/string,0.12.0-SNAPSHOT (OpenJDK 64-Bit Server VM 26.0.2+10-55; scanner=swar),,23952,7067,5.27s,411.14us,11.78us,423.94us,82.39us,386.05us,2.21ms
curated/11-unstructured-to-json/extract,grep-captures,0.1.0 (rev 9ee90dfb56),safere/utf8,0.12.0-SNAPSHOT (OpenJDK 64-Bit Server VM 26.0.2+10-55; scanner=swar),,23952,7010,5.27s,416.77us,10.75us,427.37us,69.83us,400.38us,2.06ms
curated/11-unstructured-to-json/extract,grep-captures,0.1.0 (rev 9ee90dfb56),safere/utf8-vector,0.12.0-SNAPSHOT (OpenJDK 64-Bit Server VM 26.0.2+10-55; scanner=vector),,23952,6667,5.27s,432.64us,7.17us,449.36us,96.16us,413.70us,2.65ms
curated/11-unstructured-to-json/extract,grep-captures,0.1.0 (rev 9ee90dfb56),pcre2/jit,10.47 2025-10-21,,23952,147130,4.57s,19.67us,272.00ns,20.34us,7.09us,17.48us,1.44ms
curated/11-unstructured-to-json/extract,grep-captures,0.1.0 (rev 9ee90dfb56),re2,2025-11-05,,23952,11964,4.51s,246.39us,4.71us,250.66us,25.83us,230.20us,1.69ms
curated/11-unstructured-to-json/extract,grep-captures,0.1.0 (rev 9ee90dfb56),re2j,1.8 (OpenJDK 64-Bit Server VM 26.0.2+10-55),,23952,955,5.06s,3.10ms,32.77us,3.14ms,169.47us,2.97ms,5.57ms
curated/11-unstructured-to-json/extract,grep-captures,0.1.0 (rev 9ee90dfb56),rust/regex,1.12.4,,23952,12248,4.51s,239.74us,1.51us,244.85us,21.59us,235.99us,1.00ms
curated/11-unstructured-to-json/compile,compile,0.1.0 (rev 9ee90dfb56),pcre2/jit,10.47 2025-10-21,,,147658,4.62s,11.15us,116.00ns,11.91us,8.36us,10.63us,756.16us
curated/11-unstructured-to-json/compile,compile,0.1.0 (rev 9ee90dfb56),re2,2025-11-05,,,131923,4.57s,11.48us,211.00ns,11.99us,3.07us,10.68us,707.70us
curated/11-unstructured-to-json/compile,compile,0.1.0 (rev 9ee90dfb56),rust/regex,1.12.4,,,86110,4.57s,23.58us,354.00ns,24.45us,6.74us,21.92us,770.31us
curated/12-dictionary/single,count,0.1.0 (rev 9ee90dfb56),java/hotspot,26.0.2+10-55,,61436,4,5.72s,824.48ms,2.62ms,817.14ms,15.30ms,790.84ms,828.78ms
curated/12-dictionary/single,count,0.1.0 (rev 9ee90dfb56),safere/string,0.12.0-SNAPSHOT (OpenJDK 64-Bit Server VM 26.0.2+10-55; scanner=swar),,61436,35068,6.32s,82.69us,128.00ns,85.38us,18.83us,80.77us,2.25ms
curated/12-dictionary/single,count,0.1.0 (rev 9ee90dfb56),safere/utf8,0.12.0-SNAPSHOT (OpenJDK 64-Bit Server VM 26.0.2+10-55; scanner=swar),,61436,34856,6.22s,82.94us,128.00ns,85.90us,53.76us,82.56us,9.85ms
curated/12-dictionary/single,count,0.1.0 (rev 9ee90dfb56),safere/utf8-vector,0.12.0-SNAPSHOT (OpenJDK 64-Bit Server VM 26.0.2+10-55; scanner=vector),,61436,35251,6.22s,81.28us,384.00ns,84.94us,13.88us,80.51us,1.01ms
curated/12-dictionary/single,count,0.1.0 (rev 9ee90dfb56),re2,2025-11-05,,61436,231,4.56s,12.94ms,183.02us,13.02ms,391.55us,12.60ms,16.19ms
curated/12-dictionary/single,count,0.1.0 (rev 9ee90dfb56),re2j,1.8 (OpenJDK 64-Bit Server VM 26.0.2+10-55),,61436,13,5.87s,231.47ms,524.29us,232.24ms,2.89ms,230.42ms,241.96ms
curated/12-dictionary/single,count,0.1.0 (rev 9ee90dfb56),rust/regex,1.12.4,,61436,34303,4.56s,84.94us,76.00ns,87.41us,16.41us,84.64us,1.33ms
curated/12-dictionary/multi,count,0.1.0 (rev 9ee90dfb56),rust/regex,1.12.4,,61436,7960,4.56s,369.66us,7.74us,376.86us,52.53us,350.57us,3.39ms
curated/12-dictionary/compile-single,compile,0.1.0 (rev 9ee90dfb56),re2,2025-11-05,,,325,4.56s,5.43ms,104.00us,5.49ms,287.85us,5.17ms,8.14ms
curated/12-dictionary/compile-single,compile,0.1.0 (rev 9ee90dfb56),rust/regex,1.12.4,,,311,4.56s,9.45ms,344.62us,9.53ms,590.82us,8.77ms,14.41ms
curated/12-dictionary/compile-multi,compile,0.1.0 (rev 9ee90dfb56),rust/regex,1.12.4,,,181,4.56s,15.40ms,245.13us,15.49ms,711.03us,14.60ms,21.74ms
curated/13-noseyparker/single,count,0.1.0 (rev 9ee90dfb56),pcre2/jit,10.47 2025-10-21,,32514634,1,7.07s,3.51s,0.00ns,3.51s,0.00ns,3.51s,3.51s
curated/13-noseyparker/single,count,0.1.0 (rev 9ee90dfb56),rust/regex,1.12.4,,32514634,10,5.06s,331.00ms,9.43ms,331.05ms,9.52ms,319.77ms,345.68ms
curated/13-noseyparker/multi,count,0.1.0 (rev 9ee90dfb56),rust/regex,1.12.4,,32514634,8,4.87s,397.12ms,1.89ms,391.34ms,8.62ms,379.99ms,400.34ms
curated/13-noseyparker/compile-single,compile,0.1.0 (rev 9ee90dfb56),pcre2/jit,10.47 2025-10-21,,,3160,4.51s,900.84us,16.20us,923.39us,107.46us,846.29us,3.36ms
curated/13-noseyparker/compile-single,compile,0.1.0 (rev 9ee90dfb56),rust/regex,1.12.4,,,1060,4.51s,2.51ms,37.27us,2.54ms,134.97us,2.41ms,4.93ms
curated/13-noseyparker/compile-multi,compile,0.1.0 (rev 9ee90dfb56),rust/regex,1.12.4,,,904,4.52s,2.97ms,31.51us,3.02ms,231.46us,2.90ms,7.01ms
curated/14-quadratic/1x,count,0.1.0 (rev 9ee90dfb56),java/hotspot,26.0.2+10-55,,100,276505,5.43s,10.50us,151.00ns,10.78us,15.40us,9.35us,5.30ms
curated/14-quadratic/1x,count,0.1.0 (rev 9ee90dfb56),safere/string,0.12.0-SNAPSHOT (OpenJDK 64-Bit Server VM 26.0.2+10-55; scanner=swar),,100,71574,5.42s,10.00us,48.00ns,10.67us,16.72us,9.66us,1.84ms
curated/14-quadratic/1x,count,0.1.0 (rev 9ee90dfb56),safere/utf8,0.12.0-SNAPSHOT (OpenJDK 64-Bit Server VM 26.0.2+10-55; scanner=swar),,100,53332,5.37s,13.42us,1.66us,14.34us,43.24us,11.38us,8.83ms
curated/14-quadratic/1x,count,0.1.0 (rev 9ee90dfb56),safere/utf8-vector,0.12.0-SNAPSHOT (OpenJDK 64-Bit Server VM 26.0.2+10-55; scanner=vector),,100,61961,5.42s,11.57us,48.00ns,12.48us,43.31us,11.15us,9.60ms
curated/14-quadratic/1x,count,0.1.0 (rev 9ee90dfb56),pcre2/jit,10.47 2025-10-21,,100,445664,4.73s,6.50us,55.00ns,6.69us,4.20us,6.24us,745.22us
curated/14-quadratic/1x,count,0.1.0 (rev 9ee90dfb56),re2,2025-11-05,,100,240748,4.62s,11.84us,81.00ns,12.41us,5.20us,11.19us,822.09us
curated/14-quadratic/1x,count,0.1.0 (rev 9ee90dfb56),re2j,1.8 (OpenJDK 64-Bit Server VM 26.0.2+10-55),,100,17152,5.11s,169.22us,3.58us,174.56us,34.33us,158.21us,1.78ms
curated/14-quadratic/1x,count,0.1.0 (rev 9ee90dfb56),rust/regex,1.12.4,,100,442295,4.73s,6.60us,15.00ns,6.74us,2.84us,6.55us,751.38us
curated/14-quadratic/2x,count,0.1.0 (rev 9ee90dfb56),java/hotspot,26.0.2+10-55,,200,76120,4.87s,38.30us,264.00ns,39.26us,15.22us,36.79us,1.86ms
curated/14-quadratic/2x,count,0.1.0 (rev 9ee90dfb56),safere/string,0.12.0-SNAPSHOT (OpenJDK 64-Bit Server VM 26.0.2+10-55; scanner=swar),,200,45317,5.32s,31.94us,96.00ns,33.26us,26.33us,31.68us,2.05ms
curated/14-quadratic/2x,count,0.1.0 (rev 9ee90dfb56),safere/utf8,0.12.0-SNAPSHOT (OpenJDK 64-Bit Server VM 26.0.2+10-55; scanner=swar),,200,32737,5.27s,44.22us,192.00ns,46.03us,31.66us,42.43us,2.05ms
curated/14-quadratic/2x,count,0.1.0 (rev 9ee90dfb56),safere/utf8-vector,0.12.0-SNAPSHOT (OpenJDK 64-Bit Server VM 26.0.2+10-55; scanner=vector),,200,32852,5.32s,44.03us,256.00ns,45.89us,32.70us,42.24us,2.22ms
curated/14-quadratic/2x,count,0.1.0 (rev 9ee90dfb56),pcre2/jit,10.47 2025-10-21,,200,143766,4.62s,20.33us,59.00ns,20.82us,5.29us,20.10us,748.73us
curated/14-quadratic/2x,count,0.1.0 (rev 9ee90dfb56),re2,2025-11-05,,200,84111,4.57s,34.69us,84.00ns,35.61us,7.56us,34.23us,755.76us
curated/14-quadratic/2x,count,0.1.0 (rev 9ee90dfb56),re2j,1.8 (OpenJDK 64-Bit Server VM 26.0.2+10-55),,200,4454,5.12s,663.55us,14.34us,672.77us,61.07us,619.52us,2.04ms
curated/14-quadratic/2x,count,0.1.0 (rev 9ee90dfb56),rust/regex,1.12.4,,200,119760,4.57s,24.50us,13.00ns,25.00us,5.62us,24.43us,718.85us
curated/14-quadratic/10x,count,0.1.0 (rev 9ee90dfb56),java/hotspot,26.0.2+10-55,,1000,3288,4.67s,898.49us,5.93us,911.57us,46.95us,891.29us,1.63ms
curated/14-quadratic/10x,count,0.1.0 (rev 9ee90dfb56),safere/string,0.12.0-SNAPSHOT (OpenJDK 64-Bit Server VM 26.0.2+10-55; scanner=swar),,1000,4447,5.21s,657.41us,5.12us,673.74us,100.86us,637.95us,3.06ms
curated/14-quadratic/10x,count,0.1.0 (rev 9ee90dfb56),safere/utf8,0.12.0-SNAPSHOT (OpenJDK 64-Bit Server VM 26.0.2+10-55; scanner=swar),,1000,3260,5.21s,897.02us,6.14us,919.31us,118.52us,864.26us,3.71ms
curated/14-quadratic/10x,count,0.1.0 (rev 9ee90dfb56),safere/utf8-vector,0.12.0-SNAPSHOT (OpenJDK 64-Bit Server VM 26.0.2+10-55; scanner=vector),,1000,3283,5.21s,894.98us,5.12us,913.03us,95.36us,879.62us,2.77ms
curated/14-quadratic/10x,count,0.1.0 (rev 9ee90dfb56),pcre2/jit,10.47 2025-10-21,,1000,7512,4.51s,392.64us,3.64us,399.29us,32.39us,387.96us,1.22ms
curated/14-quadratic/10x,count,0.1.0 (rev 9ee90dfb56),re2,2025-11-05,,1000,5038,4.51s,585.19us,3.84us,595.35us,77.99us,567.78us,3.54ms
curated/14-quadratic/10x,count,0.1.0 (rev 9ee90dfb56),re2j,1.8 (OpenJDK 64-Bit Server VM 26.0.2+10-55),,1000,189,5.11s,15.83ms,147.46us,15.93ms,469.66us,15.38ms,19.43ms
curated/14-quadratic/10x,count,0.1.0 (rev 9ee90dfb56),rust/regex,1.12.4,,1000,4825,4.51s,613.59us,5.22us,621.74us,50.96us,596.00us,3.02ms
dictionary/compile/english,compile,0.1.0 (rev 9ee90dfb56),rust/regex,1.12.4,,,11,4.66s,284.14ms,3.28ms,283.68ms,3.89ms,277.80ms,290.35ms
dictionary/compile/english-10,compile,0.1.0 (rev 9ee90dfb56),re2,2025-11-05,,,13,4.66s,222.12ms,2.37ms,223.25ms,4.05ms,216.41ms,231.66ms
dictionary/compile/english-10,compile,0.1.0 (rev 9ee90dfb56),rust/regex,1.12.4,,,29,4.67s,104.52ms,853.10us,104.41ms,1.09ms,102.09ms,106.78ms
dictionary/compile/english-15,compile,0.1.0 (rev 9ee90dfb56),re2,2025-11-05,,,331,4.51s,5.14ms,57.21us,5.20ms,193.18us,4.95ms,6.56ms
dictionary/compile/english-15,compile,0.1.0 (rev 9ee90dfb56),rust/regex,1.12.4,,,314,4.51s,9.23ms,398.56us,9.43ms,742.40us,8.62ms,17.75ms
dictionary/search/english,count-spans,0.1.0 (rev 9ee90dfb56),rust/regex,1.12.4,,61436,4240,4.91s,694.50us,13.70us,707.63us,81.68us,646.11us,3.39ms
dictionary/search/english-tiny,count-spans,0.1.0 (rev 9ee90dfb56),rust/regex,1.12.4,,108,1000000,2.24s,669.00ns,14.00ns,688.00ns,806.00ns,621.00ns,683.17us
dictionary/search/english-10,count-spans,0.1.0 (rev 9ee90dfb56),re2,2025-11-05,,61436,6,5.42s,574.06ms,680.18us,574.78ms,1.79ms,573.08ms,578.44ms
dictionary/search/english-10,count-spans,0.1.0 (rev 9ee90dfb56),re2j,1.8 (OpenJDK 64-Bit Server VM 26.0.2+10-55),timeout: exceeded 10s,,0,0.00ns,0.00ns,0.00ns,0.00ns,0.00ns,0.00ns,0.00ns
dictionary/search/english-10,count-spans,0.1.0 (rev 9ee90dfb56),rust/regex,1.12.4,,61436,7008,4.66s,417.57us,8.07us,428.03us,54.22us,390.92us,3.33ms
dictionary/search/english-10,count-spans,0.1.0 (rev 9ee90dfb56),safere/string,0.12.0-SNAPSHOT (OpenJDK 64-Bit Server VM 26.0.2+10-55; scanner=swar),timeout: exceeded 10s,,0,0.00ns,0.00ns,0.00ns,0.00ns,0.00ns,0.00ns,0.00ns
dictionary/search/english-10,count-spans,0.1.0 (rev 9ee90dfb56),safere/utf8,0.12.0-SNAPSHOT (OpenJDK 64-Bit Server VM 26.0.2+10-55; scanner=swar),timeout: exceeded 10s,,0,0.00ns,0.00ns,0.00ns,0.00ns,0.00ns,0.00ns,0.00ns
dictionary/search/english-10,count-spans,0.1.0 (rev 9ee90dfb56),safere/utf8-vector,0.12.0-SNAPSHOT (OpenJDK 64-Bit Server VM 26.0.2+10-55; scanner=vector),timeout: exceeded 10s,,0,0.00ns,0.00ns,0.00ns,0.00ns,0.00ns,0.00ns,0.00ns
dictionary/search/english-15,count-spans,0.1.0 (rev 9ee90dfb56),re2,2025-11-05,,61436,226,4.56s,13.10ms,230.17us,13.31ms,735.47us,12.64ms,18.79ms
dictionary/search/english-15,count-spans,0.1.0 (rev 9ee90dfb56),re2j,1.8 (OpenJDK 64-Bit Server VM 26.0.2+10-55),,61436,13,5.92s,231.21ms,2.36ms,234.66ms,8.44ms,227.02ms,256.11ms
dictionary/search/english-15,count-spans,0.1.0 (rev 9ee90dfb56),rust/regex,1.12.4,,61436,33961,4.57s,85.03us,129.00ns,88.29us,13.99us,83.09us,825.30us
dictionary/search/english-15,count-spans,0.1.0 (rev 9ee90dfb56),safere/string,0.12.0-SNAPSHOT (OpenJDK 64-Bit Server VM 26.0.2+10-55; scanner=swar),,61436,35128,6.42s,82.82us,256.00ns,85.24us,12.81us,82.18us,874.50us
dictionary/search/english-15,count-spans,0.1.0 (rev 9ee90dfb56),safere/utf8,0.12.0-SNAPSHOT (OpenJDK 64-Bit Server VM 26.0.2+10-55; scanner=swar),,61436,35209,6.17s,82.56us,896.00ns,85.04us,12.62us,80.64us,819.20us
dictionary/search/english-15,count-spans,0.1.0 (rev 9ee90dfb56),safere/utf8-vector,0.12.0-SNAPSHOT (OpenJDK 64-Bit Server VM 26.0.2+10-55; scanner=vector),,61436,34970,6.17s,82.69us,128.00ns,85.62us,11.34us,82.30us,815.10us
folly/awyer-inn-busted,count,0.1.0 (rev 9ee90dfb56),pcre2/jit,10.47 2025-10-21,,80007,137906,4.57s,21.20us,46.00ns,21.70us,5.18us,20.98us,752.05us
folly/awyer-inn-busted,count,0.1.0 (rev 9ee90dfb56),re2,2025-11-05,,80007,35626,4.57s,82.11us,26.00ns,84.14us,15.75us,82.05us,1.47ms
folly/awyer-inn-busted,count,0.1.0 (rev 9ee90dfb56),re2j,1.8 (OpenJDK 64-Bit Server VM 26.0.2+10-55),,80007,1375,5.07s,2.15ms,20.48us,2.18ms,105.07us,2.11ms,3.89ms
folly/awyer-inn-busted,count,0.1.0 (rev 9ee90dfb56),rust/regex,1.12.4,,80007,5719,4.52s,520.18us,5.66us,524.54us,45.57us,487.67us,2.66ms
folly/awyer-inn-busted,count,0.1.0 (rev 9ee90dfb56),safere/string,0.12.0-SNAPSHOT (OpenJDK 64-Bit Server VM 26.0.2+10-55; scanner=swar),,80007,21320,5.32s,136.19us,256.00ns,140.34us,17.58us,135.94us,0.97ms
folly/awyer-inn-busted,count,0.1.0 (rev 9ee90dfb56),safere/utf8,0.12.0-SNAPSHOT (OpenJDK 64-Bit Server VM 26.0.2+10-55; scanner=swar),,80007,22756,5.32s,127.74us,1.66us,131.55us,20.13us,120.45us,1.10ms
folly/awyer-inn-busted,count,0.1.0 (rev 9ee90dfb56),safere/utf8-vector,0.12.0-SNAPSHOT (OpenJDK 64-Bit Server VM 26.0.2+10-55; scanner=vector),,80007,26365,5.42s,110.21us,1.41us,113.56us,20.52us,103.30us,1.20ms
folly/literal-never-match-rare,count,0.1.0 (rev 9ee90dfb56),pcre2/jit,10.47 2025-10-21,,7384531,11695,4.57s,247.48us,4.22us,256.42us,34.61us,242.61us,1.82ms
folly/literal-never-match-rare,count,0.1.0 (rev 9ee90dfb56),re2,2025-11-05,,7384531,30315,4.56s,95.00us,908.00ns,98.87us,14.95us,93.34us,826.81us
folly/literal-never-match-rare,count,0.1.0 (rev 9ee90dfb56),re2j,1.8 (OpenJDK 64-Bit Server VM 26.0.2+10-55),,7384531,2312,5.22s,1.26ms,36.86us,1.30ms,162.03us,1.18ms,6.64ms
folly/literal-never-match-rare,count,0.1.0 (rev 9ee90dfb56),rust/regex,1.12.4,,7384531,14672,4.57s,196.22us,2.22us,204.35us,26.72us,193.31us,0.98ms
folly/literal-never-match-rare,count,0.1.0 (rev 9ee90dfb56),safere/string,0.12.0-SNAPSHOT (OpenJDK 64-Bit Server VM 26.0.2+10-55; scanner=swar),,7384531,2322,5.27s,1.26ms,36.86us,1.29ms,98.37us,1.19ms,2.22ms
folly/literal-never-match-rare,count,0.1.0 (rev 9ee90dfb56),safere/utf8,0.12.0-SNAPSHOT (OpenJDK 64-Bit Server VM 26.0.2+10-55; scanner=swar),,7384531,3599,5.22s,812.03us,10.24us,832.32us,92.83us,797.70us,3.77ms
folly/literal-never-match-rare,count,0.1.0 (rev 9ee90dfb56),safere/utf8-vector,0.12.0-SNAPSHOT (OpenJDK 64-Bit Server VM 26.0.2+10-55; scanner=vector),,7384531,3599,5.27s,808.96us,13.31us,832.46us,93.62us,781.31us,3.15ms
folly/literal-never-match-frequent,count,0.1.0 (rev 9ee90dfb56),pcre2/jit,10.47 2025-10-21,,7384531,11730,4.57s,246.46us,6.83us,255.63us,33.41us,237.71us,1.04ms
folly/literal-never-match-frequent,count,0.1.0 (rev 9ee90dfb56),re2,2025-11-05,,7384531,1419,4.56s,2.07ms,23.08us,2.11ms,178.17us,2.00ms,6.36ms
folly/literal-never-match-frequent,count,0.1.0 (rev 9ee90dfb56),re2j,1.8 (OpenJDK 64-Bit Server VM 26.0.2+10-55),,7384531,931,5.22s,3.17ms,53.25us,3.22ms,166.79us,3.03ms,5.05ms
folly/literal-never-match-frequent,count,0.1.0 (rev 9ee90dfb56),rust/regex,1.12.4,,7384531,14564,4.57s,198.58us,7.92us,205.87us,42.65us,187.81us,3.32ms
folly/literal-never-match-frequent,count,0.1.0 (rev 9ee90dfb56),safere/string,0.12.0-SNAPSHOT (OpenJDK 64-Bit Server VM 26.0.2+10-55; scanner=swar),,7384531,934,5.27s,3.16ms,73.73us,3.21ms,178.23us,2.99ms,4.33ms
folly/literal-never-match-frequent,count,0.1.0 (rev 9ee90dfb56),safere/utf8,0.12.0-SNAPSHOT (OpenJDK 64-Bit Server VM 26.0.2+10-55; scanner=swar),,7384531,1774,5.27s,1.66ms,22.53us,1.69ms,110.29us,1.60ms,3.96ms
folly/literal-never-match-frequent,count,0.1.0 (rev 9ee90dfb56),safere/utf8-vector,0.12.0-SNAPSHOT (OpenJDK 64-Bit Server VM 26.0.2+10-55; scanner=vector),,7384531,1774,5.27s,1.66ms,29.70us,1.69ms,112.85us,1.60ms,4.08ms
folly/literal-never-match-tricksy,count,0.1.0 (rev 9ee90dfb56),pcre2/jit,10.47 2025-10-21,,120012,53388,4.57s,54.83us,293.00ns,56.13us,12.85us,53.50us,795.55us
folly/literal-never-match-tricksy,count,0.1.0 (rev 9ee90dfb56),re2,2025-11-05,,120012,34178,4.56s,85.64us,46.00ns,87.71us,10.86us,80.16us,862.40us
folly/literal-never-match-tricksy,count,0.1.0 (rev 9ee90dfb56),re2j,1.8 (OpenJDK 64-Bit Server VM 26.0.2+10-55),,120012,35286,5.22s,39.30us,256.00ns,42.45us,10.68us,39.04us,795.65us
folly/literal-never-match-tricksy,count,0.1.0 (rev 9ee90dfb56),rust/regex,1.12.4,,120012,172879,4.62s,16.68us,29.00ns,17.30us,4.85us,16.31us,795.83us
folly/literal-never-match-tricksy,count,0.1.0 (rev 9ee90dfb56),safere/string,0.12.0-SNAPSHOT (OpenJDK 64-Bit Server VM 26.0.2+10-55; scanner=swar),,120012,37266,5.32s,38.78us,64.00ns,40.31us,17.73us,37.95us,2.13ms
folly/literal-never-match-tricksy,count,0.1.0 (rev 9ee90dfb56),safere/utf8,0.12.0-SNAPSHOT (OpenJDK 64-Bit Server VM 26.0.2+10-55; scanner=swar),,120012,56223,5.32s,12.91us,64.00ns,13.44us,9.62us,12.53us,1.43ms
folly/literal-never-match-tricksy,count,0.1.0 (rev 9ee90dfb56),safere/utf8-vector,0.12.0-SNAPSHOT (OpenJDK 64-Bit Server VM 26.0.2+10-55; scanner=vector),,120012,56236,5.37s,12.90us,32.00ns,13.42us,9.92us,12.58us,2.00ms
grep/every-line,grep,0.1.0 (rev 9ee90dfb56),safere/string,0.12.0-SNAPSHOT (OpenJDK 64-Bit Server VM 26.0.2+10-55; scanner=swar),,7384531,378,5.32s,7.76ms,90.11us,7.95ms,556.60us,7.53ms,10.91ms
grep/every-line,grep,0.1.0 (rev 9ee90dfb56),safere/utf8,0.12.0-SNAPSHOT (OpenJDK 64-Bit Server VM 26.0.2+10-55; scanner=swar),,7384531,863,5.21s,3.44ms,57.34us,3.48ms,310.57us,3.28ms,11.47ms
grep/every-line,grep,0.1.0 (rev 9ee90dfb56),safere/utf8-vector,0.12.0-SNAPSHOT (OpenJDK 64-Bit Server VM 26.0.2+10-55; scanner=vector),,7384531,855,5.27s,3.47ms,73.73us,3.51ms,220.34us,3.29ms,6.55ms
grep/every-line,grep,0.1.0 (rev 9ee90dfb56),pcre2/jit,10.47 2025-10-21,,7384531,510,4.56s,5.80ms,73.13us,5.88ms,424.57us,5.57ms,12.89ms
grep/every-line,grep,0.1.0 (rev 9ee90dfb56),re2,2025-11-05,,7384531,320,4.56s,9.31ms,75.57us,9.39ms,260.12us,8.99ms,11.19ms
grep/every-line,grep,0.1.0 (rev 9ee90dfb56),re2j,1.8 (OpenJDK 64-Bit Server VM 26.0.2+10-55),,7384531,161,5.37s,18.32ms,196.61us,18.64ms,823.36us,17.73ms,21.76ms
grep/every-line,grep,0.1.0 (rev 9ee90dfb56),rust/regex,1.12.4,,7384531,663,4.56s,4.45ms,61.59us,4.52ms,226.04us,4.34ms,7.04ms
grep/long-words-ascii,grep,0.1.0 (rev 9ee90dfb56),pcre2/jit,10.47 2025-10-21,,7384531,165,4.56s,18.11ms,118.04us,18.27ms,585.71us,17.62ms,22.69ms
grep/long-words-ascii,grep,0.1.0 (rev 9ee90dfb56),re2,2025-11-05,,7384531,180,4.56s,16.65ms,232.34us,16.70ms,424.51us,16.15ms,20.11ms
grep/long-words-ascii,grep,0.1.0 (rev 9ee90dfb56),re2j,1.8 (OpenJDK 64-Bit Server VM 26.0.2+10-55),,7384531,16,5.77s,190.45ms,1.44ms,191.05ms,2.15ms,187.70ms,195.30ms
grep/long-words-ascii,grep,0.1.0 (rev 9ee90dfb56),rust/regex,1.12.4,,7384531,341,4.56s,8.73ms,75.92us,8.81ms,309.59us,8.46ms,12.81ms
grep/long-words-ascii,grep,0.1.0 (rev 9ee90dfb56),safere/string,0.12.0-SNAPSHOT (OpenJDK 64-Bit Server VM 26.0.2+10-55; scanner=swar),,7384531,141,5.52s,20.84ms,229.38us,21.40ms,2.07ms,20.19ms,42.66ms
grep/long-words-ascii,grep,0.1.0 (rev 9ee90dfb56),safere/utf8,0.12.0-SNAPSHOT (OpenJDK 64-Bit Server VM 26.0.2+10-55; scanner=swar),,7384531,182,5.32s,16.45ms,286.72us,16.54ms,583.96us,15.50ms,19.60ms
grep/long-words-ascii,grep,0.1.0 (rev 9ee90dfb56),safere/utf8-vector,0.12.0-SNAPSHOT (OpenJDK 64-Bit Server VM 26.0.2+10-55; scanner=vector),,7384531,183,5.37s,16.32ms,245.76us,16.40ms,549.97us,15.19ms,19.23ms
grep/long-words-unicode,grep,0.1.0 (rev 9ee90dfb56),pcre2/jit,10.47 2025-10-21,,7384531,102,4.61s,29.55ms,126.46us,29.66ms,306.35us,29.23ms,30.65ms
grep/long-words-unicode,grep,0.1.0 (rev 9ee90dfb56),rust/regex,1.12.4,,7384531,325,4.56s,9.17ms,69.62us,9.23ms,210.67us,8.92ms,10.49ms
grep/long-words-unicode,grep,0.1.0 (rev 9ee90dfb56),safere/string,0.12.0-SNAPSHOT (OpenJDK 64-Bit Server VM 26.0.2+10-55; scanner=swar),,7384531,134,5.87s,21.86ms,425.98us,22.41ms,1.30ms,21.07ms,29.29ms
grep/long-words-unicode,grep,0.1.0 (rev 9ee90dfb56),safere/utf8,0.12.0-SNAPSHOT (OpenJDK 64-Bit Server VM 26.0.2+10-55; scanner=swar),,7384531,181,5.62s,16.38ms,212.99us,16.58ms,813.28us,15.58ms,24.38ms
grep/long-words-unicode,grep,0.1.0 (rev 9ee90dfb56),safere/utf8-vector,0.12.0-SNAPSHOT (OpenJDK 64-Bit Server VM 26.0.2+10-55; scanner=vector),,7384531,175,5.72s,17.04ms,229.38us,17.18ms,631.92us,16.33ms,20.09ms
hyperscan/literal-english-nosom,count,0.1.0 (rev 9ee90dfb56),re2j,1.8 (OpenJDK 64-Bit Server VM 26.0.2+10-55),,613357,29699,5.22s,97.41us,128.00ns,100.80us,14.07us,97.15us,833.54us
hyperscan/literal-english-nosom,count,0.1.0 (rev 9ee90dfb56),rust/regex,1.12.4,,613357,182699,4.62s,15.96us,35.00ns,16.36us,4.83us,15.79us,761.36us
hyperscan/literal-english-nosom,count,0.1.0 (rev 9ee90dfb56),safere/string,0.12.0-SNAPSHOT (OpenJDK 64-Bit Server VM 26.0.2+10-55; scanner=swar),,613357,30119,5.27s,96.90us,128.00ns,99.38us,11.94us,94.85us,820.22us
hyperscan/literal-english-nosom,count,0.1.0 (rev 9ee90dfb56),safere/utf8,0.12.0-SNAPSHOT (OpenJDK 64-Bit Server VM 26.0.2+10-55; scanner=swar),,613357,29329,5.27s,99.46us,640.00ns,102.08us,21.52us,96.51us,2.31ms
hyperscan/literal-english-nosom,count,0.1.0 (rev 9ee90dfb56),safere/utf8-vector,0.12.0-SNAPSHOT (OpenJDK 64-Bit Server VM 26.0.2+10-55; scanner=vector),,613357,23730,5.27s,122.50us,256.00ns,126.13us,17.50us,119.55us,1.60ms
hyperscan/literal-english-som,count-spans,0.1.0 (rev 9ee90dfb56),re2j,1.8 (OpenJDK 64-Bit Server VM 26.0.2+10-55),,613357,29877,5.16s,97.41us,128.00ns,100.17us,15.76us,95.23us,1.48ms
hyperscan/literal-english-som,count-spans,0.1.0 (rev 9ee90dfb56),rust/regex,1.12.4,,613357,183550,4.62s,15.59us,109.00ns,16.28us,7.17us,15.46us,792.74us
hyperscan/literal-english-som,count-spans,0.1.0 (rev 9ee90dfb56),safere/string,0.12.0-SNAPSHOT (OpenJDK 64-Bit Server VM 26.0.2+10-55; scanner=swar),,613357,30056,5.27s,95.10us,384.00ns,99.58us,18.87us,94.59us,925.70us
hyperscan/literal-english-som,count-spans,0.1.0 (rev 9ee90dfb56),safere/utf8,0.12.0-SNAPSHOT (OpenJDK 64-Bit Server VM 26.0.2+10-55; scanner=swar),,613357,28972,5.26s,100.48us,128.00ns,103.36us,14.47us,100.10us,876.54us
hyperscan/literal-english-som,count-spans,0.1.0 (rev 9ee90dfb56),safere/utf8-vector,0.12.0-SNAPSHOT (OpenJDK 64-Bit Server VM 26.0.2+10-55; scanner=vector),,613357,28967,5.27s,100.35us,256.00ns,103.35us,18.67us,98.18us,2.21ms
hyperscan/literal-casei-english-nosom,count,0.1.0 (rev 9ee90dfb56),re2j,1.8 (OpenJDK 64-Bit Server VM 26.0.2+10-55),,613357,211,5.11s,14.17ms,131.07us,14.27ms,414.47us,13.86ms,17.60ms
hyperscan/literal-casei-english-nosom,count,0.1.0 (rev 9ee90dfb56),rust/regex,1.12.4,,613357,64441,4.57s,45.34us,60.00ns,46.48us,13.24us,42.66us,1.53ms
hyperscan/literal-casei-english-nosom,count,0.1.0 (rev 9ee90dfb56),safere/string,0.12.0-SNAPSHOT (OpenJDK 64-Bit Server VM 26.0.2+10-55; scanner=swar),,613357,8771,5.27s,335.87us,26.11us,341.39us,41.90us,286.72us,1.15ms
hyperscan/literal-casei-english-nosom,count,0.1.0 (rev 9ee90dfb56),safere/utf8,0.12.0-SNAPSHOT (OpenJDK 64-Bit Server VM 26.0.2+10-55; scanner=swar),,613357,9855,5.27s,298.50us,7.68us,303.76us,32.78us,272.90us,1.78ms
hyperscan/literal-casei-english-nosom,count,0.1.0 (rev 9ee90dfb56),safere/utf8-vector,0.12.0-SNAPSHOT (OpenJDK 64-Bit Server VM 26.0.2+10-55; scanner=vector),,613357,58087,5.52s,25.34us,608.00ns,25.82us,11.78us,24.29us,2.21ms
hyperscan/literal-casei-english-som,count-spans,0.1.0 (rev 9ee90dfb56),re2j,1.8 (OpenJDK 64-Bit Server VM 26.0.2+10-55),,613357,212,5.11s,14.08ms,188.42us,14.18ms,454.80us,13.57ms,17.73ms
hyperscan/literal-casei-english-som,count-spans,0.1.0 (rev 9ee90dfb56),rust/regex,1.12.4,,613357,64614,4.56s,45.46us,51.00ns,46.36us,7.79us,43.64us,802.13us
hyperscan/literal-casei-english-som,count-spans,0.1.0 (rev 9ee90dfb56),safere/string,0.12.0-SNAPSHOT (OpenJDK 64-Bit Server VM 26.0.2+10-55; scanner=swar),,613357,8832,5.26s,331.78us,23.55us,338.99us,44.18us,292.35us,1.78ms
hyperscan/literal-casei-english-som,count-spans,0.1.0 (rev 9ee90dfb56),safere/utf8,0.12.0-SNAPSHOT (OpenJDK 64-Bit Server VM 26.0.2+10-55; scanner=swar),,613357,9872,5.22s,297.98us,7.68us,303.25us,45.49us,275.46us,3.17ms
hyperscan/literal-casei-english-som,count-spans,0.1.0 (rev 9ee90dfb56),safere/utf8-vector,0.12.0-SNAPSHOT (OpenJDK 64-Bit Server VM 26.0.2+10-55; scanner=vector),,613357,58796,5.52s,24.64us,96.00ns,25.48us,5.84us,23.90us,731.14us
hyperscan/literal-russian-nosom,count,0.1.0 (rev 9ee90dfb56),re2j,1.8 (OpenJDK 64-Bit Server VM 26.0.2+10-55),,613423,53669,5.27s,54.08us,64.00ns,55.79us,12.47us,53.89us,2.02ms
hyperscan/literal-russian-nosom,count,0.1.0 (rev 9ee90dfb56),rust/regex,1.12.4,,613423,184759,4.62s,15.94us,49.00ns,16.18us,4.65us,14.00us,742.94us
hyperscan/literal-russian-nosom,count,0.1.0 (rev 9ee90dfb56),safere/string,0.12.0-SNAPSHOT (OpenJDK 64-Bit Server VM 26.0.2+10-55; scanner=swar),,613423,54252,5.32s,53.63us,64.00ns,55.18us,8.65us,53.57us,776.19us
hyperscan/literal-russian-nosom,count,0.1.0 (rev 9ee90dfb56),safere/utf8,0.12.0-SNAPSHOT (OpenJDK 64-Bit Server VM 26.0.2+10-55; scanner=swar),,613423,44101,5.32s,32.77us,480.00ns,34.12us,15.87us,32.06us,1.93ms
hyperscan/literal-russian-nosom,count,0.1.0 (rev 9ee90dfb56),safere/utf8-vector,0.12.0-SNAPSHOT (OpenJDK 64-Bit Server VM 26.0.2+10-55; scanner=vector),,613423,43547,5.32s,33.28us,64.00ns,34.58us,17.94us,32.83us,2.28ms
hyperscan/literal-russian-som,count-spans,0.1.0 (rev 9ee90dfb56),re2j,1.8 (OpenJDK 64-Bit Server VM 26.0.2+10-55),,613423,53561,5.27s,54.02us,64.00ns,55.90us,14.71us,52.80us,1.46ms
hyperscan/literal-russian-som,count-spans,0.1.0 (rev 9ee90dfb56),safere/string,0.12.0-SNAPSHOT (OpenJDK 64-Bit Server VM 26.0.2+10-55; scanner=swar),,613423,54333,5.32s,53.63us,64.00ns,55.10us,8.88us,52.48us,828.42us
hyperscan/literal-russian-som,count-spans,0.1.0 (rev 9ee90dfb56),safere/utf8,0.12.0-SNAPSHOT (OpenJDK 64-Bit Server VM 26.0.2+10-55; scanner=swar),,613423,43868,5.32s,33.15us,128.00ns,34.19us,12.27us,32.10us,1.93ms
hyperscan/literal-russian-som,count-spans,0.1.0 (rev 9ee90dfb56),safere/utf8-vector,0.12.0-SNAPSHOT (OpenJDK 64-Bit Server VM 26.0.2+10-55; scanner=vector),,613423,43794,5.32s,33.22us,0.00ns,34.27us,15.59us,32.90us,2.65ms
hyperscan/literal-russian-som,count-spans,0.1.0 (rev 9ee90dfb56),rust/regex,1.12.4,,613423,183170,4.62s,15.99us,54.00ns,16.32us,5.07us,14.33us,725.98us
hyperscan/literal-casei-russian-nosom,count,0.1.0 (rev 9ee90dfb56),re2j,1.8 (OpenJDK 64-Bit Server VM 26.0.2+10-55),,613423,291,5.11s,10.24ms,114.69us,10.33ms,414.48us,9.90ms,14.45ms
hyperscan/literal-casei-russian-nosom,count,0.1.0 (rev 9ee90dfb56),rust/regex,1.12.4,,613423,51371,4.56s,56.78us,392.00ns,58.33us,9.74us,54.78us,766.24us
hyperscan/literal-casei-russian-nosom,count,0.1.0 (rev 9ee90dfb56),safere/string,0.12.0-SNAPSHOT (OpenJDK 64-Bit Server VM 26.0.2+10-55; scanner=swar),,613423,5063,5.36s,569.34us,10.24us,591.51us,70.70us,543.74us,2.94ms
hyperscan/literal-casei-russian-nosom,count,0.1.0 (rev 9ee90dfb56),safere/utf8,0.12.0-SNAPSHOT (OpenJDK 64-Bit Server VM 26.0.2+10-55; scanner=swar),,613423,7157,5.37s,410.11us,4.61us,418.52us,53.91us,394.75us,2.63ms
hyperscan/literal-casei-russian-nosom,count,0.1.0 (rev 9ee90dfb56),safere/utf8-vector,0.12.0-SNAPSHOT (OpenJDK 64-Bit Server VM 26.0.2+10-55; scanner=vector),,613423,7150,5.37s,410.62us,4.61us,418.95us,47.39us,400.90us,2.38ms
hyperscan/literal-casei-russian-som,count-spans,0.1.0 (rev 9ee90dfb56),re2j,1.8 (OpenJDK 64-Bit Server VM 26.0.2+10-55),,613423,291,5.12s,10.24ms,65.54us,10.33ms,417.28us,10.09ms,15.07ms
hyperscan/literal-casei-russian-som,count-spans,0.1.0 (rev 9ee90dfb56),safere/string,0.12.0-SNAPSHOT (OpenJDK 64-Bit Server VM 26.0.2+10-55; scanner=swar),,613423,5072,5.36s,571.39us,8.19us,590.45us,57.76us,559.10us,2.02ms
hyperscan/literal-casei-russian-som,count-spans,0.1.0 (rev 9ee90dfb56),safere/utf8,0.12.0-SNAPSHOT (OpenJDK 64-Bit Server VM 26.0.2+10-55; scanner=swar),,613423,7081,5.37s,415.23us,7.17us,422.99us,34.97us,395.78us,1.18ms
hyperscan/literal-casei-russian-som,count-spans,0.1.0 (rev 9ee90dfb56),safere/utf8-vector,0.12.0-SNAPSHOT (OpenJDK 64-Bit Server VM 26.0.2+10-55; scanner=vector),,613423,6888,5.36s,420.35us,6.66us,434.82us,65.06us,402.43us,3.20ms
hyperscan/literal-casei-russian-som,count-spans,0.1.0 (rev 9ee90dfb56),rust/regex,1.12.4,,613423,51373,4.56s,55.84us,460.00ns,58.33us,14.31us,54.57us,910.95us
hyperscan/literal-suffix-nosom,count,0.1.0 (rev 9ee90dfb56),re2j,1.8 (OpenJDK 64-Bit Server VM 26.0.2+10-55),,594933,114,5.21s,26.28ms,196.61us,26.48ms,1.00ms,25.85ms,34.14ms
hyperscan/literal-suffix-nosom,count,0.1.0 (rev 9ee90dfb56),rust/regex,1.12.4,,594933,71688,4.57s,40.54us,274.00ns,41.78us,12.53us,38.81us,1.61ms
hyperscan/literal-suffix-nosom,count,0.1.0 (rev 9ee90dfb56),safere/string,0.12.0-SNAPSHOT (OpenJDK 64-Bit Server VM 26.0.2+10-55; scanner=swar),,594933,3575,5.27s,824.32us,7.17us,838.24us,64.92us,807.94us,2.54ms
hyperscan/literal-suffix-nosom,count,0.1.0 (rev 9ee90dfb56),safere/utf8,0.12.0-SNAPSHOT (OpenJDK 64-Bit Server VM 26.0.2+10-55; scanner=swar),,594933,3277,5.26s,900.10us,9.22us,914.39us,72.71us,870.40us,3.10ms
hyperscan/literal-suffix-nosom,count,0.1.0 (rev 9ee90dfb56),safere/utf8-vector,0.12.0-SNAPSHOT (OpenJDK 64-Bit Server VM 26.0.2+10-55; scanner=vector),,594933,3250,5.26s,902.14us,7.17us,921.98us,107.08us,887.81us,4.36ms
hyperscan/literal-suffix-som,count-spans,0.1.0 (rev 9ee90dfb56),re2j,1.8 (OpenJDK 64-Bit Server VM 26.0.2+10-55),,594933,115,5.17s,26.15ms,229.38us,26.27ms,684.35us,25.26ms,30.67ms
hyperscan/literal-suffix-som,count-spans,0.1.0 (rev 9ee90dfb56),rust/regex,1.12.4,,594933,72774,4.57s,39.84us,339.00ns,41.16us,12.51us,38.18us,1.45ms
hyperscan/literal-suffix-som,count-spans,0.1.0 (rev 9ee90dfb56),safere/string,0.12.0-SNAPSHOT (OpenJDK 64-Bit Server VM 26.0.2+10-55; scanner=swar),,594933,3571,5.26s,824.32us,10.24us,839.09us,65.73us,793.60us,2.71ms
hyperscan/literal-suffix-som,count-spans,0.1.0 (rev 9ee90dfb56),safere/utf8,0.12.0-SNAPSHOT (OpenJDK 64-Bit Server VM 26.0.2+10-55; scanner=swar),,594933,3271,5.26s,898.05us,8.19us,916.02us,81.26us,869.38us,3.18ms
hyperscan/literal-suffix-som,count-spans,0.1.0 (rev 9ee90dfb56),safere/utf8-vector,0.12.0-SNAPSHOT (OpenJDK 64-Bit Server VM 26.0.2+10-55; scanner=vector),,594933,3277,5.26s,900.10us,7.17us,914.43us,58.20us,886.78us,2.17ms
hyperscan/literal-inner-nosom,count,0.1.0 (rev 9ee90dfb56),re2j,1.8 (OpenJDK 64-Bit Server VM 26.0.2+10-55),,594933,108,5.16s,27.66ms,131.07us,27.89ms,700.63us,27.43ms,31.92ms
hyperscan/literal-inner-nosom,count,0.1.0 (rev 9ee90dfb56),rust/regex,1.12.4,,594933,82199,4.57s,35.41us,361.00ns,36.43us,7.40us,33.48us,764.25us
hyperscan/literal-inner-nosom,count,0.1.0 (rev 9ee90dfb56),safere/string,0.12.0-SNAPSHOT (OpenJDK 64-Bit Server VM 26.0.2+10-55; scanner=swar),,594933,3296,5.27s,898.05us,13.31us,909.23us,94.42us,841.73us,4.33ms
hyperscan/literal-inner-nosom,count,0.1.0 (rev 9ee90dfb56),safere/utf8,0.12.0-SNAPSHOT (OpenJDK 64-Bit Server VM 26.0.2+10-55; scanner=swar),,594933,2986,5.27s,0.99ms,6.14us,1.00ms,63.26us,909.31us,2.70ms
hyperscan/literal-inner-nosom,count,0.1.0 (rev 9ee90dfb56),safere/utf8-vector,0.12.0-SNAPSHOT (OpenJDK 64-Bit Server VM 26.0.2+10-55; scanner=vector),,594933,2966,5.26s,0.99ms,10.24us,1.01ms,88.16us,937.98us,2.61ms
hyperscan/literal-inner-som,count-spans,0.1.0 (rev 9ee90dfb56),re2j,1.8 (OpenJDK 64-Bit Server VM 26.0.2+10-55),,594933,107,5.16s,27.98ms,163.84us,28.10ms,467.06us,27.36ms,31.56ms
hyperscan/literal-inner-som,count-spans,0.1.0 (rev 9ee90dfb56),rust/regex,1.12.4,,594933,81448,4.57s,35.56us,435.00ns,36.77us,9.82us,33.82us,1.52ms
hyperscan/literal-inner-som,count-spans,0.1.0 (rev 9ee90dfb56),safere/string,0.12.0-SNAPSHOT (OpenJDK 64-Bit Server VM 26.0.2+10-55; scanner=swar),,594933,3274,5.26s,904.19us,13.31us,915.28us,86.16us,860.16us,4.60ms
hyperscan/literal-inner-som,count-spans,0.1.0 (rev 9ee90dfb56),safere/utf8,0.12.0-SNAPSHOT (OpenJDK 64-Bit Server VM 26.0.2+10-55; scanner=swar),,594933,2973,5.26s,0.99ms,13.31us,1.01ms,104.45us,932.86us,4.51ms
hyperscan/literal-inner-som,count-spans,0.1.0 (rev 9ee90dfb56),safere/utf8-vector,0.12.0-SNAPSHOT (OpenJDK 64-Bit Server VM 26.0.2+10-55; scanner=vector),,594933,2977,5.26s,0.99ms,8.19us,1.01ms,78.88us,913.41us,3.30ms
hyperscan/fixed-length-words-nosom,count,0.1.0 (rev 9ee90dfb56),re2j,1.8 (OpenJDK 64-Bit Server VM 26.0.2+10-55),,594933,116,5.11s,25.71ms,212.99us,25.88ms,721.88us,25.07ms,30.05ms
hyperscan/fixed-length-words-nosom,count,0.1.0 (rev 9ee90dfb56),rust/regex,1.12.4,,594933,3993,4.51s,741.86us,5.00us,751.33us,37.15us,733.39us,1.54ms
hyperscan/fixed-length-words-nosom,count,0.1.0 (rev 9ee90dfb56),safere/string,0.12.0-SNAPSHOT (OpenJDK 64-Bit Server VM 26.0.2+10-55; scanner=swar),,594933,3464,5.27s,849.92us,10.24us,865.00us,79.41us,822.27us,4.32ms
hyperscan/fixed-length-words-nosom,count,0.1.0 (rev 9ee90dfb56),safere/utf8,0.12.0-SNAPSHOT (OpenJDK 64-Bit Server VM 26.0.2+10-55; scanner=swar),,594933,3391,5.27s,869.38us,7.17us,883.75us,73.17us,855.04us,3.13ms
hyperscan/fixed-length-words-nosom,count,0.1.0 (rev 9ee90dfb56),safere/utf8-vector,0.12.0-SNAPSHOT (OpenJDK 64-Bit Server VM 26.0.2+10-55; scanner=vector),,594933,3284,5.32s,900.10us,9.22us,912.53us,57.00us,867.33us,2.10ms
hyperscan/fixed-length-words-som,count-spans,0.1.0 (rev 9ee90dfb56),re2j,1.8 (OpenJDK 64-Bit Server VM 26.0.2+10-55),,594933,116,5.16s,25.79ms,163.84us,26.05ms,1.07ms,25.46ms,34.14ms
hyperscan/fixed-length-words-som,count-spans,0.1.0 (rev 9ee90dfb56),rust/regex,1.12.4,,594933,3970,4.51s,747.10us,6.84us,755.54us,40.32us,738.19us,1.62ms
hyperscan/fixed-length-words-som,count-spans,0.1.0 (rev 9ee90dfb56),safere/string,0.12.0-SNAPSHOT (OpenJDK 64-Bit Server VM 26.0.2+10-55; scanner=swar),,594933,3441,5.26s,857.09us,9.22us,870.80us,74.24us,840.70us,4.33ms
hyperscan/fixed-length-words-som,count-spans,0.1.0 (rev 9ee90dfb56),safere/utf8,0.12.0-SNAPSHOT (OpenJDK 64-Bit Server VM 26.0.2+10-55; scanner=swar),,594933,3462,5.26s,844.80us,14.34us,865.53us,86.02us,816.13us,3.14ms
hyperscan/fixed-length-words-som,count-spans,0.1.0 (rev 9ee90dfb56),safere/utf8-vector,0.12.0-SNAPSHOT (OpenJDK 64-Bit Server VM 26.0.2+10-55; scanner=vector),,594933,3280,5.32s,900.10us,9.22us,913.55us,69.33us,870.40us,3.11ms
hyperscan/fixed-length-words-unicode-nosom,count,0.1.0 (rev 9ee90dfb56),re2j,1.8 (OpenJDK 64-Bit Server VM 26.0.2+10-55),,594933,118,5.16s,25.33ms,131.07us,25.46ms,504.01us,25.03ms,29.10ms
hyperscan/fixed-length-words-unicode-nosom,count,0.1.0 (rev 9ee90dfb56),rust/regex,1.12.4,,594933,4002,4.51s,732.21us,11.07us,749.62us,62.28us,718.62us,2.06ms
hyperscan/fixed-length-words-unicode-nosom,count,0.1.0 (rev 9ee90dfb56),safere/string,0.12.0-SNAPSHOT (OpenJDK 64-Bit Server VM 26.0.2+10-55; scanner=swar),,594933,3344,5.47s,886.78us,21.50us,896.05us,52.95us,855.04us,1.84ms
hyperscan/fixed-length-words-unicode-nosom,count,0.1.0 (rev 9ee90dfb56),safere/utf8,0.12.0-SNAPSHOT (OpenJDK 64-Bit Server VM 26.0.2+10-55; scanner=swar),,594933,3343,5.42s,882.69us,8.19us,896.25us,64.09us,865.28us,2.81ms
hyperscan/fixed-length-words-unicode-nosom,count,0.1.0 (rev 9ee90dfb56),safere/utf8-vector,0.12.0-SNAPSHOT (OpenJDK 64-Bit Server VM 26.0.2+10-55; scanner=vector),,594933,3344,5.47s,879.62us,10.24us,896.03us,76.15us,851.97us,3.15ms
imported/leipzig/twain,count,0.1.0 (rev 9ee90dfb56),java/hotspot,26.0.2+10-55,,16013977,161,4.86s,19.30ms,354.51us,18.67ms,1.31ms,16.48ms,21.92ms
imported/leipzig/twain,count,0.1.0 (rev 9ee90dfb56),safere/string,0.12.0-SNAPSHOT (OpenJDK 64-Bit Server VM 26.0.2+10-55; scanner=swar),,16013977,1054,5.32s,2.79ms,32.77us,2.84ms,191.86us,2.73ms,5.69ms
imported/leipzig/twain,count,0.1.0 (rev 9ee90dfb56),safere/utf8,0.12.0-SNAPSHOT (OpenJDK 64-Bit Server VM 26.0.2+10-55; scanner=swar),,16013977,767,5.32s,3.86ms,77.82us,3.91ms,203.91us,3.70ms,6.52ms
imported/leipzig/twain,count,0.1.0 (rev 9ee90dfb56),safere/utf8-vector,0.12.0-SNAPSHOT (OpenJDK 64-Bit Server VM 26.0.2+10-55; scanner=vector),,16013977,766,5.32s,3.88ms,49.15us,3.92ms,146.09us,3.78ms,5.16ms
imported/leipzig/twain,count,0.1.0 (rev 9ee90dfb56),pcre2/jit,10.47 2025-10-21,,16013977,3487,4.57s,816.39us,41.15us,860.18us,121.13us,729.30us,2.58ms
imported/leipzig/twain,count,0.1.0 (rev 9ee90dfb56),re2,2025-11-05,,16013977,2925,4.56s,0.99ms,47.01us,1.03ms,115.19us,896.50us,2.35ms
imported/leipzig/twain,count,0.1.0 (rev 9ee90dfb56),re2j,1.8 (OpenJDK 64-Bit Server VM 26.0.2+10-55),,16013977,1006,5.31s,2.92ms,34.82us,2.98ms,199.37us,2.86ms,6.17ms
imported/leipzig/twain,count,0.1.0 (rev 9ee90dfb56),rust/regex,1.12.4,,16013977,3871,4.57s,743.53us,40.92us,774.85us,112.46us,633.28us,3.04ms
imported/leipzig/twain-insensitive,count,0.1.0 (rev 9ee90dfb56),java/hotspot,26.0.2+10-55,,16013977,39,5.01s,78.00ms,393.49us,78.10ms,933.22us,76.61ms,82.02ms
imported/leipzig/twain-insensitive,count,0.1.0 (rev 9ee90dfb56),safere/string,0.12.0-SNAPSHOT (OpenJDK 64-Bit Server VM 26.0.2+10-55; scanner=swar),,16013977,184,5.41s,16.27ms,131.07us,16.36ms,365.20us,15.86ms,19.20ms
imported/leipzig/twain-insensitive,count,0.1.0 (rev 9ee90dfb56),safere/utf8,0.12.0-SNAPSHOT (OpenJDK 64-Bit Server VM 26.0.2+10-55; scanner=swar),,16013977,446,5.37s,6.65ms,114.69us,6.73ms,468.66us,6.38ms,14.99ms
imported/leipzig/twain-insensitive,count,0.1.0 (rev 9ee90dfb56),safere/utf8-vector,0.12.0-SNAPSHOT (OpenJDK 64-Bit Server VM 26.0.2+10-55; scanner=vector),,16013977,1699,5.72s,1.72ms,63.49us,1.76ms,207.34us,1.59ms,7.95ms
imported/leipzig/twain-insensitive,count,0.1.0 (rev 9ee90dfb56),pcre2/jit,10.47 2025-10-21,,16013977,2919,4.56s,0.99ms,46.42us,1.03ms,143.44us,892.12us,4.58ms
imported/leipzig/twain-insensitive,count,0.1.0 (rev 9ee90dfb56),re2,2025-11-05,,16013977,460,4.56s,6.46ms,93.71us,6.53ms,226.62us,6.27ms,7.63ms
imported/leipzig/twain-insensitive,count,0.1.0 (rev 9ee90dfb56),re2j,1.8 (OpenJDK 64-Bit Server VM 26.0.2+10-55),,16013977,8,6.12s,373.29ms,1.05ms,377.82ms,7.81ms,371.72ms,396.36ms
imported/leipzig/twain-insensitive,count,0.1.0 (rev 9ee90dfb56),rust/regex,1.12.4,,16013977,2069,4.56s,1.40ms,63.18us,1.45ms,142.05us,1.28ms,2.46ms
imported/leipzig/shing,count,0.1.0 (rev 9ee90dfb56),java/hotspot,26.0.2+10-55,,16013977,27,5.06s,113.91ms,296.56us,113.89ms,578.16us,112.73ms,115.44ms
imported/leipzig/shing,count,0.1.0 (rev 9ee90dfb56),safere/string,0.12.0-SNAPSHOT (OpenJDK 64-Bit Server VM 26.0.2+10-55; scanner=swar),,16013977,763,5.36s,3.86ms,49.15us,3.93ms,225.01us,3.74ms,6.64ms
imported/leipzig/shing,count,0.1.0 (rev 9ee90dfb56),safere/utf8,0.12.0-SNAPSHOT (OpenJDK 64-Bit Server VM 26.0.2+10-55; scanner=swar),,16013977,880,5.42s,3.36ms,49.15us,3.41ms,195.21us,3.22ms,6.62ms
imported/leipzig/shing,count,0.1.0 (rev 9ee90dfb56),safere/utf8-vector,0.12.0-SNAPSHOT (OpenJDK 64-Bit Server VM 26.0.2+10-55; scanner=vector),,16013977,933,5.42s,3.16ms,40.96us,3.21ms,211.97us,3.04ms,6.05ms
imported/leipzig/shing,count,0.1.0 (rev 9ee90dfb56),pcre2/jit,10.47 2025-10-21,,16013977,65,4.56s,45.90ms,452.77us,46.47ms,1.54ms,45.18ms,55.39ms
imported/leipzig/shing,count,0.1.0 (rev 9ee90dfb56),re2,2025-11-05,,16013977,176,4.56s,16.89ms,99.09us,17.05ms,760.08us,16.67ms,24.73ms
imported/leipzig/shing,count,0.1.0 (rev 9ee90dfb56),re2j,1.8 (OpenJDK 64-Bit Server VM 26.0.2+10-55),,16013977,7,6.77s,453.51ms,1.57ms,453.51ms,3.02ms,449.84ms,459.80ms
imported/leipzig/shing,count,0.1.0 (rev 9ee90dfb56),rust/regex,1.12.4,,16013977,3007,4.56s,0.96ms,51.91us,1.00ms,126.42us,854.84us,2.47ms
imported/leipzig/huck-saw,count,0.1.0 (rev 9ee90dfb56),java/hotspot,26.0.2+10-55,,16013977,21,5.01s,153.89ms,2.13ms,148.49ms,6.82ms,139.81ms,156.61ms
imported/leipzig/huck-saw,count,0.1.0 (rev 9ee90dfb56),safere/string,0.12.0-SNAPSHOT (OpenJDK 64-Bit Server VM 26.0.2+10-55; scanner=swar),,16013977,365,5.62s,8.09ms,122.88us,8.21ms,514.41us,7.83ms,14.91ms
imported/leipzig/huck-saw,count,0.1.0 (rev 9ee90dfb56),safere/utf8,0.12.0-SNAPSHOT (OpenJDK 64-Bit Server VM 26.0.2+10-55; scanner=swar),,16013977,884,5.47s,3.34ms,57.34us,3.39ms,189.00us,3.20ms,5.44ms
imported/leipzig/huck-saw,count,0.1.0 (rev 9ee90dfb56),safere/utf8-vector,0.12.0-SNAPSHOT (OpenJDK 64-Bit Server VM 26.0.2+10-55; scanner=vector),,16013977,1511,5.62s,1.94ms,67.58us,1.98ms,159.78us,1.78ms,3.30ms
imported/leipzig/huck-saw,count,0.1.0 (rev 9ee90dfb56),pcre2/jit,10.47 2025-10-21,,16013977,2865,4.56s,1.00ms,43.85us,1.05ms,141.64us,890.38us,3.90ms
imported/leipzig/huck-saw,count,0.1.0 (rev 9ee90dfb56),re2,2025-11-05,,16013977,178,4.61s,16.77ms,79.24us,16.93ms,675.64us,16.62ms,24.82ms
imported/leipzig/huck-saw,count,0.1.0 (rev 9ee90dfb56),re2j,1.8 (OpenJDK 64-Bit Server VM 26.0.2+10-55),,16013977,5,7.17s,633.34ms,0.00ns,632.92ms,3.36ms,627.05ms,637.53ms
imported/leipzig/huck-saw,count,0.1.0 (rev 9ee90dfb56),rust/regex,1.12.4,,16013977,2784,4.57s,1.04ms,53.53us,1.08ms,123.16us,938.42us,2.30ms
imported/leipzig/word-ending-nn,count,0.1.0 (rev 9ee90dfb56),java/hotspot,26.0.2+10-55,,16013977,12,4.86s,249.83ms,448.36us,250.09ms,747.71us,249.00ms,251.41ms
imported/leipzig/word-ending-nn,count,0.1.0 (rev 9ee90dfb56),safere/string,0.12.0-SNAPSHOT (OpenJDK 64-Bit Server VM 26.0.2+10-55; scanner=swar),,16013977,47,5.57s,63.77ms,327.68us,64.09ms,1.37ms,63.11ms,72.09ms
imported/leipzig/word-ending-nn,count,0.1.0 (rev 9ee90dfb56),safere/utf8,0.12.0-SNAPSHOT (OpenJDK 64-Bit Server VM 26.0.2+10-55; scanner=swar),,16013977,43,5.67s,70.78ms,262.14us,70.92ms,919.82us,69.99ms,75.89ms
imported/leipzig/word-ending-nn,count,0.1.0 (rev 9ee90dfb56),safere/utf8-vector,0.12.0-SNAPSHOT (OpenJDK 64-Bit Server VM 26.0.2+10-55; scanner=vector),,16013977,44,5.72s,69.14ms,393.22us,69.44ms,1.69ms,67.76ms,79.69ms
imported/leipzig/word-ending-nn,count,0.1.0 (rev 9ee90dfb56),pcre2/jit,10.47 2025-10-21,,16013977,61,4.66s,49.87ms,303.07us,49.97ms,582.25us,49.22ms,52.33ms
imported/leipzig/word-ending-nn,count,0.1.0 (rev 9ee90dfb56),re2,2025-11-05,,16013977,178,4.56s,16.79ms,121.00us,16.85ms,232.03us,16.60ms,18.01ms
imported/leipzig/word-ending-nn,count,0.1.0 (rev 9ee90dfb56),re2j,1.8 (OpenJDK 64-Bit Server VM 26.0.2+10-55),,16013977,5,7.52s,672.14ms,1.05ms,673.40ms,3.14ms,671.09ms,679.48ms
imported/leipzig/word-ending-nn,count,0.1.0 (rev 9ee90dfb56),rust/regex,1.12.4,,16013977,3796,4.57s,750.19us,43.51us,790.12us,113.28us,651.16us,2.99ms
imported/leipzig/certain-long-strings-ending-x,count,0.1.0 (rev 9ee90dfb56),java/hotspot,26.0.2+10-55,,16013977,7,5.46s,461.37ms,699.07us,461.87ms,1.48ms,459.99ms,464.79ms
imported/leipzig/certain-long-strings-ending-x,count,0.1.0 (rev 9ee90dfb56),safere/string,0.12.0-SNAPSHOT (OpenJDK 64-Bit Server VM 26.0.2+10-55; scanner=swar),,16013977,2,9.62s,1.62s,2.10ms,1.62s,2.10ms,1.62s,1.62s
imported/leipzig/certain-long-strings-ending-x,count,0.1.0 (rev 9ee90dfb56),safere/utf8,0.12.0-SNAPSHOT (OpenJDK 64-Bit Server VM 26.0.2+10-55; scanner=swar),,16013977,2,9.53s,1.65s,2.10ms,1.65s,2.10ms,1.65s,1.65s
imported/leipzig/certain-long-strings-ending-x,count,0.1.0 (rev 9ee90dfb56),safere/utf8-vector,0.12.0-SNAPSHOT (OpenJDK 64-Bit Server VM 26.0.2+10-55; scanner=vector),,16013977,2,9.33s,1.61s,8.39ms,1.61s,8.39ms,1.60s,1.62s
imported/leipzig/certain-long-strings-ending-x,count,0.1.0 (rev 9ee90dfb56),pcre2/jit,10.47 2025-10-21,,16013977,37,4.66s,82.64ms,612.02us,82.80ms,1.25ms,81.50ms,88.57ms
imported/leipzig/certain-long-strings-ending-x,count,0.1.0 (rev 9ee90dfb56),re2,2025-11-05,,16013977,41,4.61s,73.33ms,424.11us,73.17ms,1.31ms,71.24ms,79.43ms
imported/leipzig/certain-long-strings-ending-x,count,0.1.0 (rev 9ee90dfb56),re2j,1.8 (OpenJDK 64-Bit Server VM 26.0.2+10-55),,16013977,3,9.78s,1.27s,2.10ms,1.27s,5.50ms,1.26s,1.28s
imported/leipzig/certain-long-strings-ending-x,count,0.1.0 (rev 9ee90dfb56),rust/regex,1.12.4,,16013977,799,4.57s,3.71ms,82.60us,3.76ms,287.68us,3.47ms,9.61ms
imported/leipzig/tom-sawyer-huckle-finn,count,0.1.0 (rev 9ee90dfb56),java/hotspot,26.0.2+10-55,,16013977,10,5.42s,325.14ms,697.66us,325.80ms,1.43ms,323.98ms,328.51ms
imported/leipzig/tom-sawyer-huckle-finn,count,0.1.0 (rev 9ee90dfb56),safere/string,0.12.0-SNAPSHOT (OpenJDK 64-Bit Server VM 26.0.2+10-55; scanner=swar),,16013977,141,5.52s,21.27ms,229.38us,21.35ms,661.89us,20.55ms,27.00ms
imported/leipzig/tom-sawyer-huckle-finn,count,0.1.0 (rev 9ee90dfb56),safere/utf8,0.12.0-SNAPSHOT (OpenJDK 64-Bit Server VM 26.0.2+10-55; scanner=swar),,16013977,139,5.47s,21.53ms,196.61us,21.66ms,527.77us,20.97ms,25.23ms
imported/leipzig/tom-sawyer-huckle-finn,count,0.1.0 (rev 9ee90dfb56),safere/utf8-vector,0.12.0-SNAPSHOT (OpenJDK 64-Bit Server VM 26.0.2+10-55; scanner=vector),,16013977,863,5.52s,3.42ms,57.34us,3.47ms,202.82us,3.24ms,5.46ms
imported/leipzig/tom-sawyer-huckle-finn,count,0.1.0 (rev 9ee90dfb56),pcre2/jit,10.47 2025-10-21,,16013977,310,4.56s,9.61ms,89.64us,9.70ms,466.27us,9.33ms,15.33ms
imported/leipzig/tom-sawyer-huckle-finn,count,0.1.0 (rev 9ee90dfb56),re2,2025-11-05,,16013977,176,4.56s,16.97ms,99.60us,17.06ms,543.91us,16.53ms,23.55ms
imported/leipzig/tom-sawyer-huckle-finn,count,0.1.0 (rev 9ee90dfb56),re2j,1.8 (OpenJDK 64-Bit Server VM 26.0.2+10-55),,16013977,3,8.98s,1.15s,0.00ns,1.15s,1.98ms,1.15s,1.16s
imported/leipzig/tom-sawyer-huckle-finn,count,0.1.0 (rev 9ee90dfb56),rust/regex,1.12.4,,16013977,2648,4.57s,1.10ms,56.22us,1.13ms,122.27us,0.99ms,2.58ms
imported/leipzig/tom-sawyer-huckle-fin-insensitive,count,0.1.0 (rev 9ee90dfb56),java/hotspot,26.0.2+10-55,,16013977,10,5.02s,314.02ms,541.75us,315.16ms,3.25ms,313.03ms,324.78ms
imported/leipzig/tom-sawyer-huckle-fin-insensitive,count,0.1.0 (rev 9ee90dfb56),safere/string,0.12.0-SNAPSHOT (OpenJDK 64-Bit Server VM 26.0.2+10-55; scanner=swar),,16013977,140,5.47s,21.33ms,163.84us,21.45ms,495.95us,21.07ms,25.95ms
imported/leipzig/tom-sawyer-huckle-fin-insensitive,count,0.1.0 (rev 9ee90dfb56),safere/utf8,0.12.0-SNAPSHOT (OpenJDK 64-Bit Server VM 26.0.2+10-55; scanner=swar),,16013977,142,5.52s,21.02ms,180.22us,21.25ms,1.06ms,20.38ms,31.36ms
imported/leipzig/tom-sawyer-huckle-fin-insensitive,count,0.1.0 (rev 9ee90dfb56),safere/utf8-vector,0.12.0-SNAPSHOT (OpenJDK 64-Bit Server VM 26.0.2+10-55; scanner=vector),,16013977,141,5.52s,21.10ms,196.61us,21.29ms,888.30us,20.74ms,28.87ms
imported/leipzig/tom-sawyer-huckle-fin-insensitive,count,0.1.0 (rev 9ee90dfb56),pcre2/jit,10.47 2025-10-21,,16013977,82,4.56s,36.52ms,399.96us,36.60ms,636.12us,35.38ms,38.41ms
imported/leipzig/tom-sawyer-huckle-fin-insensitive,count,0.1.0 (rev 9ee90dfb56),re2,2025-11-05,,16013977,170,4.56s,17.37ms,256.39us,17.75ms,2.30ms,16.66ms,44.99ms
imported/leipzig/tom-sawyer-huckle-fin-insensitive,count,0.1.0 (rev 9ee90dfb56),re2j,1.8 (OpenJDK 64-Bit Server VM 26.0.2+10-55),,16013977,3,9.78s,1.28s,0.00ns,1.28s,0.99ms,1.28s,1.28s
imported/leipzig/tom-sawyer-huckle-fin-insensitive,count,0.1.0 (rev 9ee90dfb56),rust/regex,1.12.4,,16013977,185,4.56s,16.08ms,126.92us,16.27ms,554.90us,15.71ms,20.22ms
imported/leipzig/tom-sawyer-huckle-fin-prefix-short,count,0.1.0 (rev 9ee90dfb56),java/hotspot,26.0.2+10-55,,16013977,3,5.92s,1.09s,4.19ms,1.10s,3.96ms,1.09s,1.10s
imported/leipzig/tom-sawyer-huckle-fin-prefix-short,count,0.1.0 (rev 9ee90dfb56),safere/string,0.12.0-SNAPSHOT (OpenJDK 64-Bit Server VM 26.0.2+10-55; scanner=swar),,16013977,135,5.52s,22.09ms,196.61us,22.27ms,708.27us,21.46ms,26.54ms
imported/leipzig/tom-sawyer-huckle-fin-prefix-short,count,0.1.0 (rev 9ee90dfb56),safere/utf8,0.12.0-SNAPSHOT (OpenJDK 64-Bit Server VM 26.0.2+10-55; scanner=swar),,16013977,135,5.47s,22.18ms,229.38us,22.31ms,674.19us,21.46ms,26.94ms
imported/leipzig/tom-sawyer-huckle-fin-prefix-short,count,0.1.0 (rev 9ee90dfb56),safere/utf8-vector,0.12.0-SNAPSHOT (OpenJDK 64-Bit Server VM 26.0.2+10-55; scanner=vector),,16013977,139,5.57s,21.50ms,262.14us,21.61ms,668.16us,20.71ms,25.95ms
imported/leipzig/tom-sawyer-huckle-fin-prefix-short,count,0.1.0 (rev 9ee90dfb56),pcre2/jit,10.47 2025-10-21,,16013977,25,4.61s,117.31ms,1.93ms,121.35ms,10.42ms,114.99ms,165.72ms
imported/leipzig/tom-sawyer-huckle-fin-prefix-short,count,0.1.0 (rev 9ee90dfb56),re2,2025-11-05,,16013977,176,4.56s,17.03ms,106.93us,17.12ms,371.44us,16.53ms,19.69ms
imported/leipzig/tom-sawyer-huckle-fin-prefix-short,count,0.1.0 (rev 9ee90dfb56),re2j,1.8 (OpenJDK 64-Bit Server VM 26.0.2+10-55),,16013977,2,9.43s,1.70s,3.15ms,1.70s,3.15ms,1.69s,1.70s
imported/leipzig/tom-sawyer-huckle-fin-prefix-short,count,0.1.0 (rev 9ee90dfb56),rust/regex,1.12.4,,16013977,2441,4.57s,1.18ms,62.59us,1.23ms,146.04us,1.05ms,2.77ms
imported/leipzig/tom-sawyer-huckle-fin-prefix-long,count,0.1.0 (rev 9ee90dfb56),java/hotspot,26.0.2+10-55,,16013977,3,6.92s,1.29s,3.87ms,1.29s,6.66ms,1.28s,1.30s
imported/leipzig/tom-sawyer-huckle-fin-prefix-long,count,0.1.0 (rev 9ee90dfb56),safere/string,0.12.0-SNAPSHOT (OpenJDK 64-Bit Server VM 26.0.2+10-55; scanner=swar),,16013977,135,5.52s,22.02ms,163.84us,22.22ms,830.00us,21.63ms,29.39ms
imported/leipzig/tom-sawyer-huckle-fin-prefix-long,count,0.1.0 (rev 9ee90dfb56),safere/utf8,0.12.0-SNAPSHOT (OpenJDK 64-Bit Server VM 26.0.2+10-55; scanner=swar),,16013977,141,5.57s,21.20ms,163.84us,21.36ms,701.00us,20.61ms,27.62ms
imported/leipzig/tom-sawyer-huckle-fin-prefix-long,count,0.1.0 (rev 9ee90dfb56),safere/utf8-vector,0.12.0-SNAPSHOT (OpenJDK 64-Bit Server VM 26.0.2+10-55; scanner=vector),,16013977,141,5.62s,21.30ms,98.30us,21.40ms,482.28us,20.64ms,25.56ms
imported/leipzig/tom-sawyer-huckle-fin-prefix-long,count,0.1.0 (rev 9ee90dfb56),pcre2/jit,10.47 2025-10-21,,16013977,25,4.71s,120.90ms,2.34ms,122.13ms,2.96ms,118.04ms,127.31ms
imported/leipzig/tom-sawyer-huckle-fin-prefix-long,count,0.1.0 (rev 9ee90dfb56),re2,2025-11-05,,16013977,177,4.56s,16.97ms,201.26us,17.00ms,366.00us,16.48ms,19.02ms
imported/leipzig/tom-sawyer-huckle-fin-prefix-long,count,0.1.0 (rev 9ee90dfb56),re2j,1.8 (OpenJDK 64-Bit Server VM 26.0.2+10-55),timeout: exceeded 10s,,0,0.00ns,0.00ns,0.00ns,0.00ns,0.00ns,0.00ns,0.00ns
imported/leipzig/tom-sawyer-huckle-fin-prefix-long,count,0.1.0 (rev 9ee90dfb56),rust/regex,1.12.4,,16013977,2401,4.56s,1.21ms,57.75us,1.25ms,145.23us,1.10ms,2.89ms
imported/leipzig/tom-river,count,0.1.0 (rev 9ee90dfb56),java/hotspot,26.0.2+10-55,,16013977,20,4.97s,153.60ms,552.83us,153.72ms,864.45us,152.60ms,156.05ms
imported/leipzig/tom-river,count,0.1.0 (rev 9ee90dfb56),safere/string,0.12.0-SNAPSHOT (OpenJDK 64-Bit Server VM 26.0.2+10-55; scanner=swar),,16013977,38,5.82s,78.77ms,262.14us,79.09ms,0.98ms,78.25ms,82.84ms
imported/leipzig/tom-river,count,0.1.0 (rev 9ee90dfb56),safere/utf8,0.12.0-SNAPSHOT (OpenJDK 64-Bit Server VM 26.0.2+10-55; scanner=swar),,16013977,38,5.82s,79.04ms,393.22us,79.40ms,2.17ms,77.99ms,92.01ms
imported/leipzig/tom-river,count,0.1.0 (rev 9ee90dfb56),safere/utf8-vector,0.12.0-SNAPSHOT (OpenJDK 64-Bit Server VM 26.0.2+10-55; scanner=vector),,16013977,39,6.07s,77.46ms,262.14us,77.97ms,1.40ms,76.55ms,82.97ms
imported/leipzig/tom-river,count,0.1.0 (rev 9ee90dfb56),pcre2/jit,10.47 2025-10-21,,16013977,1243,4.56s,2.37ms,77.55us,2.41ms,220.74us,2.17ms,6.15ms
imported/leipzig/tom-river,count,0.1.0 (rev 9ee90dfb56),re2,2025-11-05,,16013977,179,4.56s,16.74ms,78.60us,16.84ms,252.47us,16.61ms,18.15ms
imported/leipzig/tom-river,count,0.1.0 (rev 9ee90dfb56),re2j,1.8 (OpenJDK 64-Bit Server VM 26.0.2+10-55),,16013977,5,7.32s,649.07ms,3.15ms,652.21ms,6.92ms,645.92ms,664.80ms
imported/leipzig/tom-river,count,0.1.0 (rev 9ee90dfb56),rust/regex,1.12.4,,16013977,2212,4.56s,1.31ms,68.72us,1.36ms,142.48us,1.18ms,2.23ms
imported/leipzig/ing,count,0.1.0 (rev 9ee90dfb56),java/hotspot,26.0.2+10-55,,16013977,9,5.47s,362.90ms,370.05us,363.81ms,1.68ms,362.27ms,367.64ms
imported/leipzig/ing,count,0.1.0 (rev 9ee90dfb56),safere/string,0.12.0-SNAPSHOT (OpenJDK 64-Bit Server VM 26.0.2+10-55; scanner=swar),,16013977,191,5.67s,15.53ms,147.46us,15.70ms,604.33us,14.97ms,18.55ms
imported/leipzig/ing,count,0.1.0 (rev 9ee90dfb56),safere/utf8,0.12.0-SNAPSHOT (OpenJDK 64-Bit Server VM 26.0.2+10-55; scanner=swar),,16013977,189,5.62s,15.65ms,114.69us,15.87ms,590.27us,15.35ms,20.02ms
imported/leipzig/ing,count,0.1.0 (rev 9ee90dfb56),safere/utf8-vector,0.12.0-SNAPSHOT (OpenJDK 64-Bit Server VM 26.0.2+10-55; scanner=vector),,16013977,192,5.62s,15.47ms,131.07us,15.68ms,577.28us,14.99ms,18.74ms
imported/leipzig/ing,count,0.1.0 (rev 9ee90dfb56),pcre2/jit,10.47 2025-10-21,,16013977,73,4.61s,41.42ms,276.10us,41.56ms,486.29us,41.01ms,43.45ms
imported/leipzig/ing,count,0.1.0 (rev 9ee90dfb56),re2,2025-11-05,,16013977,123,4.61s,24.44ms,188.14us,24.50ms,355.02us,23.75ms,25.53ms
imported/leipzig/ing,count,0.1.0 (rev 9ee90dfb56),re2j,1.8 (OpenJDK 64-Bit Server VM 26.0.2+10-55),,16013977,6,7.32s,583.01ms,1.57ms,584.93ms,5.82ms,580.91ms,597.69ms
imported/leipzig/ing,count,0.1.0 (rev 9ee90dfb56),rust/regex,1.12.4,,16013977,466,4.56s,6.39ms,75.61us,6.44ms,219.01us,6.15ms,8.38ms
imported/leipzig/ing-whitespace,count,0.1.0 (rev 9ee90dfb56),java/hotspot,26.0.2+10-55,,16013977,14,5.16s,226.55ms,540.16us,227.13ms,2.12ms,225.31ms,233.87ms
imported/leipzig/ing-whitespace,count,0.1.0 (rev 9ee90dfb56),safere/string,0.12.0-SNAPSHOT (OpenJDK 64-Bit Server VM 26.0.2+10-55; scanner=swar),,16013977,143,5.67s,20.87ms,163.84us,21.05ms,568.01us,20.41ms,24.48ms
imported/leipzig/ing-whitespace,count,0.1.0 (rev 9ee90dfb56),safere/utf8,0.12.0-SNAPSHOT (OpenJDK 64-Bit Server VM 26.0.2+10-55; scanner=swar),,16013977,128,5.62s,23.15ms,278.53us,23.44ms,946.00us,22.32ms,30.97ms
imported/leipzig/ing-whitespace,count,0.1.0 (rev 9ee90dfb56),safere/utf8-vector,0.12.0-SNAPSHOT (OpenJDK 64-Bit Server VM 26.0.2+10-55; scanner=vector),,16013977,130,5.62s,22.84ms,196.61us,23.12ms,778.76us,22.38ms,26.90ms
imported/leipzig/ing-whitespace,count,0.1.0 (rev 9ee90dfb56),pcre2/jit,10.47 2025-10-21,,16013977,57,4.61s,52.64ms,385.76us,52.77ms,579.16us,51.95ms,54.44ms
imported/leipzig/ing-whitespace,count,0.1.0 (rev 9ee90dfb56),re2,2025-11-05,,16013977,131,4.56s,22.80ms,113.67us,22.99ms,713.15us,22.55ms,29.48ms
imported/leipzig/ing-whitespace,count,0.1.0 (rev 9ee90dfb56),re2j,1.8 (OpenJDK 64-Bit Server VM 26.0.2+10-55),,16013977,4,7.37s,814.22ms,3.15ms,813.96ms,3.51ms,809.50ms,817.89ms
imported/leipzig/ing-whitespace,count,0.1.0 (rev 9ee90dfb56),rust/regex,1.12.4,,16013977,476,4.56s,6.25ms,112.76us,6.31ms,227.91us,5.93ms,7.59ms
imported/leipzig/awyer-inn,count,0.1.0 (rev 9ee90dfb56),java/hotspot,26.0.2+10-55,,16013977,10,5.26s,326.68ms,1.08ms,328.01ms,2.60ms,325.55ms,333.20ms
imported/leipzig/awyer-inn,count,0.1.0 (rev 9ee90dfb56),safere/string,0.12.0-SNAPSHOT (OpenJDK 64-Bit Server VM 26.0.2+10-55; scanner=swar),,16013977,130,5.77s,23.02ms,212.99us,23.21ms,880.44us,22.38ms,31.20ms
imported/leipzig/awyer-inn,count,0.1.0 (rev 9ee90dfb56),safere/utf8,0.12.0-SNAPSHOT (OpenJDK 64-Bit Server VM 26.0.2+10-55; scanner=swar),,16013977,130,5.67s,22.94ms,196.61us,23.07ms,512.17us,22.28ms,26.02ms
imported/leipzig/awyer-inn,count,0.1.0 (rev 9ee90dfb56),safere/utf8-vector,0.12.0-SNAPSHOT (OpenJDK 64-Bit Server VM 26.0.2+10-55; scanner=vector),,16013977,131,5.77s,22.84ms,131.07us,22.98ms,354.72us,22.61ms,25.46ms
imported/leipzig/awyer-inn,count,0.1.0 (rev 9ee90dfb56),pcre2/jit,10.47 2025-10-21,,16013977,55,4.61s,54.94ms,302.61us,55.11ms,929.63us,53.75ms,60.99ms
imported/leipzig/awyer-inn,count,0.1.0 (rev 9ee90dfb56),re2,2025-11-05,,16013977,179,4.56s,16.75ms,101.36us,16.83ms,286.37us,16.31ms,18.05ms
imported/leipzig/awyer-inn,count,0.1.0 (rev 9ee90dfb56),re2j,1.8 (OpenJDK 64-Bit Server VM 26.0.2+10-55),,16013977,4,6.97s,763.89ms,1.57ms,763.63ms,1.87ms,761.27ms,765.46ms
imported/leipzig/awyer-inn,count,0.1.0 (rev 9ee90dfb56),rust/regex,1.12.4,,16013977,2050,4.56s,1.41ms,74.03us,1.46ms,161.86us,1.26ms,2.87ms
imported/leipzig/quotes-bounded,count,0.1.0 (rev 9ee90dfb56),java/hotspot,26.0.2+10-55,,16013977,30,4.96s,100.56ms,456.39us,100.89ms,1.71ms,99.34ms,109.18ms
imported/leipzig/quotes-bounded,count,0.1.0 (rev 9ee90dfb56),safere/string,0.12.0-SNAPSHOT (OpenJDK 64-Bit Server VM 26.0.2+10-55; scanner=swar),,16013977,266,5.47s,11.17ms,114.69us,11.27ms,377.35us,10.80ms,14.27ms
imported/leipzig/quotes-bounded,count,0.1.0 (rev 9ee90dfb56),safere/utf8,0.12.0-SNAPSHOT (OpenJDK 64-Bit Server VM 26.0.2+10-55; scanner=swar),,16013977,330,5.42s,9.01ms,180.22us,9.08ms,391.90us,8.44ms,11.34ms
imported/leipzig/quotes-bounded,count,0.1.0 (rev 9ee90dfb56),safere/utf8-vector,0.12.0-SNAPSHOT (OpenJDK 64-Bit Server VM 26.0.2+10-55; scanner=vector),,16013977,348,5.52s,8.59ms,229.38us,8.62ms,473.36us,7.04ms,11.06ms
imported/leipzig/quotes-bounded,count,0.1.0 (rev 9ee90dfb56),pcre2/jit,10.47 2025-10-21,,16013977,553,4.56s,5.37ms,92.74us,5.43ms,251.97us,5.09ms,7.46ms
imported/leipzig/quotes-bounded,count,0.1.0 (rev 9ee90dfb56),re2,2025-11-05,,16013977,168,4.56s,17.82ms,123.06us,17.89ms,269.10us,17.37ms,19.48ms
imported/leipzig/quotes-bounded,count,0.1.0 (rev 9ee90dfb56),re2j,1.8 (OpenJDK 64-Bit Server VM 26.0.2+10-55),,16013977,7,6.97s,465.57ms,1.57ms,466.32ms,2.58ms,462.42ms,471.33ms
imported/leipzig/quotes-bounded,count,0.1.0 (rev 9ee90dfb56),rust/regex,1.12.4,,16013977,721,4.56s,4.13ms,75.47us,4.17ms,182.68us,3.94ms,5.65ms
imported/leipzig/non-ascii-alternate,count,0.1.0 (rev 9ee90dfb56),java/hotspot,26.0.2+10-55,,16013977,27,4.97s,113.09ms,507.78us,113.28ms,849.35us,112.13ms,115.36ms
imported/leipzig/non-ascii-alternate,count,0.1.0 (rev 9ee90dfb56),safere/string,0.12.0-SNAPSHOT (OpenJDK 64-Bit Server VM 26.0.2+10-55; scanner=swar),,16013977,486,5.27s,6.09ms,57.34us,6.17ms,301.14us,5.96ms,10.09ms
imported/leipzig/non-ascii-alternate,count,0.1.0 (rev 9ee90dfb56),safere/utf8,0.12.0-SNAPSHOT (OpenJDK 64-Bit Server VM 26.0.2+10-55; scanner=swar),,16013977,4644,5.32s,608.26us,46.08us,644.01us,103.89us,531.46us,2.20ms
imported/leipzig/non-ascii-alternate,count,0.1.0 (rev 9ee90dfb56),safere/utf8-vector,0.12.0-SNAPSHOT (OpenJDK 64-Bit Server VM 26.0.2+10-55; scanner=vector),,16013977,4640,5.37s,602.11us,40.96us,644.57us,117.82us,519.17us,3.24ms
imported/leipzig/non-ascii-alternate,count,0.1.0 (rev 9ee90dfb56),pcre2/jit,10.47 2025-10-21,,16013977,3138,4.57s,918.83us,52.56us,0.96ms,115.95us,798.41us,1.88ms
imported/leipzig/non-ascii-alternate,count,0.1.0 (rev 9ee90dfb56),re2,2025-11-05,,16013977,179,4.56s,16.72ms,81.58us,16.78ms,235.97us,16.31ms,18.13ms
imported/leipzig/non-ascii-alternate,count,0.1.0 (rev 9ee90dfb56),re2j,1.8 (OpenJDK 64-Bit Server VM 26.0.2+10-55),,16013977,9,6.47s,343.93ms,524.29us,345.16ms,2.60ms,343.41ms,351.80ms
imported/leipzig/non-ascii-alternate,count,0.1.0 (rev 9ee90dfb56),rust/regex,1.12.4,,16013977,2810,4.56s,1.02ms,52.54us,1.07ms,166.83us,909.65us,4.61ms
imported/leipzig/math-symbols,count,0.1.0 (rev 9ee90dfb56),java/hotspot,26.0.2+10-55,,16013977,34,5.01s,90.33ms,570.68us,90.38ms,861.20us,88.96ms,92.39ms
imported/leipzig/math-symbols,count,0.1.0 (rev 9ee90dfb56),safere/string,0.12.0-SNAPSHOT (OpenJDK 64-Bit Server VM 26.0.2+10-55; scanner=swar),,16013977,76,5.47s,38.99ms,655.36us,39.63ms,1.55ms,37.81ms,43.32ms
imported/leipzig/math-symbols,count,0.1.0 (rev 9ee90dfb56),safere/utf8,0.12.0-SNAPSHOT (OpenJDK 64-Bit Server VM 26.0.2+10-55; scanner=swar),,16013977,56,5.52s,54.30ms,786.43us,54.23ms,1.27ms,51.77ms,58.26ms
imported/leipzig/math-symbols,count,0.1.0 (rev 9ee90dfb56),safere/utf8-vector,0.12.0-SNAPSHOT (OpenJDK 64-Bit Server VM 26.0.2+10-55; scanner=vector),,16013977,59,5.57s,50.99ms,196.61us,51.26ms,1.08ms,50.59ms,58.26ms
imported/leipzig/math-symbols,count,0.1.0 (rev 9ee90dfb56),pcre2/jit,10.47 2025-10-21,,16013977,112,4.57s,26.73ms,161.88us,26.85ms,421.40us,26.18ms,28.90ms
imported/leipzig/math-symbols,count,0.1.0 (rev 9ee90dfb56),re2,2025-11-05,,16013977,179,4.57s,16.77ms,111.51us,16.85ms,278.89us,16.40ms,18.09ms
imported/leipzig/math-symbols,count,0.1.0 (rev 9ee90dfb56),re2j,1.8 (OpenJDK 64-Bit Server VM 26.0.2+10-55),,16013977,8,6.32s,393.74ms,1.05ms,395.51ms,3.54ms,392.17ms,402.65ms
imported/leipzig/math-symbols,count,0.1.0 (rev 9ee90dfb56),rust/regex,1.12.4,,16013977,149,4.56s,20.03ms,100.82us,20.17ms,501.56us,19.58ms,24.21ms
imported/leipzig/bounded-strings-ending-z,count-spans,0.1.0 (rev 9ee90dfb56),java/hotspot,26.0.2+10-55,timeout: exceeded 10s,,0,0.00ns,0.00ns,0.00ns,0.00ns,0.00ns,0.00ns,0.00ns
imported/leipzig/bounded-strings-ending-z,count-spans,0.1.0 (rev 9ee90dfb56),safere/string,0.12.0-SNAPSHOT (OpenJDK 64-Bit Server VM 26.0.2+10-55; scanner=swar),,16013977,242,5.42s,12.29ms,131.07us,12.40ms,624.05us,11.93ms,20.84ms
imported/leipzig/bounded-strings-ending-z,count-spans,0.1.0 (rev 9ee90dfb56),safere/utf8,0.12.0-SNAPSHOT (OpenJDK 64-Bit Server VM 26.0.2+10-55; scanner=swar),,16013977,231,5.42s,12.89ms,98.30us,13.00ms,313.97us,12.55ms,15.61ms
imported/leipzig/bounded-strings-ending-z,count-spans,0.1.0 (rev 9ee90dfb56),safere/utf8-vector,0.12.0-SNAPSHOT (OpenJDK 64-Bit Server VM 26.0.2+10-55; scanner=vector),,16013977,261,5.57s,11.44ms,98.30us,11.52ms,330.90us,11.04ms,13.86ms
imported/leipzig/bounded-strings-ending-z,count-spans,0.1.0 (rev 9ee90dfb56),pcre2/jit,10.47 2025-10-21,,16013977,122,4.61s,24.77ms,572.60us,24.78ms,812.82us,22.94ms,26.53ms
imported/leipzig/bounded-strings-ending-z,count-spans,0.1.0 (rev 9ee90dfb56),re2,2025-11-05,,16013977,179,4.56s,16.72ms,101.69us,16.80ms,262.32us,16.33ms,17.95ms
imported/leipzig/bounded-strings-ending-z,count-spans,0.1.0 (rev 9ee90dfb56),re2j,1.8 (OpenJDK 64-Bit Server VM 26.0.2+10-55),,16013977,4,7.67s,849.35ms,524.29us,849.61ms,1.14ms,848.30ms,851.44ms
imported/leipzig/bounded-strings-ending-z,count-spans,0.1.0 (rev 9ee90dfb56),rust/regex,1.12.4,,16013977,4535,4.56s,615.76us,43.67us,661.39us,118.86us,513.05us,1.67ms
imported/lh3lh3-reb/uri,grep,0.1.0 (rev 9ee90dfb56),java/hotspot,26.0.2+10-55,,39887114,4,6.87s,0.97s,9.89ms,0.98s,20.88ms,0.96s,1.01s
imported/lh3lh3-reb/uri,grep,0.1.0 (rev 9ee90dfb56),safere/string,0.12.0-SNAPSHOT (OpenJDK 64-Bit Server VM 26.0.2+10-55; scanner=swar),,39887114,52,6.07s,58.36ms,1.44ms,58.16ms,2.01ms,55.71ms,65.67ms
imported/lh3lh3-reb/uri,grep,0.1.0 (rev 9ee90dfb56),safere/utf8,0.12.0-SNAPSHOT (OpenJDK 64-Bit Server VM 26.0.2+10-55; scanner=swar),,39887114,45,5.92s,67.24ms,524.29us,68.06ms,2.09ms,66.32ms,76.81ms
imported/lh3lh3-reb/uri,grep,0.1.0 (rev 9ee90dfb56),safere/utf8-vector,0.12.0-SNAPSHOT (OpenJDK 64-Bit Server VM 26.0.2+10-55; scanner=vector),,39887114,43,5.92s,68.94ms,1.84ms,69.89ms,2.99ms,66.72ms,76.94ms
imported/lh3lh3-reb/uri,grep,0.1.0 (rev 9ee90dfb56),pcre2/jit,10.47 2025-10-21,,39887114,72,4.61s,41.92ms,302.90us,42.01ms,483.47us,41.32ms,43.84ms
imported/lh3lh3-reb/uri,grep,0.1.0 (rev 9ee90dfb56),re2,2025-11-05,,39887114,37,4.71s,81.65ms,489.88us,82.73ms,2.56ms,80.82ms,91.25ms
imported/lh3lh3-reb/uri,grep,0.1.0 (rev 9ee90dfb56),re2j,1.8 (OpenJDK 64-Bit Server VM 26.0.2+10-55),timeout: exceeded 10s,,0,0.00ns,0.00ns,0.00ns,0.00ns,0.00ns,0.00ns,0.00ns
imported/lh3lh3-reb/uri,grep,0.1.0 (rev 9ee90dfb56),rust/regex,1.12.4,,39887114,150,4.61s,19.98ms,128.77us,20.09ms,369.07us,19.71ms,22.89ms
imported/lh3lh3-reb/email,grep,0.1.0 (rev 9ee90dfb56),java/hotspot,26.0.2+10-55,,39887114,3,6.27s,1.31s,5.68ms,1.31s,5.00ms,1.30s,1.31s
imported/lh3lh3-reb/email,grep,0.1.0 (rev 9ee90dfb56),safere/string,0.12.0-SNAPSHOT (OpenJDK 64-Bit Server VM 26.0.2+10-55; scanner=swar),,39887114,57,5.87s,52.89ms,0.98ms,52.73ms,1.49ms,50.72ms,58.65ms
imported/lh3lh3-reb/email,grep,0.1.0 (rev 9ee90dfb56),safere/utf8,0.12.0-SNAPSHOT (OpenJDK 64-Bit Server VM 26.0.2+10-55; scanner=swar),,39887114,86,5.82s,34.31ms,557.06us,34.85ms,1.38ms,33.49ms,41.68ms
imported/lh3lh3-reb/email,grep,0.1.0 (rev 9ee90dfb56),safere/utf8-vector,0.12.0-SNAPSHOT (OpenJDK 64-Bit Server VM 26.0.2+10-55; scanner=vector),,39887114,86,5.82s,34.93ms,458.75us,35.15ms,887.26us,34.28ms,39.98ms
imported/lh3lh3-reb/email,grep,0.1.0 (rev 9ee90dfb56),pcre2/jit,10.47 2025-10-21,,39887114,97,4.61s,30.52ms,309.91us,31.05ms,1.15ms,29.78ms,34.09ms
imported/lh3lh3-reb/email,grep,0.1.0 (rev 9ee90dfb56),re2,2025-11-05,,39887114,37,4.66s,81.56ms,363.70us,81.81ms,1.36ms,80.67ms,89.14ms
imported/lh3lh3-reb/email,grep,0.1.0 (rev 9ee90dfb56),re2j,1.8 (OpenJDK 64-Bit Server VM 26.0.2+10-55),timeout: exceeded 10s,,0,0.00ns,0.00ns,0.00ns,0.00ns,0.00ns,0.00ns,0.00ns
imported/lh3lh3-reb/email,grep,0.1.0 (rev 9ee90dfb56),rust/regex,1.12.4,,39887114,163,4.61s,18.46ms,138.41us,18.52ms,282.82us,17.93ms,19.50ms
imported/lh3lh3-reb/date,grep,0.1.0 (rev 9ee90dfb56),java/hotspot,26.0.2+10-55,,39887114,13,5.37s,212.48ms,6.91ms,232.42ms,29.71ms,205.57ms,284.10ms
imported/lh3lh3-reb/date,grep,0.1.0 (rev 9ee90dfb56),safere/string,0.12.0-SNAPSHOT (OpenJDK 64-Bit Server VM 26.0.2+10-55; scanner=swar),,39887114,54,5.87s,56.23ms,0.98ms,55.91ms,1.71ms,53.22ms,62.46ms
imported/lh3lh3-reb/date,grep,0.1.0 (rev 9ee90dfb56),safere/utf8,0.12.0-SNAPSHOT (OpenJDK 64-Bit Server VM 26.0.2+10-55; scanner=swar),,39887114,65,5.83s,45.42ms,1.31ms,46.13ms,2.21ms,43.45ms,52.56ms
imported/lh3lh3-reb/date,grep,0.1.0 (rev 9ee90dfb56),safere/utf8-vector,0.12.0-SNAPSHOT (OpenJDK 64-Bit Server VM 26.0.2+10-55; scanner=vector),,39887114,75,5.82s,39.98ms,393.22us,40.42ms,1.18ms,39.39ms,46.60ms
imported/lh3lh3-reb/date,grep,0.1.0 (rev 9ee90dfb56),pcre2/jit,10.47 2025-10-21,,39887114,73,4.66s,41.48ms,263.48us,41.63ms,585.88us,41.00ms,44.58ms
imported/lh3lh3-reb/date,grep,0.1.0 (rev 9ee90dfb56),re2,2025-11-05,,39887114,37,4.66s,81.87ms,406.82us,81.99ms,611.81us,80.54ms,83.33ms
imported/lh3lh3-reb/date,grep,0.1.0 (rev 9ee90dfb56),re2j,1.8 (OpenJDK 64-Bit Server VM 26.0.2+10-55),timeout: exceeded 10s,,0,0.00ns,0.00ns,0.00ns,0.00ns,0.00ns,0.00ns,0.00ns
imported/lh3lh3-reb/date,grep,0.1.0 (rev 9ee90dfb56),rust/regex,1.12.4,,39887114,130,4.61s,23.00ms,117.24us,23.13ms,355.20us,22.71ms,24.74ms
imported/lh3lh3-reb/uri-or-email,grep,0.1.0 (rev 9ee90dfb56),java/hotspot,26.0.2+10-55,,39887114,2,8.83s,2.60s,26.58ms,2.60s,26.58ms,2.57s,2.63s
imported/lh3lh3-reb/uri-or-email,grep,0.1.0 (rev 9ee90dfb56),safere/string,0.12.0-SNAPSHOT (OpenJDK 64-Bit Server VM 26.0.2+10-55; scanner=swar),,39887114,25,6.32s,122.68ms,1.18ms,122.72ms,1.86ms,119.80ms,129.37ms
imported/lh3lh3-reb/uri-or-email,grep,0.1.0 (rev 9ee90dfb56),safere/utf8,0.12.0-SNAPSHOT (OpenJDK 64-Bit Server VM 26.0.2+10-55; scanner=swar),,39887114,29,6.07s,106.17ms,917.50us,105.89ms,1.47ms,102.76ms,108.79ms
imported/lh3lh3-reb/uri-or-email,grep,0.1.0 (rev 9ee90dfb56),safere/utf8-vector,0.12.0-SNAPSHOT (OpenJDK 64-Bit Server VM 26.0.2+10-55; scanner=vector),,39887114,29,6.12s,105.64ms,786.43us,106.17ms,1.60ms,104.20ms,111.80ms
imported/lh3lh3-reb/uri-or-email,grep,0.1.0 (rev 9ee90dfb56),pcre2/jit,10.47 2025-10-21,,39887114,15,4.81s,203.83ms,907.95us,205.49ms,4.81ms,202.35ms,222.33ms
imported/lh3lh3-reb/uri-or-email,grep,0.1.0 (rev 9ee90dfb56),re2,2025-11-05,,39887114,37,4.71s,82.00ms,377.51us,82.29ms,0.97ms,80.67ms,86.02ms
imported/lh3lh3-reb/uri-or-email,grep,0.1.0 (rev 9ee90dfb56),re2j,1.8 (OpenJDK 64-Bit Server VM 26.0.2+10-55),timeout: exceeded 10s,,0,0.00ns,0.00ns,0.00ns,0.00ns,0.00ns,0.00ns,0.00ns
imported/lh3lh3-reb/uri-or-email,grep,0.1.0 (rev 9ee90dfb56),rust/regex,1.12.4,,39887114,55,4.71s,55.30ms,318.60us,55.48ms,555.04us,54.74ms,57.58ms
imported/mariomka/email,count,0.1.0 (rev 9ee90dfb56),java/hotspot,26.0.2+10-55,,6839410,21,4.86s,145.11ms,371.25us,145.20ms,916.80us,144.07ms,148.59ms
imported/mariomka/email,count,0.1.0 (rev 9ee90dfb56),safere/string,0.12.0-SNAPSHOT (OpenJDK 64-Bit Server VM 26.0.2+10-55; scanner=swar),,6839410,7234,5.37s,382.98us,18.43us,413.66us,89.76us,350.72us,2.47ms
imported/mariomka/email,count,0.1.0 (rev 9ee90dfb56),safere/utf8,0.12.0-SNAPSHOT (OpenJDK 64-Bit Server VM 26.0.2+10-55; scanner=swar),,6839410,6353,5.32s,456.19us,8.19us,471.37us,87.81us,441.34us,4.35ms
imported/mariomka/email,count,0.1.0 (rev 9ee90dfb56),safere/utf8-vector,0.12.0-SNAPSHOT (OpenJDK 64-Bit Server VM 26.0.2+10-55; scanner=vector),,6839410,6345,5.37s,457.22us,9.22us,472.00us,76.19us,432.64us,3.63ms
imported/mariomka/email,count,0.1.0 (rev 9ee90dfb56),pcre2/jit,10.47 2025-10-21,,6839410,208,4.56s,14.27ms,127.42us,14.49ms,526.69us,13.86ms,16.84ms
imported/mariomka/email,count,0.1.0 (rev 9ee90dfb56),re2,2025-11-05,,6839410,417,4.56s,7.14ms,56.33us,7.20ms,172.14us,7.06ms,8.53ms
imported/mariomka/email,count,0.1.0 (rev 9ee90dfb56),re2j,1.8 (OpenJDK 64-Bit Server VM 26.0.2+10-55),,6839410,14,6.02s,227.54ms,524.29us,228.01ms,1.79ms,225.71ms,233.31ms
imported/mariomka/email,count,0.1.0 (rev 9ee90dfb56),rust/regex,1.12.4,,6839410,18482,4.57s,159.95us,6.87us,162.21us,23.08us,144.30us,916.67us
imported/mariomka/uri,count,0.1.0 (rev 9ee90dfb56),java/hotspot,26.0.2+10-55,,6839410,24,4.81s,127.78ms,371.79us,128.34ms,2.01ms,126.38ms,136.63ms
imported/mariomka/uri,count,0.1.0 (rev 9ee90dfb56),safere/string,0.12.0-SNAPSHOT (OpenJDK 64-Bit Server VM 26.0.2+10-55; scanner=swar),,6839410,1241,5.37s,2.36ms,53.25us,2.41ms,242.63us,2.22ms,5.20ms
imported/mariomka/uri,count,0.1.0 (rev 9ee90dfb56),safere/utf8,0.12.0-SNAPSHOT (OpenJDK 64-Bit Server VM 26.0.2+10-55; scanner=swar),,6839410,1028,5.37s,2.87ms,45.06us,2.92ms,221.99us,2.73ms,5.14ms
imported/mariomka/uri,count,0.1.0 (rev 9ee90dfb56),safere/utf8-vector,0.12.0-SNAPSHOT (OpenJDK 64-Bit Server VM 26.0.2+10-55; scanner=vector),,6839410,1064,5.37s,2.77ms,57.34us,2.82ms,223.44us,2.62ms,5.14ms
imported/mariomka/uri,count,0.1.0 (rev 9ee90dfb56),pcre2/jit,10.47 2025-10-21,,6839410,208,4.56s,14.44ms,218.04us,14.49ms,381.92us,13.99ms,16.55ms
imported/mariomka/uri,count,0.1.0 (rev 9ee90dfb56),re2,2025-11-05,,6839410,368,4.56s,8.08ms,80.56us,8.16ms,496.17us,7.81ms,16.81ms
imported/mariomka/uri,count,0.1.0 (rev 9ee90dfb56),re2j,1.8 (OpenJDK 64-Bit Server VM 26.0.2+10-55),,6839410,14,5.97s,224.40ms,786.43us,225.65ms,3.82ms,222.04ms,237.50ms
imported/mariomka/uri,count,0.1.0 (rev 9ee90dfb56),rust/regex,1.12.4,,6839410,3631,4.56s,804.27us,11.96us,826.25us,72.77us,773.67us,1.86ms
imported/mariomka/ip,count,0.1.0 (rev 9ee90dfb56),java/hotspot,26.0.2+10-55,,6839410,18,4.76s,166.66ms,552.47us,166.95ms,858.31us,165.56ms,169.04ms
imported/mariomka/ip,count,0.1.0 (rev 9ee90dfb56),safere/string,0.12.0-SNAPSHOT (OpenJDK 64-Bit Server VM 26.0.2+10-55; scanner=swar),,6839410,100,5.47s,30.08ms,262.14us,30.28ms,776.51us,29.59ms,35.06ms
imported/mariomka/ip,count,0.1.0 (rev 9ee90dfb56),safere/utf8,0.12.0-SNAPSHOT (OpenJDK 64-Bit Server VM 26.0.2+10-55; scanner=swar),,6839410,96,5.37s,31.24ms,212.99us,31.54ms,1.40ms,30.67ms,42.93ms
imported/mariomka/ip,count,0.1.0 (rev 9ee90dfb56),safere/utf8-vector,0.12.0-SNAPSHOT (OpenJDK 64-Bit Server VM 26.0.2+10-55; scanner=vector),,6839410,96,5.42s,31.23ms,196.61us,31.41ms,1.07ms,30.51ms,39.45ms
imported/mariomka/ip,count,0.1.0 (rev 9ee90dfb56),pcre2/jit,10.47 2025-10-21,,6839410,930,4.56s,3.19ms,30.26us,3.23ms,148.34us,3.06ms,5.89ms
imported/mariomka/ip,count,0.1.0 (rev 9ee90dfb56),re2,2025-11-05,,6839410,419,4.56s,7.12ms,51.34us,7.17ms,162.96us,6.94ms,8.56ms
imported/mariomka/ip,count,0.1.0 (rev 9ee90dfb56),re2j,1.8 (OpenJDK 64-Bit Server VM 26.0.2+10-55),,6839410,8,6.17s,387.71ms,1.31ms,388.63ms,2.51ms,385.88ms,392.69ms
imported/mariomka/ip,count,0.1.0 (rev 9ee90dfb56),rust/regex,1.12.4,,6839410,1298,4.56s,2.26ms,32.12us,2.31ms,222.97us,2.18ms,7.91ms
imported/regex-redux/regex-redux,regex-redux,0.1.0 (rev 9ee90dfb56),java/hotspot,26.0.2+10-55,,,18,4.92s,171.47ms,0.99ms,171.35ms,1.06ms,169.68ms,172.81ms
imported/regex-redux/regex-redux,regex-redux,0.1.0 (rev 9ee90dfb56),safere/string,0.12.0-SNAPSHOT (OpenJDK 64-Bit Server VM 26.0.2+10-55; scanner=swar),,,56,6.02s,53.71ms,786.43us,54.26ms,1.96ms,51.97ms,62.06ms
imported/regex-redux/regex-redux,regex-redux,0.1.0 (rev 9ee90dfb56),safere/utf8,0.12.0-SNAPSHOT (OpenJDK 64-Bit Server VM 26.0.2+10-55; scanner=swar),,,43,6.12s,69.99ms,1.18ms,70.92ms,4.35ms,66.91ms,94.90ms
imported/regex-redux/regex-redux,regex-redux,0.1.0 (rev 9ee90dfb56),safere/utf8-vector,0.12.0-SNAPSHOT (OpenJDK 64-Bit Server VM 26.0.2+10-55; scanner=vector),,,39,6.47s,76.94ms,1.31ms,77.29ms,2.64ms,73.92ms,89.65ms
imported/regex-redux/regex-redux,regex-redux,0.1.0 (rev 9ee90dfb56),pcre2/jit,10.47 2025-10-21,,,75,4.56s,39.90ms,292.39us,40.02ms,466.28us,39.40ms,41.75ms
imported/regex-redux/regex-redux,regex-redux,0.1.0 (rev 9ee90dfb56),re2,2025-11-05,,,82,4.56s,36.64ms,352.98us,36.77ms,940.30us,35.96ms,44.17ms
imported/regex-redux/regex-redux,regex-redux,0.1.0 (rev 9ee90dfb56),re2j,1.8 (OpenJDK 64-Bit Server VM 26.0.2+10-55),,,5,7.42s,671.09ms,3.15ms,671.51ms,3.42ms,666.89ms,676.33ms
imported/regex-redux/regex-redux,regex-redux,0.1.0 (rev 9ee90dfb56),rust/regex,1.12.4,,,209,4.56s,14.28ms,181.18us,14.39ms,569.91us,13.77ms,20.68ms
imported/rsc/no-exponential,count-spans,0.1.0 (rev 9ee90dfb56),pcre2/jit,10.47 2025-10-21,,25,17,4.66s,183.16ms,302.07us,183.23ms,769.63us,181.90ms,184.96ms
imported/rsc/no-exponential,count-spans,0.1.0 (rev 9ee90dfb56),re2,2025-11-05,,25,1000000,732.23ms,74.00ns,1.00ns,76.00ns,215.00ns,70.00ns,156.12us
imported/rsc/no-exponential,count-spans,0.1.0 (rev 9ee90dfb56),re2j,1.8 (OpenJDK 64-Bit Server VM 26.0.2+10-55),,25,66509,5.32s,1.38us,12.00ns,1.55us,9.61us,1.31us,1.77ms
imported/rsc/no-exponential,count-spans,0.1.0 (rev 9ee90dfb56),rust/regex,1.12.4,,25,1000000,630.94ms,57.00ns,1.00ns,59.00ns,136.00ns,54.00ns,32.05us
imported/rsc/no-exponential,count-spans,0.1.0 (rev 9ee90dfb56),safere/string,0.12.0-SNAPSHOT (OpenJDK 64-Bit Server VM 26.0.2+10-55; scanner=swar),,25,108696,5.57s,34.00ns,1.00ns,131.00ns,1.47us,30.00ns,121.47us
imported/rsc/no-exponential,count-spans,0.1.0 (rev 9ee90dfb56),safere/utf8,0.12.0-SNAPSHOT (OpenJDK 64-Bit Server VM 26.0.2+10-55; scanner=swar),,25,97523,5.48s,38.00ns,1.00ns,60.00ns,790.00ns,33.00ns,151.55us
imported/rsc/no-exponential,count-spans,0.1.0 (rev 9ee90dfb56),safere/utf8-vector,0.12.0-SNAPSHOT (OpenJDK 64-Bit Server VM 26.0.2+10-55; scanner=vector),,25,94923,5.52s,39.00ns,1.00ns,135.00ns,2.85us,34.00ns,753.66us
imported/rsc/literal,count-spans,0.1.0 (rev 9ee90dfb56),pcre2/jit,10.47 2025-10-21,,51,1000000,663.27ms,45.00ns,1.00ns,46.00ns,143.00ns,41.00ns,63.21us
imported/rsc/literal,count-spans,0.1.0 (rev 9ee90dfb56),re2,2025-11-05,,51,1000000,781.79ms,116.00ns,2.00ns,131.00ns,805.00ns,107.00ns,693.65us
imported/rsc/literal,count-spans,0.1.0 (rev 9ee90dfb56),re2j,1.8 (OpenJDK 64-Bit Server VM 26.0.2+10-55),,51,109347,5.42s,117.00ns,2.00ns,142.00ns,641.00ns,108.00ns,93.18us
imported/rsc/literal,count-spans,0.1.0 (rev 9ee90dfb56),rust/regex,1.12.4,,51,1000000,616.69ms,24.00ns,0.00ns,26.00ns,718.00ns,22.00ns,714.28us
imported/rsc/literal,count-spans,0.1.0 (rev 9ee90dfb56),safere/string,0.12.0-SNAPSHOT (OpenJDK 64-Bit Server VM 26.0.2+10-55; scanner=swar),,51,88104,5.42s,42.00ns,1.00ns,56.00ns,441.00ns,37.00ns,36.35us
imported/rsc/literal,count-spans,0.1.0 (rev 9ee90dfb56),safere/utf8,0.12.0-SNAPSHOT (OpenJDK 64-Bit Server VM 26.0.2+10-55; scanner=swar),,51,116302,5.52s,33.00ns,1.00ns,52.00ns,645.00ns,29.00ns,119.68us
imported/rsc/literal,count-spans,0.1.0 (rev 9ee90dfb56),safere/utf8-vector,0.12.0-SNAPSHOT (OpenJDK 64-Bit Server VM 26.0.2+10-55; scanner=vector),,51,114239,5.52s,33.00ns,1.00ns,55.00ns,935.00ns,29.00ns,201.73us
imported/rsc/not-literal,count-spans,0.1.0 (rev 9ee90dfb56),pcre2/jit,10.47 2025-10-21,,51,1000000,632.26ms,45.00ns,1.00ns,48.00ns,713.00ns,42.00ns,706.41us
imported/rsc/not-literal,count-spans,0.1.0 (rev 9ee90dfb56),re2,2025-11-05,,51,1000000,883.92ms,163.00ns,1.00ns,168.00ns,358.00ns,157.00ns,174.97us
imported/rsc/not-literal,count-spans,0.1.0 (rev 9ee90dfb56),re2j,1.8 (OpenJDK 64-Bit Server VM 26.0.2+10-55),,51,69151,5.32s,1.33us,14.00ns,1.50us,7.77us,1.27us,1.27ms
imported/rsc/not-literal,count-spans,0.1.0 (rev 9ee90dfb56),rust/regex,1.12.4,,51,1000000,650.44ms,50.00ns,1.00ns,52.00ns,120.00ns,46.00ns,30.22us
imported/rsc/not-literal,count-spans,0.1.0 (rev 9ee90dfb56),safere/string,0.12.0-SNAPSHOT (OpenJDK 64-Bit Server VM 26.0.2+10-55; scanner=swar),,51,79422,5.42s,152.00ns,3.00ns,306.00ns,12.41us,133.00ns,3.47ms
imported/rsc/not-literal,count-spans,0.1.0 (rev 9ee90dfb56),safere/utf8,0.12.0-SNAPSHOT (OpenJDK 64-Bit Server VM 26.0.2+10-55; scanner=swar),,51,73083,5.42s,162.00ns,4.00ns,248.00ns,6.41us,137.00ns,1.40ms
imported/rsc/not-literal,count-spans,0.1.0 (rev 9ee90dfb56),safere/utf8-vector,0.12.0-SNAPSHOT (OpenJDK 64-Bit Server VM 26.0.2+10-55; scanner=vector),,51,73466,5.42s,162.00ns,3.00ns,221.00ns,1.21us,139.00ns,216.06us
imported/rsc/match-class,count-spans,0.1.0 (rev 9ee90dfb56),pcre2/jit,10.47 2025-10-21,,81,1000000,701.64ms,70.00ns,1.00ns,73.00ns,141.00ns,65.00ns,27.32us
imported/rsc/match-class,count-spans,0.1.0 (rev 9ee90dfb56),re2,2025-11-05,,81,1000000,932.49ms,192.00ns,1.00ns,197.00ns,220.00ns,186.00ns,52.52us
imported/rsc/match-class,count-spans,0.1.0 (rev 9ee90dfb56),re2j,1.8 (OpenJDK 64-Bit Server VM 26.0.2+10-55),,81,96720,5.37s,1.88us,20.00ns,2.01us,3.38us,1.80us,706.56us
imported/rsc/match-class,count-spans,0.1.0 (rev 9ee90dfb56),rust/regex,1.12.4,,81,1000000,580.13ms,37.00ns,1.00ns,38.00ns,125.00ns,34.00ns,40.47us
imported/rsc/match-class,count-spans,0.1.0 (rev 9ee90dfb56),safere/string,0.12.0-SNAPSHOT (OpenJDK 64-Bit Server VM 26.0.2+10-55; scanner=swar),,81,79654,5.37s,47.00ns,1.00ns,77.00ns,1.04us,45.00ns,177.92us
imported/rsc/match-class,count-spans,0.1.0 (rev 9ee90dfb56),safere/utf8,0.12.0-SNAPSHOT (OpenJDK 64-Bit Server VM 26.0.2+10-55; scanner=swar),,81,63858,5.37s,53.00ns,2.00ns,88.00ns,1.09us,47.00ns,161.28us
imported/rsc/match-class,count-spans,0.1.0 (rev 9ee90dfb56),safere/utf8-vector,0.12.0-SNAPSHOT (OpenJDK 64-Bit Server VM 26.0.2+10-55; scanner=vector),,81,67335,5.37s,51.00ns,1.00ns,78.00ns,589.00ns,46.00ns,45.06us
imported/rsc/match-class-in-range,count-spans,0.1.0 (rev 9ee90dfb56),pcre2/jit,10.47 2025-10-21,,81,1000000,631.09ms,45.00ns,1.00ns,47.00ns,116.00ns,41.00ns,28.81us
imported/rsc/match-class-in-range,count-spans,0.1.0 (rev 9ee90dfb56),re2,2025-11-05,,81,1000000,932.88ms,191.00ns,1.00ns,196.00ns,269.00ns,184.00ns,155.15us
imported/rsc/match-class-in-range,count-spans,0.1.0 (rev 9ee90dfb56),re2j,1.8 (OpenJDK 64-Bit Server VM 26.0.2+10-55),,81,111264,5.47s,1.63us,16.00ns,1.73us,1.28us,1.58us,123.65us
imported/rsc/match-class-in-range,count-spans,0.1.0 (rev 9ee90dfb56),rust/regex,1.12.4,,81,1000000,600.94ms,25.00ns,0.00ns,26.00ns,85.00ns,23.00ns,36.08us
imported/rsc/match-class-in-range,count-spans,0.1.0 (rev 9ee90dfb56),safere/string,0.12.0-SNAPSHOT (OpenJDK 64-Bit Server VM 26.0.2+10-55; scanner=swar),,81,79315,5.37s,47.00ns,1.00ns,80.00ns,1.10us,45.00ns,204.80us
imported/rsc/match-class-in-range,count-spans,0.1.0 (rev 9ee90dfb56),safere/utf8,0.12.0-SNAPSHOT (OpenJDK 64-Bit Server VM 26.0.2+10-55; scanner=swar),,81,93331,5.47s,39.00ns,1.00ns,82.00ns,6.58us,34.00ns,2.00ms
imported/rsc/match-class-in-range,count-spans,0.1.0 (rev 9ee90dfb56),safere/utf8-vector,0.12.0-SNAPSHOT (OpenJDK 64-Bit Server VM 26.0.2+10-55; scanner=vector),,81,93325,5.52s,38.00ns,1.00ns,58.00ns,524.00ns,35.00ns,48.96us
imported/rsc/match-class-unicode,count-spans,0.1.0 (rev 9ee90dfb56),pcre2/jit,10.47 2025-10-21,,161,1000000,1.09s,258.00ns,3.00ns,269.00ns,384.00ns,247.00ns,233.50us
imported/rsc/match-class-unicode,count-spans,0.1.0 (rev 9ee90dfb56),re2,2025-11-05,,161,1000000,1.12s,268.00ns,1.00ns,281.00ns,800.00ns,262.00ns,737.99us
imported/rsc/match-class-unicode,count-spans,0.1.0 (rev 9ee90dfb56),re2j,1.8 (OpenJDK 64-Bit Server VM 26.0.2+10-55),,161,81471,5.32s,2.25us,20.00ns,2.44us,9.98us,2.12us,1.78ms
imported/rsc/match-class-unicode,count-spans,0.1.0 (rev 9ee90dfb56),rust/regex,1.12.4,,161,1000000,0.98s,236.00ns,1.00ns,242.00ns,289.00ns,233.00ns,66.03us
imported/rsc/match-class-unicode,count-spans,0.1.0 (rev 9ee90dfb56),safere/string,0.12.0-SNAPSHOT (OpenJDK 64-Bit Server VM 26.0.2+10-55; scanner=swar),,161,98428,5.72s,477.00ns,5.00ns,530.00ns,1.17us,452.00ns,167.94us
imported/rsc/match-class-unicode,count-spans,0.1.0 (rev 9ee90dfb56),safere/utf8,0.12.0-SNAPSHOT (OpenJDK 64-Bit Server VM 26.0.2+10-55; scanner=swar),,161,84920,5.67s,547.00ns,2.00ns,631.00ns,4.63us,524.00ns,1.31ms
imported/rsc/match-class-unicode,count-spans,0.1.0 (rev 9ee90dfb56),safere/utf8-vector,0.12.0-SNAPSHOT (OpenJDK 64-Bit Server VM 26.0.2+10-55; scanner=vector),,161,85485,5.67s,544.00ns,5.00ns,657.00ns,8.20us,521.00ns,1.73ms
imported/rsc/anchored-literal-short-non-match,count-spans,0.1.0 (rev 9ee90dfb56),pcre2/jit,10.47 2025-10-21,,26,1000000,580.76ms,26.00ns,0.00ns,28.00ns,145.00ns,24.00ns,38.53us
imported/rsc/anchored-literal-short-non-match,count-spans,0.1.0 (rev 9ee90dfb56),re2,2025-11-05,,26,1000000,580.14ms,20.00ns,1.00ns,21.00ns,138.00ns,18.00ns,73.56us
imported/rsc/anchored-literal-short-non-match,count-spans,0.1.0 (rev 9ee90dfb56),re2j,1.8 (OpenJDK 64-Bit Server VM 26.0.2+10-55),,26,73651,5.32s,52.00ns,1.00ns,88.00ns,881.00ns,48.00ns,114.56us
imported/rsc/anchored-literal-short-non-match,count-spans,0.1.0 (rev 9ee90dfb56),rust/regex,1.12.4,,26,1000000,581.81ms,28.00ns,1.00ns,29.00ns,691.00ns,25.00ns,684.07us
imported/rsc/anchored-literal-short-non-match,count-spans,0.1.0 (rev 9ee90dfb56),safere/string,0.12.0-SNAPSHOT (OpenJDK 64-Bit Server VM 26.0.2+10-55; scanner=swar),,26,79892,5.42s,21.00ns,1.00ns,39.00ns,624.00ns,18.00ns,105.34us
imported/rsc/anchored-literal-short-non-match,count-spans,0.1.0 (rev 9ee90dfb56),safere/utf8,0.12.0-SNAPSHOT (OpenJDK 64-Bit Server VM 26.0.2+10-55; scanner=swar),,26,80085,5.42s,21.00ns,1.00ns,39.00ns,791.00ns,18.00ns,143.36us
imported/rsc/anchored-literal-short-non-match,count-spans,0.1.0 (rev 9ee90dfb56),safere/utf8-vector,0.12.0-SNAPSHOT (OpenJDK 64-Bit Server VM 26.0.2+10-55; scanner=vector),,26,80210,5.47s,21.00ns,1.00ns,39.00ns,600.00ns,18.00ns,75.52us
imported/rsc/anchored-literal-long-non-match,count-spans,0.1.0 (rev 9ee90dfb56),pcre2/jit,10.47 2025-10-21,,390,1000000,582.69ms,25.00ns,1.00ns,27.00ns,117.00ns,23.00ns,29.54us
imported/rsc/anchored-literal-long-non-match,count-spans,0.1.0 (rev 9ee90dfb56),re2,2025-11-05,,390,1000000,581.12ms,20.00ns,0.00ns,21.00ns,71.00ns,18.00ns,17.81us
imported/rsc/anchored-literal-long-non-match,count-spans,0.1.0 (rev 9ee90dfb56),re2j,1.8 (OpenJDK 64-Bit Server VM 26.0.2+10-55),,390,72619,5.32s,52.00ns,1.00ns,89.00ns,748.00ns,49.00ns,56.00us
imported/rsc/anchored-literal-long-non-match,count-spans,0.1.0 (rev 9ee90dfb56),rust/regex,1.12.4,,390,1000000,632.70ms,30.00ns,1.00ns,31.00ns,91.00ns,27.00ns,32.38us
imported/rsc/anchored-literal-long-non-match,count-spans,0.1.0 (rev 9ee90dfb56),safere/string,0.12.0-SNAPSHOT (OpenJDK 64-Bit Server VM 26.0.2+10-55; scanner=swar),,390,80663,5.42s,21.00ns,1.00ns,68.00ns,7.15us,18.00ns,2.02ms
imported/rsc/anchored-literal-long-non-match,count-spans,0.1.0 (rev 9ee90dfb56),safere/utf8,0.12.0-SNAPSHOT (OpenJDK 64-Bit Server VM 26.0.2+10-55; scanner=swar),,390,74824,5.42s,29.00ns,2.00ns,47.00ns,479.00ns,25.00ns,39.68us
imported/rsc/anchored-literal-long-non-match,count-spans,0.1.0 (rev 9ee90dfb56),safere/utf8-vector,0.12.0-SNAPSHOT (OpenJDK 64-Bit Server VM 26.0.2+10-55; scanner=vector),,390,74552,5.52s,31.00ns,1.00ns,50.00ns,508.00ns,25.00ns,38.66us
imported/rsc/anchored-literal-short-match,count-spans,0.1.0 (rev 9ee90dfb56),pcre2/jit,10.47 2025-10-21,,26,1000000,650.13ms,43.00ns,1.00ns,45.00ns,86.00ns,40.00ns,34.01us
imported/rsc/anchored-literal-short-match,count-spans,0.1.0 (rev 9ee90dfb56),re2,2025-11-05,,26,1000000,682.38ms,60.00ns,1.00ns,65.00ns,327.00ns,55.00ns,231.05us
imported/rsc/anchored-literal-short-match,count-spans,0.1.0 (rev 9ee90dfb56),re2j,1.8 (OpenJDK 64-Bit Server VM 26.0.2+10-55),,26,66532,5.32s,182.00ns,3.00ns,242.00ns,1.03us,172.00ns,121.09us
imported/rsc/anchored-literal-short-match,count-spans,0.1.0 (rev 9ee90dfb56),rust/regex,1.12.4,,26,1000000,631.73ms,41.00ns,1.00ns,43.00ns,121.00ns,38.00ns,30.32us
imported/rsc/anchored-literal-short-match,count-spans,0.1.0 (rev 9ee90dfb56),safere/string,0.12.0-SNAPSHOT (OpenJDK 64-Bit Server VM 26.0.2+10-55; scanner=swar),,26,73995,5.42s,56.00ns,1.00ns,80.00ns,1.00us,51.00ns,147.46us
imported/rsc/anchored-literal-short-match,count-spans,0.1.0 (rev 9ee90dfb56),safere/utf8,0.12.0-SNAPSHOT (OpenJDK 64-Bit Server VM 26.0.2+10-55; scanner=swar),,26,82451,5.42s,51.00ns,1.00ns,77.00ns,641.00ns,46.00ns,61.76us
imported/rsc/anchored-literal-short-match,count-spans,0.1.0 (rev 9ee90dfb56),safere/utf8-vector,0.12.0-SNAPSHOT (OpenJDK 64-Bit Server VM 26.0.2+10-55; scanner=vector),,26,82981,5.42s,50.00ns,1.00ns,98.00ns,6.40us,46.00ns,1.83ms
imported/rsc/anchored-literal-long-match,count-spans,0.1.0 (rev 9ee90dfb56),pcre2/jit,10.47 2025-10-21,,390,1000000,581.02ms,43.00ns,1.00ns,45.00ns,156.00ns,39.00ns,62.91us
imported/rsc/anchored-literal-long-match,count-spans,0.1.0 (rev 9ee90dfb56),re2,2025-11-05,,390,1000000,631.40ms,60.00ns,1.00ns,61.00ns,118.00ns,55.00ns,45.24us
imported/rsc/anchored-literal-long-match,count-spans,0.1.0 (rev 9ee90dfb56),re2j,1.8 (OpenJDK 64-Bit Server VM 26.0.2+10-55),,390,67808,5.32s,179.00ns,4.00ns,243.00ns,2.87us,169.00ns,711.68us
imported/rsc/anchored-literal-long-match,count-spans,0.1.0 (rev 9ee90dfb56),rust/regex,1.12.4,,390,1000000,580.13ms,39.00ns,1.00ns,40.00ns,81.00ns,36.00ns,31.69us
imported/rsc/anchored-literal-long-match,count-spans,0.1.0 (rev 9ee90dfb56),safere/string,0.12.0-SNAPSHOT (OpenJDK 64-Bit Server VM 26.0.2+10-55; scanner=swar),,390,75909,5.42s,56.00ns,1.00ns,74.00ns,649.00ns,51.00ns,99.97us
imported/rsc/anchored-literal-long-match,count-spans,0.1.0 (rev 9ee90dfb56),safere/utf8,0.12.0-SNAPSHOT (OpenJDK 64-Bit Server VM 26.0.2+10-55; scanner=swar),,390,82668,5.42s,51.00ns,1.00ns,75.00ns,699.00ns,45.00ns,115.46us
imported/rsc/anchored-literal-long-match,count-spans,0.1.0 (rev 9ee90dfb56),safere/utf8-vector,0.12.0-SNAPSHOT (OpenJDK 64-Bit Server VM 26.0.2+10-55; scanner=vector),,390,81066,5.47s,52.00ns,1.00ns,74.00ns,551.00ns,47.00ns,50.05us
imported/rsc/one-pass-short,count-spans,0.1.0 (rev 9ee90dfb56),pcre2/jit,10.47 2025-10-21,,17,1000000,633.51ms,57.00ns,1.00ns,60.00ns,293.00ns,52.00ns,196.16us
imported/rsc/one-pass-short,count-spans,0.1.0 (rev 9ee90dfb56),re2,2025-11-05,,17,1000000,683.57ms,72.00ns,1.00ns,74.00ns,136.00ns,67.00ns,62.00us
imported/rsc/one-pass-short,count-spans,0.1.0 (rev 9ee90dfb56),re2j,1.8 (OpenJDK 64-Bit Server VM 26.0.2+10-55),,17,60984,5.27s,757.00ns,11.00ns,903.00ns,8.60us,725.00ns,1.52ms
imported/rsc/one-pass-short,count-spans,0.1.0 (rev 9ee90dfb56),rust/regex,1.12.4,,17,1000000,633.57ms,54.00ns,1.00ns,55.00ns,107.00ns,52.00ns,30.03us
imported/rsc/one-pass-short,count-spans,0.1.0 (rev 9ee90dfb56),safere/string,0.12.0-SNAPSHOT (OpenJDK 64-Bit Server VM 26.0.2+10-55; scanner=swar),,17,86339,5.42s,145.00ns,3.00ns,183.00ns,1.11us,133.00ns,179.97us
imported/rsc/one-pass-short,count-spans,0.1.0 (rev 9ee90dfb56),safere/utf8,0.12.0-SNAPSHOT (OpenJDK 64-Bit Server VM 26.0.2+10-55; scanner=swar),,17,75863,5.42s,160.00ns,2.00ns,234.00ns,5.56us,149.00ns,1.30ms
imported/rsc/one-pass-short,count-spans,0.1.0 (rev 9ee90dfb56),safere/utf8-vector,0.12.0-SNAPSHOT (OpenJDK 64-Bit Server VM 26.0.2+10-55; scanner=vector),,17,75474,5.42s,160.00ns,2.00ns,231.00ns,5.39us,149.00ns,1.46ms
imported/rsc/one-pass-short-not,count-spans,0.1.0 (rev 9ee90dfb56),pcre2/jit,10.47 2025-10-21,,17,1000000,632.88ms,60.00ns,2.00ns,62.00ns,227.00ns,54.00ns,182.65us
imported/rsc/one-pass-short-not,count-spans,0.1.0 (rev 9ee90dfb56),re2,2025-11-05,,17,1000000,734.35ms,103.00ns,1.00ns,106.00ns,237.00ns,97.00ns,153.56us
imported/rsc/one-pass-short-not,count-spans,0.1.0 (rev 9ee90dfb56),re2j,1.8 (OpenJDK 64-Bit Server VM 26.0.2+10-55),,17,95633,5.37s,0.96us,9.00ns,1.07us,6.22us,929.00ns,1.73ms
imported/rsc/one-pass-short-not,count-spans,0.1.0 (rev 9ee90dfb56),rust/regex,1.12.4,,17,1000000,633.29ms,54.00ns,1.00ns,56.00ns,150.00ns,51.00ns,42.92us
imported/rsc/one-pass-short-not,count-spans,0.1.0 (rev 9ee90dfb56),safere/string,0.12.0-SNAPSHOT (OpenJDK 64-Bit Server VM 26.0.2+10-55; scanner=swar),,17,68752,5.42s,347.00ns,7.00ns,449.00ns,7.68us,309.00ns,1.99ms
imported/rsc/one-pass-short-not,count-spans,0.1.0 (rev 9ee90dfb56),safere/utf8,0.12.0-SNAPSHOT (OpenJDK 64-Bit Server VM 26.0.2+10-55; scanner=swar),,17,69190,5.42s,339.00ns,7.00ns,415.00ns,1.19us,307.00ns,133.89us
imported/rsc/one-pass-short-not,count-spans,0.1.0 (rev 9ee90dfb56),safere/utf8-vector,0.12.0-SNAPSHOT (OpenJDK 64-Bit Server VM 26.0.2+10-55; scanner=vector),,17,67474,5.47s,352.00ns,7.00ns,564.00ns,13.26us,317.00ns,3.39ms
imported/rsc/one-pass-long-prefix,count-spans,0.1.0 (rev 9ee90dfb56),pcre2/jit,10.47 2025-10-21,,26,1000000,582.80ms,42.00ns,1.00ns,44.00ns,119.00ns,39.00ns,34.48us
imported/rsc/one-pass-long-prefix,count-spans,0.1.0 (rev 9ee90dfb56),re2,2025-11-05,,26,1000000,633.48ms,59.00ns,1.00ns,62.00ns,159.00ns,54.00ns,30.77us
imported/rsc/one-pass-long-prefix,count-spans,0.1.0 (rev 9ee90dfb56),re2j,1.8 (OpenJDK 64-Bit Server VM 26.0.2+10-55),,26,69203,5.32s,669.00ns,10.00ns,754.00ns,1.40us,630.00ns,184.32us
imported/rsc/one-pass-long-prefix,count-spans,0.1.0 (rev 9ee90dfb56),rust/regex,1.12.4,,26,1000000,633.21ms,67.00ns,1.00ns,69.00ns,261.00ns,63.00ns,96.95us
imported/rsc/one-pass-long-prefix,count-spans,0.1.0 (rev 9ee90dfb56),safere/string,0.12.0-SNAPSHOT (OpenJDK 64-Bit Server VM 26.0.2+10-55; scanner=swar),,26,65976,5.37s,101.00ns,2.00ns,183.00ns,9.47us,94.00ns,2.31ms
imported/rsc/one-pass-long-prefix,count-spans,0.1.0 (rev 9ee90dfb56),safere/utf8,0.12.0-SNAPSHOT (OpenJDK 64-Bit Server VM 26.0.2+10-55; scanner=swar),,26,61865,5.37s,104.00ns,2.00ns,166.00ns,4.04us,95.00ns,701.44us
imported/rsc/one-pass-long-prefix,count-spans,0.1.0 (rev 9ee90dfb56),safere/utf8-vector,0.12.0-SNAPSHOT (OpenJDK 64-Bit Server VM 26.0.2+10-55; scanner=vector),,26,65646,5.37s,101.00ns,2.00ns,150.00ns,1.01us,90.00ns,143.62us
imported/rsc/one-pass-long-prefix-not,count-spans,0.1.0 (rev 9ee90dfb56),pcre2/jit,10.47 2025-10-21,,26,1000000,633.60ms,42.00ns,1.00ns,44.00ns,121.00ns,39.00ns,20.50us
imported/rsc/one-pass-long-prefix-not,count-spans,0.1.0 (rev 9ee90dfb56),re2,2025-11-05,,26,1000000,682.94ms,80.00ns,1.00ns,84.00ns,190.00ns,75.00ns,36.14us
imported/rsc/one-pass-long-prefix-not,count-spans,0.1.0 (rev 9ee90dfb56),re2j,1.8 (OpenJDK 64-Bit Server VM 26.0.2+10-55),,26,67241,5.32s,694.00ns,11.00ns,790.00ns,1.72us,653.00ns,149.50us
imported/rsc/one-pass-long-prefix-not,count-spans,0.1.0 (rev 9ee90dfb56),rust/regex,1.12.4,,26,1000000,684.73ms,66.00ns,1.00ns,67.00ns,229.00ns,62.00ns,182.50us
imported/rsc/one-pass-long-prefix-not,count-spans,0.1.0 (rev 9ee90dfb56),safere/string,0.12.0-SNAPSHOT (OpenJDK 64-Bit Server VM 26.0.2+10-55; scanner=swar),,26,68904,5.42s,98.00ns,2.00ns,127.00ns,883.00ns,91.00ns,139.78us
imported/rsc/one-pass-long-prefix-not,count-spans,0.1.0 (rev 9ee90dfb56),safere/utf8,0.12.0-SNAPSHOT (OpenJDK 64-Bit Server VM 26.0.2+10-55; scanner=swar),,26,75863,5.42s,92.00ns,2.00ns,127.00ns,0.97us,84.00ns,141.57us
imported/rsc/one-pass-long-prefix-not,count-spans,0.1.0 (rev 9ee90dfb56),safere/utf8-vector,0.12.0-SNAPSHOT (OpenJDK 64-Bit Server VM 26.0.2+10-55; scanner=vector),,26,70050,5.42s,96.00ns,2.00ns,164.00ns,7.67us,88.00ns,2.02ms
imported/rsc/long-needle1,count-spans,0.1.0 (rev 9ee90dfb56),pcre2/jit,10.47 2025-10-21,,100002,7218,4.51s,412.44us,5.26us,415.53us,31.49us,389.65us,1.21ms
imported/rsc/long-needle1,count-spans,0.1.0 (rev 9ee90dfb56),re2,2025-11-05,,100002,7222,4.51s,403.29us,6.85us,415.29us,40.03us,394.05us,1.94ms
imported/rsc/long-needle1,count-spans,0.1.0 (rev 9ee90dfb56),re2j,1.8 (OpenJDK 64-Bit Server VM 26.0.2+10-55),,100002,112,5.11s,26.72ms,180.22us,26.88ms,593.20us,26.02ms,31.10ms
imported/rsc/long-needle1,count-spans,0.1.0 (rev 9ee90dfb56),rust/regex,1.12.4,,100002,1000000,4.70s,2.60us,3.00ns,2.68us,2.94us,2.59us,767.31us
imported/rsc/long-needle1,count-spans,0.1.0 (rev 9ee90dfb56),safere/string,0.12.0-SNAPSHOT (OpenJDK 64-Bit Server VM 26.0.2+10-55; scanner=swar),,100002,4198,5.16s,547.84us,33.28us,713.77us,225.86us,514.05us,2.21ms
imported/rsc/long-needle1,count-spans,0.1.0 (rev 9ee90dfb56),safere/utf8,0.12.0-SNAPSHOT (OpenJDK 64-Bit Server VM 26.0.2+10-55; scanner=swar),,100002,67415,5.37s,10.78us,32.00ns,11.21us,9.91us,10.50us,1.84ms
imported/rsc/long-needle1,count-spans,0.1.0 (rev 9ee90dfb56),safere/utf8-vector,0.12.0-SNAPSHOT (OpenJDK 64-Bit Server VM 26.0.2+10-55; scanner=vector),,100002,67474,5.37s,10.78us,32.00ns,11.20us,10.31us,10.51us,1.77ms
imported/rsc/long-needle2,count-spans,0.1.0 (rev 9ee90dfb56),pcre2/jit,10.47 2025-10-21,,100002,7226,4.51s,412.44us,4.99us,415.07us,29.24us,389.70us,1.18ms
imported/rsc/long-needle2,count-spans,0.1.0 (rev 9ee90dfb56),re2,2025-11-05,,100002,7282,4.51s,403.49us,7.74us,411.89us,46.54us,393.97us,2.67ms
imported/rsc/long-needle2,count-spans,0.1.0 (rev 9ee90dfb56),re2j,1.8 (OpenJDK 64-Bit Server VM 26.0.2+10-55),,100002,113,5.11s,26.44ms,163.84us,26.56ms,529.61us,25.89ms,30.47ms
imported/rsc/long-needle2,count-spans,0.1.0 (rev 9ee90dfb56),rust/regex,1.12.4,,100002,7183,4.51s,411.45us,3.38us,417.56us,29.60us,404.23us,1.21ms
imported/rsc/long-needle2,count-spans,0.1.0 (rev 9ee90dfb56),safere/string,0.12.0-SNAPSHOT (OpenJDK 64-Bit Server VM 26.0.2+10-55; scanner=swar),,100002,4216,5.16s,541.70us,27.14us,710.80us,222.09us,514.05us,1.75ms
imported/rsc/long-needle2,count-spans,0.1.0 (rev 9ee90dfb56),safere/utf8,0.12.0-SNAPSHOT (OpenJDK 64-Bit Server VM 26.0.2+10-55; scanner=swar),,100002,67377,5.37s,10.78us,16.00ns,11.23us,8.99us,10.51us,1.77ms
imported/rsc/long-needle2,count-spans,0.1.0 (rev 9ee90dfb56),safere/utf8-vector,0.12.0-SNAPSHOT (OpenJDK 64-Bit Server VM 26.0.2+10-55; scanner=vector),,100002,67315,5.42s,10.72us,64.00ns,11.27us,13.43us,10.43us,2.02ms
imported/rsc/easy0-32,count-spans,0.1.0 (rev 9ee90dfb56),pcre2/jit,10.47 2025-10-21,,58,1000000,583.54ms,48.00ns,1.00ns,51.00ns,125.00ns,45.00ns,24.23us
imported/rsc/easy0-32,count-spans,0.1.0 (rev 9ee90dfb56),re2,2025-11-05,,58,1000000,885.09ms,181.00ns,3.00ns,195.00ns,2.12us,163.00ns,722.32us
imported/rsc/easy0-32,count-spans,0.1.0 (rev 9ee90dfb56),re2j,1.8 (OpenJDK 64-Bit Server VM 26.0.2+10-55),,58,63610,5.32s,732.00ns,5.00ns,821.00ns,1.20us,703.00ns,103.30us
imported/rsc/easy0-32,count-spans,0.1.0 (rev 9ee90dfb56),rust/regex,1.12.4,,58,1000000,604.55ms,29.00ns,1.00ns,31.00ns,124.00ns,26.00ns,33.75us
imported/rsc/easy0-32,count-spans,0.1.0 (rev 9ee90dfb56),safere/string,0.12.0-SNAPSHOT (OpenJDK 64-Bit Server VM 26.0.2+10-55; scanner=swar),,58,107703,5.57s,35.00ns,1.00ns,118.00ns,1.37us,32.00ns,161.02us
imported/rsc/easy0-32,count-spans,0.1.0 (rev 9ee90dfb56),safere/utf8,0.12.0-SNAPSHOT (OpenJDK 64-Bit Server VM 26.0.2+10-55; scanner=swar),,58,77307,5.37s,45.00ns,1.00ns,81.00ns,1.38us,40.00ns,225.02us
imported/rsc/easy0-32,count-spans,0.1.0 (rev 9ee90dfb56),safere/utf8-vector,0.12.0-SNAPSHOT (OpenJDK 64-Bit Server VM 26.0.2+10-55; scanner=vector),,58,79679,5.42s,44.00ns,1.00ns,75.00ns,1.01us,39.00ns,191.23us
imported/rsc/easy0-1k,count-spans,0.1.0 (rev 9ee90dfb56),pcre2/jit,10.47 2025-10-21,,1050,1000000,682.35ms,86.00ns,1.00ns,89.00ns,150.00ns,79.00ns,43.67us
imported/rsc/easy0-1k,count-spans,0.1.0 (rev 9ee90dfb56),re2,2025-11-05,,1050,1000000,884.52ms,186.00ns,3.00ns,191.00ns,248.00ns,170.00ns,44.43us
imported/rsc/easy0-1k,count-spans,0.1.0 (rev 9ee90dfb56),re2j,1.8 (OpenJDK 64-Bit Server VM 26.0.2+10-55),,1050,111558,5.42s,829.00ns,24.00ns,886.00ns,1.04us,769.00ns,130.82us
imported/rsc/easy0-1k,count-spans,0.1.0 (rev 9ee90dfb56),rust/regex,1.12.4,,1050,1000000,633.11ms,58.00ns,1.00ns,59.00ns,128.00ns,49.00ns,45.01us
imported/rsc/easy0-1k,count-spans,0.1.0 (rev 9ee90dfb56),safere/string,0.12.0-SNAPSHOT (OpenJDK 64-Bit Server VM 26.0.2+10-55; scanner=swar),,1050,101166,5.47s,118.00ns,1.00ns,153.00ns,876.00ns,112.00ns,129.15us
imported/rsc/easy0-1k,count-spans,0.1.0 (rev 9ee90dfb56),safere/utf8,0.12.0-SNAPSHOT (OpenJDK 64-Bit Server VM 26.0.2+10-55; scanner=swar),,1050,75697,5.37s,157.00ns,2.00ns,216.00ns,3.02us,148.00ns,717.82us
imported/rsc/easy0-1k,count-spans,0.1.0 (rev 9ee90dfb56),safere/utf8-vector,0.12.0-SNAPSHOT (OpenJDK 64-Bit Server VM 26.0.2+10-55; scanner=vector),,1050,74347,5.42s,160.00ns,2.00ns,231.00ns,5.74us,152.00ns,1.53ms
imported/rsc/easy0-32k,count-spans,0.1.0 (rev 9ee90dfb56),pcre2/jit,10.47 2025-10-21,,32794,1000000,2.89s,1.12us,7.00ns,1.19us,2.53us,1.07us,715.91us
imported/rsc/easy0-32k,count-spans,0.1.0 (rev 9ee90dfb56),re2,2025-11-05,,32794,1000000,1.34s,386.00ns,3.00ns,397.00ns,806.00ns,344.00ns,689.76us
imported/rsc/easy0-32k,count-spans,0.1.0 (rev 9ee90dfb56),re2j,1.8 (OpenJDK 64-Bit Server VM 26.0.2+10-55),,32794,105637,5.47s,3.27us,44.00ns,3.62us,7.53us,3.15us,1.93ms
imported/rsc/easy0-32k,count-spans,0.1.0 (rev 9ee90dfb56),rust/regex,1.12.4,,32794,1000000,2.38s,870.00ns,1.00ns,897.00ns,2.00us,849.00ns,774.85us
imported/rsc/easy0-32k,count-spans,0.1.0 (rev 9ee90dfb56),safere/string,0.12.0-SNAPSHOT (OpenJDK 64-Bit Server VM 26.0.2+10-55; scanner=swar),,32794,70860,5.37s,2.57us,4.00ns,2.83us,12.18us,2.55us,1.81ms
imported/rsc/easy0-32k,count-spans,0.1.0 (rev 9ee90dfb56),safere/utf8,0.12.0-SNAPSHOT (OpenJDK 64-Bit Server VM 26.0.2+10-55; scanner=swar),,32794,103246,5.47s,3.53us,16.00ns,3.71us,9.31us,3.48us,1.72ms
imported/rsc/easy0-32k,count-spans,0.1.0 (rev 9ee90dfb56),safere/utf8-vector,0.12.0-SNAPSHOT (OpenJDK 64-Bit Server VM 26.0.2+10-55; scanner=vector),,32794,102741,5.47s,3.50us,32.00ns,3.71us,6.27us,3.44us,1.64ms
imported/rsc/easy0-1mb,count-spans,0.1.0 (rev 9ee90dfb56),pcre2/jit,10.47 2025-10-21,,1048602,84628,4.57s,34.00us,198.00ns,35.38us,8.19us,32.96us,782.34us
imported/rsc/easy0-1mb,count-spans,0.1.0 (rev 9ee90dfb56),re2,2025-11-05,,1048602,219999,4.62s,13.03us,45.00ns,13.58us,4.41us,12.89us,722.76us
imported/rsc/easy0-1mb,count-spans,0.1.0 (rev 9ee90dfb56),re2j,1.8 (OpenJDK 64-Bit Server VM 26.0.2+10-55),,1048602,33714,5.22s,86.27us,6.53us,88.80us,14.01us,79.62us,0.97ms
imported/rsc/easy0-1mb,count-spans,0.1.0 (rev 9ee90dfb56),rust/regex,1.12.4,,1048602,107287,4.57s,27.01us,76.00ns,27.89us,6.28us,26.91us,757.57us
imported/rsc/easy0-1mb,count-spans,0.1.0 (rev 9ee90dfb56),safere/string,0.12.0-SNAPSHOT (OpenJDK 64-Bit Server VM 26.0.2+10-55; scanner=swar),,1048602,36093,5.32s,80.64us,128.00ns,82.92us,12.59us,80.51us,826.37us
imported/rsc/easy0-1mb,count-spans,0.1.0 (rev 9ee90dfb56),safere/utf8,0.12.0-SNAPSHOT (OpenJDK 64-Bit Server VM 26.0.2+10-55; scanner=swar),,1048602,25840,5.27s,112.77us,128.00ns,115.83us,14.14us,112.38us,865.28us
imported/rsc/easy0-1mb,count-spans,0.1.0 (rev 9ee90dfb56),safere/utf8-vector,0.12.0-SNAPSHOT (OpenJDK 64-Bit Server VM 26.0.2+10-55; scanner=vector),,1048602,25865,5.27s,112.77us,128.00ns,115.73us,14.95us,112.38us,867.33us
imported/rsc/easy1-32,count-spans,0.1.0 (rev 9ee90dfb56),pcre2/jit,10.47 2025-10-21,,51,1000000,633.99ms,50.00ns,1.00ns,54.00ns,764.00ns,46.00ns,735.89us
imported/rsc/easy1-32,count-spans,0.1.0 (rev 9ee90dfb56),re2,2025-11-05,,51,1000000,734.96ms,111.00ns,1.00ns,115.00ns,246.00ns,97.00ns,68.66us
imported/rsc/easy1-32,count-spans,0.1.0 (rev 9ee90dfb56),re2j,1.8 (OpenJDK 64-Bit Server VM 26.0.2+10-55),,51,75498,5.37s,615.00ns,9.00ns,697.00ns,1.33us,567.00ns,188.67us
imported/rsc/easy1-32,count-spans,0.1.0 (rev 9ee90dfb56),rust/regex,1.12.4,,51,1000000,685.11ms,57.00ns,1.00ns,61.00ns,304.00ns,54.00ns,199.84us
imported/rsc/easy1-32,count-spans,0.1.0 (rev 9ee90dfb56),safere/string,0.12.0-SNAPSHOT (OpenJDK 64-Bit Server VM 26.0.2+10-55; scanner=swar),,51,93623,5.52s,248.00ns,4.00ns,330.00ns,6.53us,230.00ns,1.97ms
imported/rsc/easy1-32,count-spans,0.1.0 (rev 9ee90dfb56),safere/utf8,0.12.0-SNAPSHOT (OpenJDK 64-Bit Server VM 26.0.2+10-55; scanner=swar),,51,86418,5.52s,265.00ns,4.00ns,351.00ns,7.71us,244.00ns,2.24ms
imported/rsc/easy1-32,count-spans,0.1.0 (rev 9ee90dfb56),safere/utf8-vector,0.12.0-SNAPSHOT (OpenJDK 64-Bit Server VM 26.0.2+10-55; scanner=vector),,51,84559,5.52s,262.00ns,7.00ns,356.00ns,8.09us,237.00ns,2.34ms
imported/rsc/easy1-1k,count-spans,0.1.0 (rev 9ee90dfb56),pcre2/jit,10.47 2025-10-21,,1043,1000000,683.70ms,75.00ns,1.00ns,81.00ns,224.00ns,71.00ns,53.30us
imported/rsc/easy1-1k,count-spans,0.1.0 (rev 9ee90dfb56),re2,2025-11-05,,1043,1000000,787.77ms,112.00ns,4.00ns,114.00ns,242.00ns,100.00ns,34.37us
imported/rsc/easy1-1k,count-spans,0.1.0 (rev 9ee90dfb56),re2j,1.8 (OpenJDK 64-Bit Server VM 26.0.2+10-55),,1043,66807,5.37s,687.00ns,10.00ns,851.00ns,6.13us,638.00ns,692.22us
imported/rsc/easy1-1k,count-spans,0.1.0 (rev 9ee90dfb56),rust/regex,1.12.4,,1043,1000000,633.49ms,57.00ns,1.00ns,59.00ns,221.00ns,53.00ns,103.18us
imported/rsc/easy1-1k,count-spans,0.1.0 (rev 9ee90dfb56),safere/string,0.12.0-SNAPSHOT (OpenJDK 64-Bit Server VM 26.0.2+10-55; scanner=swar),,1043,94377,5.47s,243.00ns,4.00ns,316.00ns,5.65us,228.00ns,1.71ms
imported/rsc/easy1-1k,count-spans,0.1.0 (rev 9ee90dfb56),safere/utf8,0.12.0-SNAPSHOT (OpenJDK 64-Bit Server VM 26.0.2+10-55; scanner=swar),,1043,80892,5.47s,299.00ns,8.00ns,379.00ns,2.88us,266.00ns,744.45us
imported/rsc/easy1-1k,count-spans,0.1.0 (rev 9ee90dfb56),safere/utf8-vector,0.12.0-SNAPSHOT (OpenJDK 64-Bit Server VM 26.0.2+10-55; scanner=vector),,1043,78998,5.52s,300.00ns,9.00ns,362.00ns,1.09us,272.00ns,143.62us
imported/rsc/easy1-32k,count-spans,0.1.0 (rev 9ee90dfb56),pcre2/jit,10.47 2025-10-21,,32787,1000000,2.09s,691.00ns,12.00ns,804.00ns,1.17us,671.00ns,671.88us
imported/rsc/easy1-32k,count-spans,0.1.0 (rev 9ee90dfb56),re2,2025-11-05,,32787,1000000,786.24ms,110.00ns,5.00ns,114.00ns,263.00ns,97.00ns,70.84us
imported/rsc/easy1-32k,count-spans,0.1.0 (rev 9ee90dfb56),re2j,1.8 (OpenJDK 64-Bit Server VM 26.0.2+10-55),,32787,108847,5.47s,3.38us,228.00ns,3.52us,8.68us,3.02us,1.89ms
imported/rsc/easy1-32k,count-spans,0.1.0 (rev 9ee90dfb56),rust/regex,1.12.4,,32787,1000000,634.28ms,57.00ns,1.00ns,60.00ns,169.00ns,54.00ns,61.60us
imported/rsc/easy1-32k,count-spans,0.1.0 (rev 9ee90dfb56),safere/string,0.12.0-SNAPSHOT (OpenJDK 64-Bit Server VM 26.0.2+10-55; scanner=swar),,32787,117125,5.57s,766.00ns,11.00ns,886.00ns,8.66us,718.00ns,1.81ms
imported/rsc/easy1-32k,count-spans,0.1.0 (rev 9ee90dfb56),safere/utf8,0.12.0-SNAPSHOT (OpenJDK 64-Bit Server VM 26.0.2+10-55; scanner=swar),,32787,102859,5.57s,1.71us,20.00ns,1.93us,7.71us,1.65us,1.53ms
imported/rsc/easy1-32k,count-spans,0.1.0 (rev 9ee90dfb56),safere/utf8-vector,0.12.0-SNAPSHOT (OpenJDK 64-Bit Server VM 26.0.2+10-55; scanner=vector),,32787,101415,5.62s,1.68us,24.00ns,1.98us,14.02us,1.60us,2.11ms
imported/rsc/easy1-1mb,count-spans,0.1.0 (rev 9ee90dfb56),pcre2/jit,10.47 2025-10-21,,1048595,118100,4.62s,23.13us,659.00ns,25.30us,8.85us,21.39us,887.62us
imported/rsc/easy1-1mb,count-spans,0.1.0 (rev 9ee90dfb56),re2,2025-11-05,,1048595,1000000,835.97ms,116.00ns,5.00ns,130.00ns,459.00ns,103.00ns,182.16us
imported/rsc/easy1-1mb,count-spans,0.1.0 (rev 9ee90dfb56),re2j,1.8 (OpenJDK 64-Bit Server VM 26.0.2+10-55),,1048595,30610,5.27s,94.72us,9.34us,97.76us,24.06us,79.49us,1.51ms
imported/rsc/easy1-1mb,count-spans,0.1.0 (rev 9ee90dfb56),rust/regex,1.12.4,,1048595,1000000,735.99ms,59.00ns,2.00ns,64.00ns,222.00ns,55.00ns,44.09us
imported/rsc/easy1-1mb,count-spans,0.1.0 (rev 9ee90dfb56),safere/string,0.12.0-SNAPSHOT (OpenJDK 64-Bit Server VM 26.0.2+10-55; scanner=swar),,1048595,59962,5.52s,23.26us,800.00ns,24.98us,9.76us,21.86us,776.19us
imported/rsc/easy1-1mb,count-spans,0.1.0 (rev 9ee90dfb56),safere/utf8,0.12.0-SNAPSHOT (OpenJDK 64-Bit Server VM 26.0.2+10-55; scanner=swar),,1048595,56459,5.47s,48.96us,2.05us,53.02us,23.88us,45.38us,4.75ms
imported/rsc/easy1-1mb,count-spans,0.1.0 (rev 9ee90dfb56),safere/utf8-vector,0.12.0-SNAPSHOT (OpenJDK 64-Bit Server VM 26.0.2+10-55; scanner=vector),,1048595,58245,5.57s,48.32us,1.47us,51.39us,21.91us,45.31us,4.04ms
imported/rsc/medium-32,count-spans,0.1.0 (rev 9ee90dfb56),pcre2/jit,10.47 2025-10-21,,59,1000000,684.54ms,60.00ns,1.00ns,65.00ns,340.00ns,53.00ns,215.32us
imported/rsc/medium-32,count-spans,0.1.0 (rev 9ee90dfb56),re2,2025-11-05,,59,1000000,835.08ms,122.00ns,3.00ns,130.00ns,345.00ns,108.00ns,37.43us
imported/rsc/medium-32,count-spans,0.1.0 (rev 9ee90dfb56),re2j,1.8 (OpenJDK 64-Bit Server VM 26.0.2+10-55),,59,110601,5.47s,1.56us,38.00ns,1.76us,6.66us,1.46us,2.01ms
imported/rsc/medium-32,count-spans,0.1.0 (rev 9ee90dfb56),rust/regex,1.12.4,,59,1000000,683.45ms,68.00ns,1.00ns,72.00ns,274.00ns,65.00ns,148.10us
imported/rsc/medium-32,count-spans,0.1.0 (rev 9ee90dfb56),safere/string,0.12.0-SNAPSHOT (OpenJDK 64-Bit Server VM 26.0.2+10-55; scanner=swar),,59,73470,5.47s,314.00ns,6.00ns,393.00ns,1.51us,289.00ns,195.58us
imported/rsc/medium-32,count-spans,0.1.0 (rev 9ee90dfb56),safere/utf8,0.12.0-SNAPSHOT (OpenJDK 64-Bit Server VM 26.0.2+10-55; scanner=swar),,59,74425,5.47s,312.00ns,5.00ns,429.00ns,9.92us,290.00ns,2.59ms
imported/rsc/medium-32,count-spans,0.1.0 (rev 9ee90dfb56),safere/utf8-vector,0.12.0-SNAPSHOT (OpenJDK 64-Bit Server VM 26.0.2+10-55; scanner=vector),,59,74619,5.47s,318.00ns,5.00ns,386.00ns,1.02us,290.00ns,55.55us
imported/rsc/medium-1k,count-spans,0.1.0 (rev 9ee90dfb56),pcre2/jit,10.47 2025-10-21,,1051,1000000,1.24s,322.00ns,5.00ns,348.00ns,909.00ns,301.00ns,710.11us
imported/rsc/medium-1k,count-spans,0.1.0 (rev 9ee90dfb56),re2,2025-11-05,,1051,1000000,784.80ms,126.00ns,1.00ns,130.00ns,256.00ns,111.00ns,137.77us
imported/rsc/medium-1k,count-spans,0.1.0 (rev 9ee90dfb56),re2j,1.8 (OpenJDK 64-Bit Server VM 26.0.2+10-55),,1051,65022,5.32s,22.27us,384.00ns,23.10us,10.48us,21.44us,1.82ms
imported/rsc/medium-1k,count-spans,0.1.0 (rev 9ee90dfb56),rust/regex,1.12.4,,1051,1000000,632.33ms,66.00ns,1.00ns,69.00ns,180.00ns,63.00ns,43.03us
imported/rsc/medium-1k,count-spans,0.1.0 (rev 9ee90dfb56),safere/string,0.12.0-SNAPSHOT (OpenJDK 64-Bit Server VM 26.0.2+10-55; scanner=swar),,1051,74785,5.42s,323.00ns,7.00ns,412.00ns,6.58us,291.00ns,1.77ms
imported/rsc/medium-1k,count-spans,0.1.0 (rev 9ee90dfb56),safere/utf8,0.12.0-SNAPSHOT (OpenJDK 64-Bit Server VM 26.0.2+10-55; scanner=swar),,1051,114016,5.57s,414.00ns,7.00ns,467.00ns,2.38us,376.00ns,745.47us
imported/rsc/medium-1k,count-spans,0.1.0 (rev 9ee90dfb56),safere/utf8-vector,0.12.0-SNAPSHOT (OpenJDK 64-Bit Server VM 26.0.2+10-55; scanner=vector),,1051,114399,5.57s,419.00ns,7.00ns,482.00ns,5.43us,378.00ns,1.81ms
imported/rsc/medium-32k,count-spans,0.1.0 (rev 9ee90dfb56),pcre2/jit,10.47 2025-10-21,,32795,334975,4.67s,8.69us,35.00ns,8.91us,3.89us,8.41us,719.31us
imported/rsc/medium-32k,count-spans,0.1.0 (rev 9ee90dfb56),re2,2025-11-05,,32795,1000000,784.01ms,126.00ns,1.00ns,130.00ns,312.00ns,113.00ns,248.27us
imported/rsc/medium-32k,count-spans,0.1.0 (rev 9ee90dfb56),re2j,1.8 (OpenJDK 64-Bit Server VM 26.0.2+10-55),,32795,4055,5.06s,726.02us,6.14us,738.91us,48.20us,708.61us,1.52ms
imported/rsc/medium-32k,count-spans,0.1.0 (rev 9ee90dfb56),rust/regex,1.12.4,,32795,1000000,632.97ms,66.00ns,0.00ns,68.00ns,134.00ns,63.00ns,30.86us
imported/rsc/medium-32k,count-spans,0.1.0 (rev 9ee90dfb56),safere/string,0.12.0-SNAPSHOT (OpenJDK 64-Bit Server VM 26.0.2+10-55; scanner=swar),,32795,108648,5.52s,846.00ns,11.00ns,923.00ns,1.38us,795.00ns,198.91us
imported/rsc/medium-32k,count-spans,0.1.0 (rev 9ee90dfb56),safere/utf8,0.12.0-SNAPSHOT (OpenJDK 64-Bit Server VM 26.0.2+10-55; scanner=swar),,32795,92697,5.47s,3.91us,16.00ns,4.12us,10.05us,3.80us,1.79ms
imported/rsc/medium-32k,count-spans,0.1.0 (rev 9ee90dfb56),safere/utf8-vector,0.12.0-SNAPSHOT (OpenJDK 64-Bit Server VM 26.0.2+10-55; scanner=vector),,32795,93054,5.52s,3.90us,16.00ns,4.12us,13.40us,3.84us,2.27ms
imported/rsc/medium-1mb,count-spans,0.1.0 (rev 9ee90dfb56),pcre2/jit,10.47 2025-10-21,,1048603,10560,4.51s,277.10us,291.00ns,283.98us,31.06us,276.23us,1.53ms
imported/rsc/medium-1mb,count-spans,0.1.0 (rev 9ee90dfb56),re2,2025-11-05,,1048603,1000000,734.47ms,121.00ns,1.00ns,123.00ns,708.00ns,107.00ns,685.47us
imported/rsc/medium-1mb,count-spans,0.1.0 (rev 9ee90dfb56),re2j,1.8 (OpenJDK 64-Bit Server VM 26.0.2+10-55),,1048603,127,5.12s,23.53ms,163.84us,23.67ms,499.99us,23.27ms,27.89ms
imported/rsc/medium-1mb,count-spans,0.1.0 (rev 9ee90dfb56),rust/regex,1.12.4,,1048603,1000000,633.38ms,66.00ns,1.00ns,68.00ns,157.00ns,63.00ns,49.63us
imported/rsc/medium-1mb,count-spans,0.1.0 (rev 9ee90dfb56),safere/string,0.12.0-SNAPSHOT (OpenJDK 64-Bit Server VM 26.0.2+10-55; scanner=swar),,1048603,63840,5.42s,22.85us,128.00ns,23.48us,10.83us,22.11us,1.83ms
imported/rsc/medium-1mb,count-spans,0.1.0 (rev 9ee90dfb56),safere/utf8,0.12.0-SNAPSHOT (OpenJDK 64-Bit Server VM 26.0.2+10-55; scanner=swar),,1048603,25052,5.32s,116.61us,2.30us,119.46us,15.14us,113.92us,854.02us
imported/rsc/medium-1mb,count-spans,0.1.0 (rev 9ee90dfb56),safere/utf8-vector,0.12.0-SNAPSHOT (OpenJDK 64-Bit Server VM 26.0.2+10-55; scanner=vector),,1048603,25123,5.32s,116.10us,640.00ns,119.11us,14.62us,113.02us,855.04us
imported/rsc/hard-32,count-spans,0.1.0 (rev 9ee90dfb56),pcre2/jit,10.47 2025-10-21,,58,1000000,684.59ms,81.00ns,1.00ns,84.00ns,738.00ns,67.00ns,698.55us
imported/rsc/hard-32,count-spans,0.1.0 (rev 9ee90dfb56),re2,2025-11-05,,58,1000000,884.97ms,158.00ns,2.00ns,164.00ns,247.00ns,146.00ns,89.00us
imported/rsc/hard-32,count-spans,0.1.0 (rev 9ee90dfb56),re2j,1.8 (OpenJDK 64-Bit Server VM 26.0.2+10-55),,58,82127,5.37s,2.23us,24.00ns,2.42us,10.60us,2.16us,2.00ms
imported/rsc/hard-32,count-spans,0.1.0 (rev 9ee90dfb56),rust/regex,1.12.4,,58,1000000,783.88ms,120.00ns,1.00ns,124.00ns,203.00ns,115.00ns,43.72us
imported/rsc/hard-32,count-spans,0.1.0 (rev 9ee90dfb56),safere/string,0.12.0-SNAPSHOT (OpenJDK 64-Bit Server VM 26.0.2+10-55; scanner=swar),,58,69718,5.47s,1.31us,22.00ns,1.51us,9.58us,1.20us,1.97ms
imported/rsc/hard-32,count-spans,0.1.0 (rev 9ee90dfb56),safere/utf8,0.12.0-SNAPSHOT (OpenJDK 64-Bit Server VM 26.0.2+10-55; scanner=swar),,58,59446,5.42s,1.54us,26.00ns,1.76us,10.06us,1.42us,1.85ms
imported/rsc/hard-32,count-spans,0.1.0 (rev 9ee90dfb56),safere/utf8-vector,0.12.0-SNAPSHOT (OpenJDK 64-Bit Server VM 26.0.2+10-55; scanner=vector),,58,114894,5.57s,1.58us,22.00ns,1.71us,6.44us,1.44us,1.79ms
imported/rsc/hard-1k,count-spans,0.1.0 (rev 9ee90dfb56),pcre2/jit,10.47 2025-10-21,,1050,1000000,1.79s,603.00ns,3.00ns,629.00ns,1.12us,569.00ns,713.34us
imported/rsc/hard-1k,count-spans,0.1.0 (rev 9ee90dfb56),re2,2025-11-05,,1050,1000000,783.63ms,123.00ns,1.00ns,126.00ns,257.00ns,110.00ns,173.87us
imported/rsc/hard-1k,count-spans,0.1.0 (rev 9ee90dfb56),re2j,1.8 (OpenJDK 64-Bit Server VM 26.0.2+10-55),,1050,40826,5.22s,35.39us,320.00ns,36.72us,10.89us,34.18us,776.19us
imported/rsc/hard-1k,count-spans,0.1.0 (rev 9ee90dfb56),rust/regex,1.12.4,,1050,1000000,682.73ms,67.00ns,1.00ns,68.00ns,142.00ns,64.00ns,46.04us
imported/rsc/hard-1k,count-spans,0.1.0 (rev 9ee90dfb56),safere/string,0.12.0-SNAPSHOT (OpenJDK 64-Bit Server VM 26.0.2+10-55; scanner=swar),,1050,111872,5.52s,823.00ns,21.00ns,920.00ns,5.22us,763.00ns,1.55ms
imported/rsc/hard-1k,count-spans,0.1.0 (rev 9ee90dfb56),safere/utf8,0.12.0-SNAPSHOT (OpenJDK 64-Bit Server VM 26.0.2+10-55; scanner=swar),,1050,95678,5.52s,0.96us,17.00ns,1.11us,8.17us,876.00ns,2.12ms
imported/rsc/hard-1k,count-spans,0.1.0 (rev 9ee90dfb56),safere/utf8-vector,0.12.0-SNAPSHOT (OpenJDK 64-Bit Server VM 26.0.2+10-55; scanner=vector),,1050,93628,5.57s,0.98us,16.00ns,1.12us,8.16us,875.00ns,1.70ms
imported/rsc/hard-32k,count-spans,0.1.0 (rev 9ee90dfb56),pcre2/jit,10.47 2025-10-21,,32794,121853,4.57s,23.94us,184.00ns,24.57us,5.65us,22.93us,750.49us
imported/rsc/hard-32k,count-spans,0.1.0 (rev 9ee90dfb56),re2,2025-11-05,,32794,1000000,783.74ms,120.00ns,2.00ns,121.00ns,249.00ns,107.00ns,185.98us
imported/rsc/hard-32k,count-spans,0.1.0 (rev 9ee90dfb56),re2j,1.8 (OpenJDK 64-Bit Server VM 26.0.2+10-55),,32794,2736,5.06s,1.08ms,10.24us,1.10ms,69.14us,1.05ms,2.61ms
imported/rsc/hard-32k,count-spans,0.1.0 (rev 9ee90dfb56),rust/regex,1.12.4,,32794,1000000,721.96ms,66.00ns,1.00ns,70.00ns,770.00ns,64.00ns,751.74us
imported/rsc/hard-32k,count-spans,0.1.0 (rev 9ee90dfb56),safere/string,0.12.0-SNAPSHOT (OpenJDK 64-Bit Server VM 26.0.2+10-55; scanner=swar),,32794,93215,5.47s,1.95us,28.00ns,2.18us,11.25us,1.76us,1.70ms
imported/rsc/hard-32k,count-spans,0.1.0 (rev 9ee90dfb56),safere/utf8,0.12.0-SNAPSHOT (OpenJDK 64-Bit Server VM 26.0.2+10-55; scanner=swar),,32794,62226,5.42s,5.78us,32.00ns,6.21us,15.46us,5.58us,1.87ms
imported/rsc/hard-32k,count-spans,0.1.0 (rev 9ee90dfb56),safere/utf8-vector,0.12.0-SNAPSHOT (OpenJDK 64-Bit Server VM 26.0.2+10-55; scanner=vector),,32794,62532,5.42s,5.77us,40.00ns,6.38us,39.02us,5.54us,8.62ms
imported/rsc/hard-1mb,count-spans,0.1.0 (rev 9ee90dfb56),pcre2/jit,10.47 2025-10-21,,1048602,3444,4.51s,859.74us,7.00us,871.11us,48.61us,839.60us,1.61ms
imported/rsc/hard-1mb,count-spans,0.1.0 (rev 9ee90dfb56),re2,2025-11-05,,1048602,1000000,833.95ms,158.00ns,1.00ns,163.00ns,250.00ns,137.00ns,70.70us
imported/rsc/hard-1mb,count-spans,0.1.0 (rev 9ee90dfb56),re2j,1.8 (OpenJDK 64-Bit Server VM 26.0.2+10-55),,1048602,84,5.16s,35.72ms,327.68us,35.98ms,1.36ms,34.87ms,44.76ms
imported/rsc/hard-1mb,count-spans,0.1.0 (rev 9ee90dfb56),rust/regex,1.12.4,,1048602,1000000,733.92ms,114.00ns,1.00ns,117.00ns,235.00ns,110.00ns,145.84us
imported/rsc/hard-1mb,count-spans,0.1.0 (rev 9ee90dfb56),safere/string,0.12.0-SNAPSHOT (OpenJDK 64-Bit Server VM 26.0.2+10-55; scanner=swar),,1048602,33202,5.32s,43.65us,896.00ns,45.14us,23.09us,41.41us,3.67ms
imported/rsc/hard-1mb,count-spans,0.1.0 (rev 9ee90dfb56),safere/utf8,0.12.0-SNAPSHOT (OpenJDK 64-Bit Server VM 26.0.2+10-55; scanner=swar),,1048602,15580,5.32s,186.37us,3.58us,192.05us,27.08us,181.76us,1.01ms
imported/rsc/hard-1mb,count-spans,0.1.0 (rev 9ee90dfb56),safere/utf8-vector,0.12.0-SNAPSHOT (OpenJDK 64-Bit Server VM 26.0.2+10-55; scanner=vector),,1048602,15624,5.31s,185.09us,2.56us,191.56us,22.18us,182.02us,1.06ms
imported/rsc/reallyhard0-32,count-spans,0.1.0 (rev 9ee90dfb56),pcre2/jit,10.47 2025-10-21,,58,1000000,722.30ms,66.00ns,1.00ns,69.00ns,220.00ns,63.00ns,145.22us
imported/rsc/reallyhard0-32,count-spans,0.1.0 (rev 9ee90dfb56),re2,2025-11-05,,58,1000000,1.04s,243.00ns,2.00ns,252.00ns,387.00ns,223.00ns,183.89us
imported/rsc/reallyhard0-32,count-spans,0.1.0 (rev 9ee90dfb56),re2j,1.8 (OpenJDK 64-Bit Server VM 26.0.2+10-55),,58,78165,5.37s,2.31us,32.00ns,2.51us,7.08us,2.23us,1.52ms
imported/rsc/reallyhard0-32,count-spans,0.1.0 (rev 9ee90dfb56),rust/regex,1.12.4,,58,1000000,0.97s,180.00ns,2.00ns,187.00ns,291.00ns,172.00ns,61.96us
imported/rsc/reallyhard0-32,count-spans,0.1.0 (rev 9ee90dfb56),safere/string,0.12.0-SNAPSHOT (OpenJDK 64-Bit Server VM 26.0.2+10-55; scanner=swar),,58,101131,5.52s,917.00ns,23.00ns,1.01us,6.03us,818.00ns,1.72ms
imported/rsc/reallyhard0-32,count-spans,0.1.0 (rev 9ee90dfb56),safere/utf8,0.12.0-SNAPSHOT (OpenJDK 64-Bit Server VM 26.0.2+10-55; scanner=swar),,58,82431,5.47s,1.11us,20.00ns,1.29us,11.26us,1.05us,1.95ms
imported/rsc/reallyhard0-32,count-spans,0.1.0 (rev 9ee90dfb56),safere/utf8-vector,0.12.0-SNAPSHOT (OpenJDK 64-Bit Server VM 26.0.2+10-55; scanner=vector),,58,83019,5.47s,1.11us,20.00ns,1.24us,8.02us,1.03us,2.07ms
imported/rsc/reallyhard0-1k,count-spans,0.1.0 (rev 9ee90dfb56),pcre2/jit,10.47 2025-10-21,,1050,1000000,1.59s,513.00ns,6.00ns,525.00ns,828.00ns,492.00ns,683.24us
imported/rsc/reallyhard0-1k,count-spans,0.1.0 (rev 9ee90dfb56),re2,2025-11-05,,1050,1000000,2.99s,1.21us,12.00ns,1.25us,1.23us,1.18us,730.24us
imported/rsc/reallyhard0-1k,count-spans,0.1.0 (rev 9ee90dfb56),re2j,1.8 (OpenJDK 64-Bit Server VM 26.0.2+10-55),,1050,40540,5.22s,35.71us,384.00ns,37.05us,9.90us,34.75us,781.31us
imported/rsc/reallyhard0-1k,count-spans,0.1.0 (rev 9ee90dfb56),rust/regex,1.12.4,,1050,1000000,733.63ms,119.00ns,2.00ns,120.00ns,305.00ns,107.00ns,230.09us
imported/rsc/reallyhard0-1k,count-spans,0.1.0 (rev 9ee90dfb56),safere/string,0.12.0-SNAPSHOT (OpenJDK 64-Bit Server VM 26.0.2+10-55; scanner=swar),,1050,86008,5.52s,268.00ns,12.00ns,356.00ns,5.56us,240.00ns,1.58ms
imported/rsc/reallyhard0-1k,count-spans,0.1.0 (rev 9ee90dfb56),safere/utf8,0.12.0-SNAPSHOT (OpenJDK 64-Bit Server VM 26.0.2+10-55; scanner=swar),,1050,90757,5.52s,522.00ns,11.00ns,590.00ns,2.55us,410.00ns,691.20us
imported/rsc/reallyhard0-1k,count-spans,0.1.0 (rev 9ee90dfb56),safere/utf8-vector,0.12.0-SNAPSHOT (OpenJDK 64-Bit Server VM 26.0.2+10-55; scanner=vector),,1050,95003,5.57s,501.00ns,11.00ns,582.00ns,3.47us,406.00ns,708.61us
imported/rsc/reallyhard0-32k,count-spans,0.1.0 (rev 9ee90dfb56),pcre2/jit,10.47 2025-10-21,,32794,125092,4.57s,23.32us,276.00ns,23.93us,5.49us,22.18us,738.71us
imported/rsc/reallyhard0-32k,count-spans,0.1.0 (rev 9ee90dfb56),re2,2025-11-05,,32794,86861,4.57s,33.75us,9.00ns,34.48us,6.78us,33.73us,750.14us
imported/rsc/reallyhard0-32k,count-spans,0.1.0 (rev 9ee90dfb56),re2j,1.8 (OpenJDK 64-Bit Server VM 26.0.2+10-55),,32794,2691,5.06s,1.10ms,14.34us,1.11ms,94.59us,1.06ms,4.43ms
imported/rsc/reallyhard0-32k,count-spans,0.1.0 (rev 9ee90dfb56),rust/regex,1.12.4,,32794,1000000,2.44s,918.00ns,3.00ns,0.95us,927.00ns,808.00ns,714.95us
imported/rsc/reallyhard0-32k,count-spans,0.1.0 (rev 9ee90dfb56),safere/string,0.12.0-SNAPSHOT (OpenJDK 64-Bit Server VM 26.0.2+10-55; scanner=swar),,32794,66751,5.42s,1.39us,20.00ns,1.64us,15.24us,1.20us,1.77ms
imported/rsc/reallyhard0-32k,count-spans,0.1.0 (rev 9ee90dfb56),safere/utf8,0.12.0-SNAPSHOT (OpenJDK 64-Bit Server VM 26.0.2+10-55; scanner=swar),,32794,69052,5.42s,5.20us,48.00ns,5.62us,16.00us,5.03us,1.77ms
imported/rsc/reallyhard0-32k,count-spans,0.1.0 (rev 9ee90dfb56),safere/utf8-vector,0.12.0-SNAPSHOT (OpenJDK 64-Bit Server VM 26.0.2+10-55; scanner=vector),,32794,65447,5.47s,5.48us,56.00ns,5.91us,13.53us,5.31us,2.08ms
imported/rsc/reallyhard0-1mb,count-spans,0.1.0 (rev 9ee90dfb56),pcre2/jit,10.47 2025-10-21,,1048602,3386,4.51s,875.63us,6.00us,886.03us,46.18us,856.84us,1.63ms
imported/rsc/reallyhard0-1mb,count-spans,0.1.0 (rev 9ee90dfb56),re2,2025-11-05,,1048602,2735,4.51s,1.08ms,13.98us,1.10ms,67.79us,1.05ms,1.93ms
imported/rsc/reallyhard0-1mb,count-spans,0.1.0 (rev 9ee90dfb56),re2j,1.8 (OpenJDK 64-Bit Server VM 26.0.2+10-55),,1048602,85,5.16s,35.13ms,262.14us,35.28ms,791.91us,34.47ms,40.24ms
imported/rsc/reallyhard0-1mb,count-spans,0.1.0 (rev 9ee90dfb56),rust/regex,1.12.4,,1048602,105291,4.56s,27.92us,148.00ns,28.42us,6.74us,26.74us,733.57us
imported/rsc/reallyhard0-1mb,count-spans,0.1.0 (rev 9ee90dfb56),safere/string,0.12.0-SNAPSHOT (OpenJDK 64-Bit Server VM 26.0.2+10-55; scanner=swar),,1048602,33630,5.32s,42.50us,896.00ns,44.59us,26.68us,41.34us,4.59ms
imported/rsc/reallyhard0-1mb,count-spans,0.1.0 (rev 9ee90dfb56),safere/utf8,0.12.0-SNAPSHOT (OpenJDK 64-Bit Server VM 26.0.2+10-55; scanner=swar),,1048602,15651,5.32s,186.11us,256.00ns,191.25us,26.81us,185.34us,1.55ms
imported/rsc/reallyhard0-1mb,count-spans,0.1.0 (rev 9ee90dfb56),safere/utf8-vector,0.12.0-SNAPSHOT (OpenJDK 64-Bit Server VM 26.0.2+10-55; scanner=vector),,1048602,15707,5.31s,184.58us,2.56us,190.54us,23.64us,181.76us,1.62ms
imported/rsc/reallyreallyhard0-32,count-spans,0.1.0 (rev 9ee90dfb56),pcre2/jit,10.47 2025-10-21,,47,1000000,683.18ms,64.00ns,2.00ns,67.00ns,160.00ns,58.00ns,41.52us
imported/rsc/reallyreallyhard0-32,count-spans,0.1.0 (rev 9ee90dfb56),re2,2025-11-05,,47,1000000,0.99s,212.00ns,2.00ns,218.00ns,757.00ns,201.00ns,719.97us
imported/rsc/reallyreallyhard0-32,count-spans,0.1.0 (rev 9ee90dfb56),re2j,1.8 (OpenJDK 64-Bit Server VM 26.0.2+10-55),,47,87617,5.37s,2.08us,20.00ns,2.23us,7.96us,1.94us,1.70ms
imported/rsc/reallyreallyhard0-32,count-spans,0.1.0 (rev 9ee90dfb56),rust/regex,1.12.4,,47,1000000,885.71ms,175.00ns,2.00ns,181.00ns,537.00ns,166.00ns,438.19us
imported/rsc/reallyreallyhard0-32,count-spans,0.1.0 (rev 9ee90dfb56),safere/string,0.12.0-SNAPSHOT (OpenJDK 64-Bit Server VM 26.0.2+10-55; scanner=swar),,47,91517,5.47s,260.00ns,5.00ns,330.00ns,5.65us,220.00ns,1.46ms
imported/rsc/reallyreallyhard0-32,count-spans,0.1.0 (rev 9ee90dfb56),safere/utf8,0.12.0-SNAPSHOT (OpenJDK 64-Bit Server VM 26.0.2+10-55; scanner=swar),,47,78639,5.42s,298.00ns,4.00ns,350.00ns,1.11us,254.00ns,132.86us
imported/rsc/reallyreallyhard0-32,count-spans,0.1.0 (rev 9ee90dfb56),safere/utf8-vector,0.12.0-SNAPSHOT (OpenJDK 64-Bit Server VM 26.0.2+10-55; scanner=vector),,47,83744,5.47s,296.00ns,5.00ns,353.00ns,2.57us,252.00ns,673.79us
imported/rsc/reallyreallyhard0-1k,count-spans,0.1.0 (rev 9ee90dfb56),pcre2/jit,10.47 2025-10-21,,1039,1000000,1.94s,671.00ns,9.00ns,691.00ns,1.06us,657.00ns,697.50us
imported/rsc/reallyreallyhard0-1k,count-spans,0.1.0 (rev 9ee90dfb56),re2,2025-11-05,,1039,1000000,2.99s,1.18us,8.00ns,1.23us,1.19us,1.16us,690.93us
imported/rsc/reallyreallyhard0-1k,count-spans,0.1.0 (rev 9ee90dfb56),re2j,1.8 (OpenJDK 64-Bit Server VM 26.0.2+10-55),,1039,33536,5.22s,43.39us,320.00ns,44.72us,9.88us,41.92us,732.16us
imported/rsc/reallyreallyhard0-1k,count-spans,0.1.0 (rev 9ee90dfb56),rust/regex,1.12.4,,1039,1000000,734.14ms,117.00ns,1.00ns,122.00ns,282.00ns,106.00ns,145.66us
imported/rsc/reallyreallyhard0-1k,count-spans,0.1.0 (rev 9ee90dfb56),safere/string,0.12.0-SNAPSHOT (OpenJDK 64-Bit Server VM 26.0.2+10-55; scanner=swar),,1039,63192,5.42s,1.44us,12.00ns,1.61us,7.65us,1.41us,1.75ms
imported/rsc/reallyreallyhard0-1k,count-spans,0.1.0 (rev 9ee90dfb56),safere/utf8,0.12.0-SNAPSHOT (OpenJDK 64-Bit Server VM 26.0.2+10-55; scanner=swar),,1039,113676,5.57s,1.61us,8.00ns,1.72us,6.85us,1.54us,1.61ms
imported/rsc/reallyreallyhard0-1k,count-spans,0.1.0 (rev 9ee90dfb56),safere/utf8-vector,0.12.0-SNAPSHOT (OpenJDK 64-Bit Server VM 26.0.2+10-55; scanner=vector),,1039,113727,5.52s,1.60us,8.00ns,1.71us,5.53us,1.53us,1.68ms
imported/rsc/reallyreallyhard0-32k,count-spans,0.1.0 (rev 9ee90dfb56),pcre2/jit,10.47 2025-10-21,,32783,102705,4.57s,28.02us,514.00ns,29.15us,9.71us,26.14us,780.14us
imported/rsc/reallyreallyhard0-32k,count-spans,0.1.0 (rev 9ee90dfb56),re2,2025-11-05,,32783,86742,4.57s,33.71us,13.00ns,34.53us,6.83us,33.01us,768.55us
imported/rsc/reallyreallyhard0-32k,count-spans,0.1.0 (rev 9ee90dfb56),re2j,1.8 (OpenJDK 64-Bit Server VM 26.0.2+10-55),,32783,2128,5.06s,1.39ms,10.24us,1.41ms,78.11us,1.36ms,2.80ms
imported/rsc/reallyreallyhard0-32k,count-spans,0.1.0 (rev 9ee90dfb56),rust/regex,1.12.4,,32783,1000000,2.44s,943.00ns,2.00ns,0.97us,1.37us,916.00ns,725.44us
imported/rsc/reallyreallyhard0-32k,count-spans,0.1.0 (rev 9ee90dfb56),safere/string,0.12.0-SNAPSHOT (OpenJDK 64-Bit Server VM 26.0.2+10-55; scanner=swar),,32783,35108,5.27s,41.47us,64.00ns,42.74us,14.42us,41.34us,2.05ms
imported/rsc/reallyreallyhard0-32k,count-spans,0.1.0 (rev 9ee90dfb56),safere/utf8,0.12.0-SNAPSHOT (OpenJDK 64-Bit Server VM 26.0.2+10-55; scanner=swar),,32783,30101,5.32s,48.38us,384.00ns,49.85us,17.27us,46.78us,2.20ms
imported/rsc/reallyreallyhard0-32k,count-spans,0.1.0 (rev 9ee90dfb56),safere/utf8-vector,0.12.0-SNAPSHOT (OpenJDK 64-Bit Server VM 26.0.2+10-55; scanner=vector),,32783,59824,5.37s,49.02us,448.00ns,50.07us,13.34us,46.72us,2.44ms
imported/rsc/reallyreallyhard0-1mb,count-spans,0.1.0 (rev 9ee90dfb56),pcre2/jit,10.47 2025-10-21,,1048591,2957,4.51s,1.00ms,11.89us,1.01ms,60.37us,0.95ms,1.96ms
imported/rsc/reallyreallyhard0-1mb,count-spans,0.1.0 (rev 9ee90dfb56),re2,2025-11-05,,1048591,2736,4.51s,1.07ms,13.10us,1.10ms,65.91us,1.05ms,1.89ms
imported/rsc/reallyreallyhard0-1mb,count-spans,0.1.0 (rev 9ee90dfb56),re2j,1.8 (OpenJDK 64-Bit Server VM 26.0.2+10-55),,1048591,67,5.21s,45.22ms,327.68us,45.35ms,672.55us,44.70ms,49.55ms
imported/rsc/reallyreallyhard0-1mb,count-spans,0.1.0 (rev 9ee90dfb56),rust/regex,1.12.4,,1048591,106962,4.57s,27.27us,17.00ns,27.98us,6.42us,24.43us,760.04us
imported/rsc/reallyreallyhard0-1mb,count-spans,0.1.0 (rev 9ee90dfb56),safere/string,0.12.0-SNAPSHOT (OpenJDK 64-Bit Server VM 26.0.2+10-55; scanner=swar),,1048591,1731,5.21s,1.74ms,14.34us,1.73ms,110.17us,1.50ms,2.57ms
imported/rsc/reallyreallyhard0-1mb,count-spans,0.1.0 (rev 9ee90dfb56),safere/utf8,0.12.0-SNAPSHOT (OpenJDK 64-Bit Server VM 26.0.2+10-55; scanner=swar),,1048591,1846,5.26s,1.60ms,10.24us,1.62ms,82.69us,1.54ms,2.67ms
imported/rsc/reallyreallyhard0-1mb,count-spans,0.1.0 (rev 9ee90dfb56),safere/utf8-vector,0.12.0-SNAPSHOT (OpenJDK 64-Bit Server VM 26.0.2+10-55; scanner=vector),,1048591,1852,5.26s,1.59ms,19.46us,1.62ms,92.75us,1.52ms,2.89ms
imported/rsc/reallyreallyreallyhard0-32,count-spans,0.1.0 (rev 9ee90dfb56),pcre2/jit,10.47 2025-10-21,,51,1000000,683.82ms,70.00ns,1.00ns,72.00ns,223.00ns,63.00ns,153.18us
imported/rsc/reallyreallyreallyhard0-32,count-spans,0.1.0 (rev 9ee90dfb56),re2,2025-11-05,,51,1000000,0.99s,223.00ns,1.00ns,230.00ns,308.00ns,211.00ns,203.94us
imported/rsc/reallyreallyreallyhard0-32,count-spans,0.1.0 (rev 9ee90dfb56),re2j,1.8 (OpenJDK 64-Bit Server VM 26.0.2+10-55),,51,77344,5.37s,2.36us,20.00ns,2.53us,6.49us,2.23us,1.74ms
imported/rsc/reallyreallyreallyhard0-32,count-spans,0.1.0 (rev 9ee90dfb56),rust/regex,1.12.4,,51,1000000,884.09ms,186.00ns,2.00ns,190.00ns,373.00ns,166.00ns,218.84us
imported/rsc/reallyreallyreallyhard0-32,count-spans,0.1.0 (rev 9ee90dfb56),safere/string,0.12.0-SNAPSHOT (OpenJDK 64-Bit Server VM 26.0.2+10-55; scanner=swar),,51,89153,5.47s,263.00ns,5.00ns,340.00ns,6.20us,244.00ns,1.80ms
imported/rsc/reallyreallyreallyhard0-32,count-spans,0.1.0 (rev 9ee90dfb56),safere/utf8,0.12.0-SNAPSHOT (OpenJDK 64-Bit Server VM 26.0.2+10-55; scanner=swar),,51,73661,5.42s,321.00ns,10.00ns,378.00ns,1.03us,284.00ns,129.28us
imported/rsc/reallyreallyreallyhard0-32,count-spans,0.1.0 (rev 9ee90dfb56),safere/utf8-vector,0.12.0-SNAPSHOT (OpenJDK 64-Bit Server VM 26.0.2+10-55; scanner=vector),,51,66980,5.42s,354.00ns,12.00ns,425.00ns,2.86us,289.00ns,683.01us
imported/rsc/reallyreallyreallyhard0-1k,count-spans,0.1.0 (rev 9ee90dfb56),pcre2/jit,10.47 2025-10-21,,1043,1000000,1.94s,693.00ns,7.00ns,716.00ns,883.00ns,663.00ns,722.98us
imported/rsc/reallyreallyreallyhard0-1k,count-spans,0.1.0 (rev 9ee90dfb56),re2,2025-11-05,,1043,1000000,2.99s,1.22us,10.00ns,1.25us,1.35us,1.20us,698.59us
imported/rsc/reallyreallyreallyhard0-1k,count-spans,0.1.0 (rev 9ee90dfb56),re2j,1.8 (OpenJDK 64-Bit Server VM 26.0.2+10-55),,1043,32508,5.27s,44.61us,512.00ns,46.05us,11.17us,42.88us,783.36us
imported/rsc/reallyreallyreallyhard0-1k,count-spans,0.1.0 (rev 9ee90dfb56),rust/regex,1.12.4,,1043,1000000,785.63ms,118.00ns,2.00ns,121.00ns,300.00ns,107.00ns,204.62us
imported/rsc/reallyreallyreallyhard0-1k,count-spans,0.1.0 (rev 9ee90dfb56),safere/string,0.12.0-SNAPSHOT (OpenJDK 64-Bit Server VM 26.0.2+10-55; scanner=swar),,1043,62092,5.42s,1.47us,14.00ns,1.66us,9.12us,1.42us,1.77ms
imported/rsc/reallyreallyreallyhard0-1k,count-spans,0.1.0 (rev 9ee90dfb56),safere/utf8,0.12.0-SNAPSHOT (OpenJDK 64-Bit Server VM 26.0.2+10-55; scanner=swar),,1043,105625,5.47s,1.70us,18.00ns,1.85us,8.92us,1.64us,1.87ms
imported/rsc/reallyreallyreallyhard0-1k,count-spans,0.1.0 (rev 9ee90dfb56),safere/utf8-vector,0.12.0-SNAPSHOT (OpenJDK 64-Bit Server VM 26.0.2+10-55; scanner=vector),,1043,105457,5.57s,1.72us,10.00ns,1.87us,9.34us,1.65us,1.61ms
imported/rsc/reallyreallyreallyhard0-32k,count-spans,0.1.0 (rev 9ee90dfb56),pcre2/jit,10.47 2025-10-21,,32787,100474,4.57s,29.08us,485.00ns,29.80us,6.79us,27.61us,761.93us
imported/rsc/reallyreallyreallyhard0-32k,count-spans,0.1.0 (rev 9ee90dfb56),re2,2025-11-05,,32787,86766,4.57s,33.73us,59.00ns,34.52us,7.65us,33.03us,778.93us
imported/rsc/reallyreallyreallyhard0-32k,count-spans,0.1.0 (rev 9ee90dfb56),re2j,1.8 (OpenJDK 64-Bit Server VM 26.0.2+10-55),,32787,2111,5.06s,1.40ms,20.48us,1.42ms,81.89us,1.34ms,2.37ms
imported/rsc/reallyreallyreallyhard0-32k,count-spans,0.1.0 (rev 9ee90dfb56),rust/regex,1.12.4,,32787,1000000,2.39s,912.00ns,2.00ns,946.00ns,1.19us,806.00ns,733.46us
imported/rsc/reallyreallyreallyhard0-32k,count-spans,0.1.0 (rev 9ee90dfb56),safere/string,0.12.0-SNAPSHOT (OpenJDK 64-Bit Server VM 26.0.2+10-55; scanner=swar),,32787,35175,5.27s,40.70us,128.00ns,42.66us,17.82us,40.51us,2.49ms
imported/rsc/reallyreallyreallyhard0-32k,count-spans,0.1.0 (rev 9ee90dfb56),safere/utf8,0.12.0-SNAPSHOT (OpenJDK 64-Bit Server VM 26.0.2+10-55; scanner=swar),,32787,59706,5.37s,48.83us,64.00ns,50.17us,13.23us,48.45us,2.34ms
imported/rsc/reallyreallyreallyhard0-32k,count-spans,0.1.0 (rev 9ee90dfb56),safere/utf8-vector,0.12.0-SNAPSHOT (OpenJDK 64-Bit Server VM 26.0.2+10-55; scanner=vector),,32787,59478,5.37s,48.77us,64.00ns,50.36us,14.57us,48.45us,2.47ms
imported/rsc/reallyreallyreallyhard0-1mb,count-spans,0.1.0 (rev 9ee90dfb56),pcre2/jit,10.47 2025-10-21,,1048595,2967,4.51s,1.00ms,6.51us,1.01ms,64.42us,0.98ms,3.31ms
imported/rsc/reallyreallyreallyhard0-1mb,count-spans,0.1.0 (rev 9ee90dfb56),re2,2025-11-05,,1048595,2735,4.51s,1.08ms,5.77us,1.10ms,48.38us,1.07ms,1.87ms
imported/rsc/reallyreallyreallyhard0-1mb,count-spans,0.1.0 (rev 9ee90dfb56),re2j,1.8 (OpenJDK 64-Bit Server VM 26.0.2+10-55),,1048595,66,5.16s,45.29ms,196.61us,45.46ms,852.13us,44.50ms,50.86ms
imported/rsc/reallyreallyreallyhard0-1mb,count-spans,0.1.0 (rev 9ee90dfb56),rust/regex,1.12.4,,1048595,105986,4.57s,27.98us,87.00ns,28.24us,5.93us,25.58us,730.62us
imported/rsc/reallyreallyreallyhard0-1mb,count-spans,0.1.0 (rev 9ee90dfb56),safere/string,0.12.0-SNAPSHOT (OpenJDK 64-Bit Server VM 26.0.2+10-55; scanner=swar),,1048595,1725,5.22s,1.74ms,18.43us,1.74ms,111.55us,1.50ms,2.52ms
imported/rsc/reallyreallyreallyhard0-1mb,count-spans,0.1.0 (rev 9ee90dfb56),safere/utf8,0.12.0-SNAPSHOT (OpenJDK 64-Bit Server VM 26.0.2+10-55; scanner=swar),,1048595,1950,5.27s,1.51ms,24.58us,1.54ms,81.70us,1.46ms,2.38ms
imported/rsc/reallyreallyreallyhard0-1mb,count-spans,0.1.0 (rev 9ee90dfb56),safere/utf8-vector,0.12.0-SNAPSHOT (OpenJDK 64-Bit Server VM 26.0.2+10-55; scanner=vector),,1048595,1945,5.27s,1.51ms,28.67us,1.54ms,91.79us,1.46ms,2.49ms
imported/sherlock/name-sherlock,count-spans,0.1.0 (rev 9ee90dfb56),pcre2/jit,10.47 2025-10-21,,594933,126789,4.57s,22.62us,111.00ns,23.60us,5.96us,22.24us,764.97us
imported/sherlock/name-sherlock,count-spans,0.1.0 (rev 9ee90dfb56),re2,2025-11-05,,594933,155819,4.62s,18.73us,143.00ns,19.20us,5.80us,17.86us,758.21us
imported/sherlock/name-sherlock,count-spans,0.1.0 (rev 9ee90dfb56),re2j,1.8 (OpenJDK 64-Bit Server VM 26.0.2+10-55),,594933,24331,5.17s,119.17us,640.00ns,122.97us,25.22us,117.38us,1.63ms
imported/sherlock/name-sherlock,count-spans,0.1.0 (rev 9ee90dfb56),rust/regex,1.12.4,,594933,171879,4.62s,16.97us,41.00ns,17.39us,5.36us,16.36us,790.81us
imported/sherlock/name-sherlock,count-spans,0.1.0 (rev 9ee90dfb56),safere/string,0.12.0-SNAPSHOT (OpenJDK 64-Bit Server VM 26.0.2+10-55; scanner=swar),,594933,30664,5.27s,94.72us,128.00ns,97.61us,16.04us,94.46us,1.55ms
imported/sherlock/name-sherlock,count-spans,0.1.0 (rev 9ee90dfb56),safere/utf8,0.12.0-SNAPSHOT (OpenJDK 64-Bit Server VM 26.0.2+10-55; scanner=swar),,594933,26273,5.27s,111.36us,640.00ns,113.95us,16.48us,109.18us,1.50ms
imported/sherlock/name-sherlock,count-spans,0.1.0 (rev 9ee90dfb56),safere/utf8-vector,0.12.0-SNAPSHOT (OpenJDK 64-Bit Server VM 26.0.2+10-55; scanner=vector),,594933,26213,5.27s,111.36us,1.15us,114.19us,14.84us,107.14us,894.98us
imported/sherlock/name-holmes,count-spans,0.1.0 (rev 9ee90dfb56),pcre2/jit,10.47 2025-10-21,,594933,91633,4.57s,31.82us,202.00ns,32.68us,7.47us,30.98us,748.07us
imported/sherlock/name-holmes,count-spans,0.1.0 (rev 9ee90dfb56),re2,2025-11-05,,594933,55259,4.57s,52.98us,372.00ns,54.22us,9.77us,51.34us,871.51us
imported/sherlock/name-holmes,count-spans,0.1.0 (rev 9ee90dfb56),re2j,1.8 (OpenJDK 64-Bit Server VM 26.0.2+10-55),,594933,14972,5.22s,193.54us,2.05us,199.94us,42.32us,186.37us,1.61ms
imported/sherlock/name-holmes,count-spans,0.1.0 (rev 9ee90dfb56),rust/regex,1.12.4,,594933,138996,4.57s,20.96us,140.00ns,21.52us,5.88us,20.20us,786.07us
imported/sherlock/name-holmes,count-spans,0.1.0 (rev 9ee90dfb56),safere/string,0.12.0-SNAPSHOT (OpenJDK 64-Bit Server VM 26.0.2+10-55; scanner=swar),,594933,28549,5.27s,102.02us,128.00ns,104.84us,14.17us,101.63us,888.83us
imported/sherlock/name-holmes,count-spans,0.1.0 (rev 9ee90dfb56),safere/utf8,0.12.0-SNAPSHOT (OpenJDK 64-Bit Server VM 26.0.2+10-55; scanner=swar),,594933,25194,5.27s,116.10us,1.92us,118.81us,14.82us,109.31us,858.11us
imported/sherlock/name-holmes,count-spans,0.1.0 (rev 9ee90dfb56),safere/utf8-vector,0.12.0-SNAPSHOT (OpenJDK 64-Bit Server VM 26.0.2+10-55; scanner=vector),,594933,25071,5.26s,116.35us,896.00ns,119.35us,15.74us,111.62us,923.65us
imported/sherlock/name-sherlock-holmes,count-spans,0.1.0 (rev 9ee90dfb56),pcre2/jit,10.47 2025-10-21,,594933,126990,4.57s,22.95us,79.00ns,23.55us,5.79us,22.24us,753.77us
imported/sherlock/name-sherlock-holmes,count-spans,0.1.0 (rev 9ee90dfb56),re2,2025-11-05,,594933,142515,4.57s,20.39us,250.00ns,20.99us,5.79us,19.37us,854.48us
imported/sherlock/name-sherlock-holmes,count-spans,0.1.0 (rev 9ee90dfb56),re2j,1.8 (OpenJDK 64-Bit Server VM 26.0.2+10-55),,594933,21084,5.16s,140.54us,7.42us,141.90us,22.34us,128.26us,1.51ms
imported/sherlock/name-sherlock-holmes,count-spans,0.1.0 (rev 9ee90dfb56),rust/regex,1.12.4,,594933,173202,4.62s,16.84us,47.00ns,17.26us,5.75us,16.33us,765.51us
imported/sherlock/name-sherlock-holmes,count-spans,0.1.0 (rev 9ee90dfb56),safere/string,0.12.0-SNAPSHOT (OpenJDK 64-Bit Server VM 26.0.2+10-55; scanner=swar),,594933,27705,5.27s,107.26us,2.43us,108.04us,18.75us,92.16us,1.55ms
imported/sherlock/name-sherlock-holmes,count-spans,0.1.0 (rev 9ee90dfb56),safere/utf8,0.12.0-SNAPSHOT (OpenJDK 64-Bit Server VM 26.0.2+10-55; scanner=swar),,594933,20639,5.27s,141.06us,2.82us,145.00us,20.04us,137.73us,1.54ms
imported/sherlock/name-sherlock-holmes,count-spans,0.1.0 (rev 9ee90dfb56),safere/utf8-vector,0.12.0-SNAPSHOT (OpenJDK 64-Bit Server VM 26.0.2+10-55; scanner=vector),,594933,20630,5.22s,141.31us,256.00ns,145.02us,15.75us,140.29us,903.17us
imported/sherlock/name-sherlock-casei,count-spans,0.1.0 (rev 9ee90dfb56),pcre2/jit,10.47 2025-10-21,,594933,56064,4.57s,52.27us,0.99us,53.44us,8.67us,49.62us,794.42us
imported/sherlock/name-sherlock-casei,count-spans,0.1.0 (rev 9ee90dfb56),re2,2025-11-05,,594933,12977,4.51s,228.49us,11.09us,231.11us,24.51us,210.53us,1.02ms
imported/sherlock/name-sherlock-casei,count-spans,0.1.0 (rev 9ee90dfb56),re2j,1.8 (OpenJDK 64-Bit Server VM 26.0.2+10-55),,594933,218,5.16s,13.69ms,122.88us,13.76ms,351.54us,13.25ms,16.02ms
imported/sherlock/name-sherlock-casei,count-spans,0.1.0 (rev 9ee90dfb56),rust/regex,1.12.4,,594933,56685,4.57s,50.73us,505.00ns,52.85us,10.28us,49.42us,831.13us
imported/sherlock/name-sherlock-casei,count-spans,0.1.0 (rev 9ee90dfb56),safere/string,0.12.0-SNAPSHOT (OpenJDK 64-Bit Server VM 26.0.2+10-55; scanner=swar),,594933,8635,5.21s,337.92us,6.14us,346.74us,32.72us,327.68us,1.13ms
imported/sherlock/name-sherlock-casei,count-spans,0.1.0 (rev 9ee90dfb56),safere/utf8,0.12.0-SNAPSHOT (OpenJDK 64-Bit Server VM 26.0.2+10-55; scanner=swar),,594933,8672,5.27s,337.41us,9.73us,345.30us,48.29us,307.20us,2.20ms
imported/sherlock/name-sherlock-casei,count-spans,0.1.0 (rev 9ee90dfb56),safere/utf8-vector,0.12.0-SNAPSHOT (OpenJDK 64-Bit Server VM 26.0.2+10-55; scanner=vector),,594933,48560,5.47s,29.76us,192.00ns,31.00us,22.69us,29.06us,1.88ms
imported/sherlock/name-holmes-casei,count-spans,0.1.0 (rev 9ee90dfb56),pcre2/jit,10.47 2025-10-21,,594933,45288,4.57s,63.95us,2.58us,66.16us,12.33us,58.08us,833.31us
imported/sherlock/name-holmes-casei,count-spans,0.1.0 (rev 9ee90dfb56),re2,2025-11-05,,594933,10763,4.51s,272.51us,824.00ns,278.67us,24.47us,269.16us,1.06ms
imported/sherlock/name-holmes-casei,count-spans,0.1.0 (rev 9ee90dfb56),re2j,1.8 (OpenJDK 64-Bit Server VM 26.0.2+10-55),,594933,217,5.16s,13.76ms,114.69us,13.83ms,330.10us,13.37ms,16.53ms
imported/sherlock/name-holmes-casei,count-spans,0.1.0 (rev 9ee90dfb56),rust/regex,1.12.4,,594933,38689,4.57s,75.63us,922.00ns,77.47us,12.03us,73.77us,861.04us
imported/sherlock/name-holmes-casei,count-spans,0.1.0 (rev 9ee90dfb56),safere/string,0.12.0-SNAPSHOT (OpenJDK 64-Bit Server VM 26.0.2+10-55; scanner=swar),,594933,3030,5.27s,0.99ms,17.92us,0.99ms,60.84us,888.83us,1.96ms
imported/sherlock/name-holmes-casei,count-spans,0.1.0 (rev 9ee90dfb56),safere/utf8,0.12.0-SNAPSHOT (OpenJDK 64-Bit Server VM 26.0.2+10-55; scanner=swar),,594933,7396,5.27s,395.78us,6.14us,404.88us,67.65us,371.20us,2.45ms
imported/sherlock/name-holmes-casei,count-spans,0.1.0 (rev 9ee90dfb56),safere/utf8-vector,0.12.0-SNAPSHOT (OpenJDK 64-Bit Server VM 26.0.2+10-55; scanner=vector),,594933,48660,5.47s,58.82us,384.00ns,61.53us,28.64us,56.96us,1.78ms
imported/sherlock/name-sherlock-holmes-casei,count-spans,0.1.0 (rev 9ee90dfb56),pcre2/jit,10.47 2025-10-21,,594933,88739,4.57s,33.00us,375.00ns,33.74us,6.38us,31.41us,745.25us
imported/sherlock/name-sherlock-holmes-casei,count-spans,0.1.0 (rev 9ee90dfb56),re2,2025-11-05,,594933,12424,4.51s,238.04us,3.44us,241.40us,21.05us,212.79us,1.02ms
imported/sherlock/name-sherlock-holmes-casei,count-spans,0.1.0 (rev 9ee90dfb56),re2j,1.8 (OpenJDK 64-Bit Server VM 26.0.2+10-55),,594933,219,5.16s,13.66ms,131.07us,13.74ms,440.79us,13.19ms,17.20ms
imported/sherlock/name-sherlock-holmes-casei,count-spans,0.1.0 (rev 9ee90dfb56),rust/regex,1.12.4,,594933,56341,4.56s,51.82us,105.00ns,53.18us,9.37us,50.41us,802.48us
imported/sherlock/name-sherlock-holmes-casei,count-spans,0.1.0 (rev 9ee90dfb56),safere/string,0.12.0-SNAPSHOT (OpenJDK 64-Bit Server VM 26.0.2+10-55; scanner=swar),,594933,8925,5.27s,326.66us,8.19us,335.50us,35.54us,299.01us,1.71ms
imported/sherlock/name-sherlock-holmes-casei,count-spans,0.1.0 (rev 9ee90dfb56),safere/utf8,0.12.0-SNAPSHOT (OpenJDK 64-Bit Server VM 26.0.2+10-55; scanner=swar),,594933,2281,5.26s,1.28ms,22.53us,1.31ms,183.32us,1.22ms,4.04ms
imported/sherlock/name-sherlock-holmes-casei,count-spans,0.1.0 (rev 9ee90dfb56),safere/utf8-vector,0.12.0-SNAPSHOT (OpenJDK 64-Bit Server VM 26.0.2+10-55; scanner=vector),,594933,3039,5.37s,0.97ms,9.22us,0.99ms,68.24us,940.03us,2.13ms
imported/sherlock/name-whitespace,count-spans,0.1.0 (rev 9ee90dfb56),pcre2/jit,10.47 2025-10-21,,594933,126636,4.57s,23.01us,84.00ns,23.62us,6.94us,22.24us,1.50ms
imported/sherlock/name-whitespace,count-spans,0.1.0 (rev 9ee90dfb56),re2,2025-11-05,,594933,136792,4.57s,21.30us,206.00ns,21.87us,5.64us,20.54us,788.11us
imported/sherlock/name-whitespace,count-spans,0.1.0 (rev 9ee90dfb56),re2j,1.8 (OpenJDK 64-Bit Server VM 26.0.2+10-55),,594933,20545,5.17s,141.82us,1.54us,145.61us,23.18us,138.50us,1.75ms
imported/sherlock/name-whitespace,count-spans,0.1.0 (rev 9ee90dfb56),rust/regex,1.12.4,,594933,133395,4.57s,21.89us,81.00ns,22.43us,5.22us,21.29us,729.21us
imported/sherlock/name-whitespace,count-spans,0.1.0 (rev 9ee90dfb56),safere/string,0.12.0-SNAPSHOT (OpenJDK 64-Bit Server VM 26.0.2+10-55; scanner=swar),,594933,28188,5.37s,104.45us,3.84us,106.17us,26.21us,92.80us,1.89ms
imported/sherlock/name-whitespace,count-spans,0.1.0 (rev 9ee90dfb56),safere/utf8,0.12.0-SNAPSHOT (OpenJDK 64-Bit Server VM 26.0.2+10-55; scanner=swar),,594933,20610,5.32s,140.03us,1.28us,145.12us,32.36us,137.98us,1.95ms
imported/sherlock/name-whitespace,count-spans,0.1.0 (rev 9ee90dfb56),safere/utf8-vector,0.12.0-SNAPSHOT (OpenJDK 64-Bit Server VM 26.0.2+10-55; scanner=vector),,594933,20678,5.32s,139.52us,3.07us,144.70us,31.00us,135.17us,1.69ms
imported/sherlock/name-alt1,count-spans,0.1.0 (rev 9ee90dfb56),pcre2/jit,10.47 2025-10-21,,594933,106554,4.57s,27.23us,90.00ns,28.10us,6.60us,26.86us,766.38us
imported/sherlock/name-alt1,count-spans,0.1.0 (rev 9ee90dfb56),re2,2025-11-05,,594933,120381,4.57s,24.04us,148.00ns,24.86us,6.13us,23.42us,778.60us
imported/sherlock/name-alt1,count-spans,0.1.0 (rev 9ee90dfb56),re2j,1.8 (OpenJDK 64-Bit Server VM 26.0.2+10-55),,594933,14631,5.22s,198.40us,4.61us,204.58us,30.85us,190.72us,1.64ms
imported/sherlock/name-alt1,count-spans,0.1.0 (rev 9ee90dfb56),rust/regex,1.12.4,,594933,166739,4.64s,17.44us,114.00ns,17.93us,5.58us,17.02us,775.42us
imported/sherlock/name-alt1,count-spans,0.1.0 (rev 9ee90dfb56),safere/string,0.12.0-SNAPSHOT (OpenJDK 64-Bit Server VM 26.0.2+10-55; scanner=swar),,594933,11766,5.26s,248.06us,2.56us,254.49us,34.05us,240.38us,1.94ms
imported/sherlock/name-alt1,count-spans,0.1.0 (rev 9ee90dfb56),safere/utf8,0.12.0-SNAPSHOT (OpenJDK 64-Bit Server VM 26.0.2+10-55; scanner=swar),,594933,45728,5.37s,62.91us,576.00ns,65.48us,28.36us,60.29us,1.66ms
imported/sherlock/name-alt1,count-spans,0.1.0 (rev 9ee90dfb56),safere/utf8-vector,0.12.0-SNAPSHOT (OpenJDK 64-Bit Server VM 26.0.2+10-55; scanner=vector),,594933,45143,5.57s,64.06us,320.00ns,66.33us,45.17us,60.22us,8.77ms
imported/sherlock/name-alt2,count-spans,0.1.0 (rev 9ee90dfb56),pcre2/jit,10.47 2025-10-21,,594933,72347,4.57s,40.40us,381.00ns,41.40us,7.75us,38.33us,780.80us
imported/sherlock/name-alt2,count-spans,0.1.0 (rev 9ee90dfb56),re2,2025-11-05,,594933,4464,4.51s,663.38us,6.55us,672.09us,46.70us,654.13us,2.22ms
imported/sherlock/name-alt2,count-spans,0.1.0 (rev 9ee90dfb56),re2j,1.8 (OpenJDK 64-Bit Server VM 26.0.2+10-55),,594933,135,5.17s,22.05ms,262.14us,22.22ms,747.10us,21.33ms,28.48ms
imported/sherlock/name-alt2,count-spans,0.1.0 (rev 9ee90dfb56),rust/regex,1.12.4,,594933,52258,4.56s,55.95us,375.00ns,57.34us,11.35us,54.13us,1.73ms
imported/sherlock/name-alt2,count-spans,0.1.0 (rev 9ee90dfb56),safere/string,0.12.0-SNAPSHOT (OpenJDK 64-Bit Server VM 26.0.2+10-55; scanner=swar),,594933,9928,5.26s,292.86us,6.66us,301.50us,51.68us,279.04us,2.01ms
imported/sherlock/name-alt2,count-spans,0.1.0 (rev 9ee90dfb56),safere/utf8,0.12.0-SNAPSHOT (OpenJDK 64-Bit Server VM 26.0.2+10-55; scanner=swar),,594933,19669,5.32s,146.18us,2.30us,152.08us,46.89us,139.26us,1.87ms
imported/sherlock/name-alt2,count-spans,0.1.0 (rev 9ee90dfb56),safere/utf8-vector,0.12.0-SNAPSHOT (OpenJDK 64-Bit Server VM 26.0.2+10-55; scanner=vector),,594933,43771,5.47s,65.28us,640.00ns,68.40us,31.94us,62.27us,2.02ms
imported/sherlock/name-alt3,count-spans,0.1.0 (rev 9ee90dfb56),pcre2/jit,10.47 2025-10-21,,594933,7169,4.51s,408.25us,3.73us,418.38us,30.69us,396.32us,1.17ms
imported/sherlock/name-alt3,count-spans,0.1.0 (rev 9ee90dfb56),re2,2025-11-05,,594933,4332,4.51s,683.44us,7.15us,692.50us,42.78us,658.78us,1.59ms
imported/sherlock/name-alt3,count-spans,0.1.0 (rev 9ee90dfb56),re2j,1.8 (OpenJDK 64-Bit Server VM 26.0.2+10-55),,594933,40,5.21s,74.71ms,262.14us,74.98ms,1.04ms,73.79ms,78.91ms
imported/sherlock/name-alt3,count-spans,0.1.0 (rev 9ee90dfb56),rust/regex,1.12.4,,594933,46812,4.56s,62.33us,448.00ns,64.02us,11.21us,59.91us,862.30us
imported/sherlock/name-alt3,count-spans,0.1.0 (rev 9ee90dfb56),safere/string,0.12.0-SNAPSHOT (OpenJDK 64-Bit Server VM 26.0.2+10-55; scanner=swar),,594933,3681,5.22s,796.67us,11.26us,814.04us,76.95us,773.12us,2.42ms
imported/sherlock/name-alt3,count-spans,0.1.0 (rev 9ee90dfb56),safere/utf8,0.12.0-SNAPSHOT (OpenJDK 64-Bit Server VM 26.0.2+10-55; scanner=swar),,594933,3661,5.22s,803.84us,9.22us,818.42us,79.78us,790.53us,2.41ms
imported/sherlock/name-alt3,count-spans,0.1.0 (rev 9ee90dfb56),safere/utf8-vector,0.12.0-SNAPSHOT (OpenJDK 64-Bit Server VM 26.0.2+10-55; scanner=vector),,594933,23786,5.52s,121.09us,1.15us,125.76us,46.68us,116.22us,3.81ms
imported/sherlock/name-alt3-casei,count-spans,0.1.0 (rev 9ee90dfb56),pcre2/jit,10.47 2025-10-21,,594933,1698,4.51s,1.75ms,24.06us,1.77ms,98.31us,1.67ms,2.87ms
imported/sherlock/name-alt3-casei,count-spans,0.1.0 (rev 9ee90dfb56),re2,2025-11-05,,594933,4340,4.51s,679.57us,7.10us,691.24us,47.54us,657.95us,1.48ms
imported/sherlock/name-alt3-casei,count-spans,0.1.0 (rev 9ee90dfb56),re2j,1.8 (OpenJDK 64-Bit Server VM 26.0.2+10-55),,594933,39,5.42s,77.33ms,524.29us,77.67ms,1.12ms,76.28ms,81.79ms
imported/sherlock/name-alt3-casei,count-spans,0.1.0 (rev 9ee90dfb56),rust/regex,1.12.4,,594933,8185,4.51s,358.30us,2.24us,366.44us,29.91us,354.50us,1.22ms
imported/sherlock/name-alt3-casei,count-spans,0.1.0 (rev 9ee90dfb56),safere/string,0.12.0-SNAPSHOT (OpenJDK 64-Bit Server VM 26.0.2+10-55; scanner=swar),,594933,3677,5.21s,795.65us,9.22us,814.88us,77.94us,775.17us,2.36ms
imported/sherlock/name-alt3-casei,count-spans,0.1.0 (rev 9ee90dfb56),safere/utf8,0.12.0-SNAPSHOT (OpenJDK 64-Bit Server VM 26.0.2+10-55; scanner=swar),,594933,3669,5.21s,797.70us,11.26us,816.59us,89.12us,775.17us,2.59ms
imported/sherlock/name-alt3-casei,count-spans,0.1.0 (rev 9ee90dfb56),safere/utf8-vector,0.12.0-SNAPSHOT (OpenJDK 64-Bit Server VM 26.0.2+10-55; scanner=vector),,594933,3653,5.21s,804.86us,7.17us,820.15us,85.13us,776.19us,2.55ms
imported/sherlock/name-alt4,count-spans,0.1.0 (rev 9ee90dfb56),pcre2/jit,10.47 2025-10-21,,594933,70539,4.57s,41.40us,280.00ns,42.46us,7.78us,40.11us,748.22us
imported/sherlock/name-alt4,count-spans,0.1.0 (rev 9ee90dfb56),re2,2025-11-05,,594933,4436,4.51s,664.49us,7.99us,676.26us,46.06us,644.56us,1.46ms
imported/sherlock/name-alt4,count-spans,0.1.0 (rev 9ee90dfb56),re2j,1.8 (OpenJDK 64-Bit Server VM 26.0.2+10-55),,594933,131,5.16s,22.87ms,196.61us,22.97ms,493.37us,22.32ms,26.84ms
imported/sherlock/name-alt4,count-spans,0.1.0 (rev 9ee90dfb56),rust/regex,1.12.4,,594933,43610,4.56s,67.05us,228.00ns,68.72us,11.83us,66.27us,1.44ms
imported/sherlock/name-alt4,count-spans,0.1.0 (rev 9ee90dfb56),safere/string,0.12.0-SNAPSHOT (OpenJDK 64-Bit Server VM 26.0.2+10-55; scanner=swar),,594933,9734,5.27s,299.52us,6.14us,307.54us,59.65us,285.18us,2.12ms
imported/sherlock/name-alt4,count-spans,0.1.0 (rev 9ee90dfb56),safere/utf8,0.12.0-SNAPSHOT (OpenJDK 64-Bit Server VM 26.0.2+10-55; scanner=swar),,594933,18623,5.31s,154.88us,3.33us,160.67us,41.01us,143.87us,2.03ms
imported/sherlock/name-alt4,count-spans,0.1.0 (rev 9ee90dfb56),safere/utf8-vector,0.12.0-SNAPSHOT (OpenJDK 64-Bit Server VM 26.0.2+10-55; scanner=vector),,594933,33077,5.47s,87.55us,1.79us,90.48us,35.31us,81.66us,2.07ms
imported/sherlock/name-alt4-casei,count-spans,0.1.0 (rev 9ee90dfb56),pcre2/jit,10.47 2025-10-21,,594933,3797,4.51s,776.55us,11.61us,790.03us,65.50us,745.71us,2.23ms
imported/sherlock/name-alt4-casei,count-spans,0.1.0 (rev 9ee90dfb56),re2,2025-11-05,,594933,4362,4.51s,679.08us,6.76us,687.82us,45.89us,668.34us,2.20ms
imported/sherlock/name-alt4-casei,count-spans,0.1.0 (rev 9ee90dfb56),re2j,1.8 (OpenJDK 64-Bit Server VM 26.0.2+10-55),,594933,120,5.17s,24.99ms,180.22us,25.09ms,535.34us,24.31ms,29.36ms
imported/sherlock/name-alt4-casei,count-spans,0.1.0 (rev 9ee90dfb56),rust/regex,1.12.4,,594933,21257,4.51s,137.68us,1.51us,141.06us,15.90us,133.10us,891.35us
imported/sherlock/name-alt4-casei,count-spans,0.1.0 (rev 9ee90dfb56),safere/string,0.12.0-SNAPSHOT (OpenJDK 64-Bit Server VM 26.0.2+10-55; scanner=swar),,594933,3428,5.37s,845.82us,19.46us,874.06us,88.61us,780.29us,2.76ms
imported/sherlock/name-alt4-casei,count-spans,0.1.0 (rev 9ee90dfb56),safere/utf8,0.12.0-SNAPSHOT (OpenJDK 64-Bit Server VM 26.0.2+10-55; scanner=swar),,594933,3500,5.36s,844.80us,11.26us,856.22us,93.08us,801.79us,3.19ms
imported/sherlock/name-alt4-casei,count-spans,0.1.0 (rev 9ee90dfb56),safere/utf8-vector,0.12.0-SNAPSHOT (OpenJDK 64-Bit Server VM 26.0.2+10-55; scanner=vector),,594933,3493,5.36s,844.80us,11.26us,857.87us,89.07us,785.41us,2.64ms
imported/sherlock/name-alt5,count-spans,0.1.0 (rev 9ee90dfb56),pcre2/jit,10.47 2025-10-21,,594933,5987,4.51s,494.25us,7.80us,501.06us,33.28us,469.26us,1.28ms
imported/sherlock/name-alt5,count-spans,0.1.0 (rev 9ee90dfb56),re2,2025-11-05,,594933,4400,4.51s,670.59us,6.55us,681.76us,50.89us,648.15us,2.35ms
imported/sherlock/name-alt5,count-spans,0.1.0 (rev 9ee90dfb56),re2j,1.8 (OpenJDK 64-Bit Server VM 26.0.2+10-55),,594933,95,5.22s,31.78ms,294.91us,31.75ms,616.86us,30.74ms,35.39ms
imported/sherlock/name-alt5,count-spans,0.1.0 (rev 9ee90dfb56),rust/regex,1.12.4,,594933,49436,4.57s,58.80us,555.00ns,60.61us,15.57us,56.56us,1.60ms
imported/sherlock/name-alt5,count-spans,0.1.0 (rev 9ee90dfb56),safere/string,0.12.0-SNAPSHOT (OpenJDK 64-Bit Server VM 26.0.2+10-55; scanner=swar),,594933,9138,5.32s,317.44us,6.66us,327.61us,60.23us,302.08us,2.04ms
imported/sherlock/name-alt5,count-spans,0.1.0 (rev 9ee90dfb56),safere/utf8,0.12.0-SNAPSHOT (OpenJDK 64-Bit Server VM 26.0.2+10-55; scanner=swar),,594933,8519,5.22s,342.02us,6.14us,351.49us,66.54us,322.05us,2.15ms
imported/sherlock/name-alt5,count-spans,0.1.0 (rev 9ee90dfb56),safere/utf8-vector,0.12.0-SNAPSHOT (OpenJDK 64-Bit Server VM 26.0.2+10-55; scanner=vector),,594933,28435,5.42s,100.35us,1.79us,105.26us,55.41us,95.74us,6.55ms
imported/sherlock/name-alt5-casei,count-spans,0.1.0 (rev 9ee90dfb56),pcre2/jit,10.47 2025-10-21,,594933,3095,4.51s,0.96ms,8.14us,0.97ms,56.81us,931.36us,1.81ms
imported/sherlock/name-alt5-casei,count-spans,0.1.0 (rev 9ee90dfb56),re2,2025-11-05,,594933,4409,4.51s,669.67us,7.89us,680.41us,47.63us,650.03us,2.01ms
imported/sherlock/name-alt5-casei,count-spans,0.1.0 (rev 9ee90dfb56),re2j,1.8 (OpenJDK 64-Bit Server VM 26.0.2+10-55),,594933,87,5.21s,34.47ms,196.61us,34.68ms,807.85us,34.01ms,39.52ms
imported/sherlock/name-alt5-casei,count-spans,0.1.0 (rev 9ee90dfb56),rust/regex,1.12.4,,594933,17229,4.51s,169.79us,508.00ns,174.04us,17.72us,168.30us,940.60us
imported/sherlock/name-alt5-casei,count-spans,0.1.0 (rev 9ee90dfb56),safere/string,0.12.0-SNAPSHOT (OpenJDK 64-Bit Server VM 26.0.2+10-55; scanner=swar),,594933,3701,5.21s,795.65us,9.22us,809.59us,73.31us,768.00us,2.86ms
imported/sherlock/name-alt5-casei,count-spans,0.1.0 (rev 9ee90dfb56),safere/utf8,0.12.0-SNAPSHOT (OpenJDK 64-Bit Server VM 26.0.2+10-55; scanner=swar),,594933,3691,5.21s,795.65us,9.22us,811.76us,103.03us,769.02us,3.56ms
imported/sherlock/name-alt5-casei,count-spans,0.1.0 (rev 9ee90dfb56),safere/utf8-vector,0.12.0-SNAPSHOT (OpenJDK 64-Bit Server VM 26.0.2+10-55; scanner=vector),,594933,3684,5.21s,795.65us,8.19us,813.25us,94.36us,769.02us,2.93ms
imported/sherlock/no-match-uncommon,count-spans,0.1.0 (rev 9ee90dfb56),pcre2/jit,10.47 2025-10-21,,594933,148078,4.62s,19.32us,40.00ns,20.20us,7.36us,18.04us,764.83us
imported/sherlock/no-match-uncommon,count-spans,0.1.0 (rev 9ee90dfb56),re2,2025-11-05,,594933,397628,4.72s,7.52us,151.00ns,7.49us,3.42us,6.76us,727.07us
imported/sherlock/no-match-uncommon,count-spans,0.1.0 (rev 9ee90dfb56),re2j,1.8 (OpenJDK 64-Bit Server VM 26.0.2+10-55),,594933,31744,5.22s,91.52us,0.00ns,94.32us,18.01us,91.39us,1.47ms
imported/sherlock/no-match-uncommon,count-spans,0.1.0 (rev 9ee90dfb56),rust/regex,1.12.4,,594933,228235,4.62s,12.65us,260.00ns,13.08us,4.36us,12.28us,768.11us
imported/sherlock/no-match-uncommon,count-spans,0.1.0 (rev 9ee90dfb56),safere/string,0.12.0-SNAPSHOT (OpenJDK 64-Bit Server VM 26.0.2+10-55; scanner=swar),,594933,31638,5.27s,91.65us,128.00ns,94.60us,19.44us,91.52us,1.52ms
imported/sherlock/no-match-uncommon,count-spans,0.1.0 (rev 9ee90dfb56),safere/utf8,0.12.0-SNAPSHOT (OpenJDK 64-Bit Server VM 26.0.2+10-55; scanner=swar),,594933,44939,5.37s,64.32us,64.00ns,66.63us,12.96us,64.19us,851.97us
imported/sherlock/no-match-uncommon,count-spans,0.1.0 (rev 9ee90dfb56),safere/utf8-vector,0.12.0-SNAPSHOT (OpenJDK 64-Bit Server VM 26.0.2+10-55; scanner=vector),,594933,45294,5.37s,63.94us,0.96us,66.12us,20.07us,62.59us,2.67ms
imported/sherlock/no-match-common,count-spans,0.1.0 (rev 9ee90dfb56),pcre2/jit,10.47 2025-10-21,,594933,148582,4.62s,19.33us,38.00ns,20.13us,6.17us,18.00us,729.29us
imported/sherlock/no-match-common,count-spans,0.1.0 (rev 9ee90dfb56),re2,2025-11-05,,594933,14923,4.51s,196.17us,3.92us,200.96us,32.75us,191.80us,2.27ms
imported/sherlock/no-match-common,count-spans,0.1.0 (rev 9ee90dfb56),re2j,1.8 (OpenJDK 64-Bit Server VM 26.0.2+10-55),,594933,20548,5.17s,121.09us,2.30us,145.66us,80.07us,116.48us,1.13ms
imported/sherlock/no-match-common,count-spans,0.1.0 (rev 9ee90dfb56),rust/regex,1.12.4,,594933,231071,4.62s,12.39us,44.00ns,12.92us,5.80us,12.23us,772.98us
imported/sherlock/no-match-common,count-spans,0.1.0 (rev 9ee90dfb56),safere/string,0.12.0-SNAPSHOT (OpenJDK 64-Bit Server VM 26.0.2+10-55; scanner=swar),,594933,20542,5.27s,129.92us,2.43us,145.69us,65.19us,113.79us,1.07ms
imported/sherlock/no-match-common,count-spans,0.1.0 (rev 9ee90dfb56),safere/utf8,0.12.0-SNAPSHOT (OpenJDK 64-Bit Server VM 26.0.2+10-55; scanner=swar),,594933,30762,5.26s,94.59us,256.00ns,97.29us,14.06us,93.31us,839.68us
imported/sherlock/no-match-common,count-spans,0.1.0 (rev 9ee90dfb56),safere/utf8-vector,0.12.0-SNAPSHOT (OpenJDK 64-Bit Server VM 26.0.2+10-55; scanner=vector),,594933,30840,5.27s,94.59us,128.00ns,97.06us,18.37us,93.44us,2.63ms
imported/sherlock/no-match-really-common,count-spans,0.1.0 (rev 9ee90dfb56),pcre2/jit,10.47 2025-10-21,,594933,147430,4.63s,19.44us,69.00ns,20.29us,5.32us,18.99us,720.73us
imported/sherlock/no-match-really-common,count-spans,0.1.0 (rev 9ee90dfb56),re2,2025-11-05,,594933,14618,4.56s,201.08us,4.10us,205.16us,21.30us,186.53us,947.06us
imported/sherlock/no-match-really-common,count-spans,0.1.0 (rev 9ee90dfb56),re2j,1.8 (OpenJDK 64-Bit Server VM 26.0.2+10-55),,594933,21027,5.17s,121.73us,384.00ns,142.34us,73.39us,116.61us,1.56ms
imported/sherlock/no-match-really-common,count-spans,0.1.0 (rev 9ee90dfb56),rust/regex,1.12.4,,594933,183858,4.62s,15.79us,244.00ns,16.26us,5.95us,14.48us,742.03us
imported/sherlock/no-match-really-common,count-spans,0.1.0 (rev 9ee90dfb56),safere/string,0.12.0-SNAPSHOT (OpenJDK 64-Bit Server VM 26.0.2+10-55; scanner=swar),,594933,22120,5.27s,116.35us,640.00ns,135.29us,67.61us,113.15us,1.09ms
imported/sherlock/no-match-really-common,count-spans,0.1.0 (rev 9ee90dfb56),safere/utf8,0.12.0-SNAPSHOT (OpenJDK 64-Bit Server VM 26.0.2+10-55; scanner=swar),,594933,22922,5.27s,127.36us,896.00ns,130.59us,15.88us,122.75us,880.64us
imported/sherlock/no-match-really-common,count-spans,0.1.0 (rev 9ee90dfb56),safere/utf8-vector,0.12.0-SNAPSHOT (OpenJDK 64-Bit Server VM 26.0.2+10-55; scanner=vector),,594933,22739,5.27s,127.36us,512.00ns,131.64us,30.08us,126.21us,3.14ms
imported/sherlock/the-lower,count-spans,0.1.0 (rev 9ee90dfb56),pcre2/jit,10.47 2025-10-21,,594933,9867,4.51s,299.59us,5.33us,303.98us,26.21us,285.00us,1.10ms
imported/sherlock/the-lower,count-spans,0.1.0 (rev 9ee90dfb56),re2,2025-11-05,,594933,3523,4.51s,838.58us,9.12us,851.60us,65.15us,802.09us,2.53ms
imported/sherlock/the-lower,count-spans,0.1.0 (rev 9ee90dfb56),re2j,1.8 (OpenJDK 64-Bit Server VM 26.0.2+10-55),,594933,2311,5.12s,1.26ms,10.24us,1.30ms,160.23us,1.23ms,2.92ms
imported/sherlock/the-lower,count-spans,0.1.0 (rev 9ee90dfb56),rust/regex,1.12.4,,594933,17244,4.51s,169.59us,2.57us,173.90us,17.73us,163.23us,915.21us
imported/sherlock/the-lower,count-spans,0.1.0 (rev 9ee90dfb56),safere/string,0.12.0-SNAPSHOT (OpenJDK 64-Bit Server VM 26.0.2+10-55; scanner=swar),,594933,9874,5.27s,296.45us,2.56us,303.24us,24.66us,287.23us,1.05ms
imported/sherlock/the-lower,count-spans,0.1.0 (rev 9ee90dfb56),safere/utf8,0.12.0-SNAPSHOT (OpenJDK 64-Bit Server VM 26.0.2+10-55; scanner=swar),,594933,7031,5.21s,419.33us,6.66us,426.03us,31.73us,404.99us,1.18ms
imported/sherlock/the-lower,count-spans,0.1.0 (rev 9ee90dfb56),safere/utf8-vector,0.12.0-SNAPSHOT (OpenJDK 64-Bit Server VM 26.0.2+10-55; scanner=vector),,594933,6866,5.22s,430.08us,9.73us,436.31us,35.80us,406.53us,1.17ms
imported/sherlock/the-upper,count-spans,0.1.0 (rev 9ee90dfb56),pcre2/jit,10.47 2025-10-21,,594933,74169,4.57s,39.31us,324.00ns,40.38us,13.13us,38.00us,2.24ms
imported/sherlock/the-upper,count-spans,0.1.0 (rev 9ee90dfb56),re2,2025-11-05,,594933,41213,4.56s,71.17us,856.00ns,72.72us,10.88us,67.30us,813.16us
imported/sherlock/the-upper,count-spans,0.1.0 (rev 9ee90dfb56),re2j,1.8 (OpenJDK 64-Bit Server VM 26.0.2+10-55),,594933,14526,5.16s,198.66us,1.28us,206.11us,57.00us,192.00us,3.15ms
imported/sherlock/the-upper,count-spans,0.1.0 (rev 9ee90dfb56),rust/regex,1.12.4,,594933,130027,4.57s,22.12us,283.00ns,23.01us,8.43us,20.72us,858.70us
imported/sherlock/the-upper,count-spans,0.1.0 (rev 9ee90dfb56),safere/string,0.12.0-SNAPSHOT (OpenJDK 64-Bit Server VM 26.0.2+10-55; scanner=swar),,594933,27113,5.27s,107.01us,256.00ns,110.38us,15.53us,104.45us,882.69us
imported/sherlock/the-upper,count-spans,0.1.0 (rev 9ee90dfb56),safere/utf8,0.12.0-SNAPSHOT (OpenJDK 64-Bit Server VM 26.0.2+10-55; scanner=swar),,594933,22138,5.27s,130.82us,640.00ns,135.18us,15.80us,129.28us,918.53us
imported/sherlock/the-upper,count-spans,0.1.0 (rev 9ee90dfb56),safere/utf8-vector,0.12.0-SNAPSHOT (OpenJDK 64-Bit Server VM 26.0.2+10-55; scanner=vector),,594933,21503,5.27s,134.91us,1.54us,139.10us,22.37us,130.05us,1.09ms
imported/sherlock/the-casei,count-spans,0.1.0 (rev 9ee90dfb56),pcre2/jit,10.47 2025-10-21,,594933,8968,4.51s,329.61us,6.03us,334.45us,31.24us,312.35us,1.91ms
imported/sherlock/the-casei,count-spans,0.1.0 (rev 9ee90dfb56),re2,2025-11-05,,594933,3133,4.51s,947.16us,9.19us,0.96ms,52.09us,911.33us,1.76ms
imported/sherlock/the-casei,count-spans,0.1.0 (rev 9ee90dfb56),re2j,1.8 (OpenJDK 64-Bit Server VM 26.0.2+10-55),,594933,206,5.16s,14.47ms,131.07us,14.59ms,404.21us,14.14ms,17.37ms
imported/sherlock/the-casei,count-spans,0.1.0 (rev 9ee90dfb56),rust/regex,1.12.4,,594933,8637,4.51s,341.33us,4.94us,347.25us,26.14us,332.13us,1.11ms
imported/sherlock/the-casei,count-spans,0.1.0 (rev 9ee90dfb56),safere/string,0.12.0-SNAPSHOT (OpenJDK 64-Bit Server VM 26.0.2+10-55; scanner=swar),,594933,2113,5.17s,1.40ms,16.38us,1.42ms,77.84us,1.33ms,2.33ms
imported/sherlock/the-casei,count-spans,0.1.0 (rev 9ee90dfb56),safere/utf8,0.12.0-SNAPSHOT (OpenJDK 64-Bit Server VM 26.0.2+10-55; scanner=swar),,594933,2451,5.22s,1.19ms,12.29us,1.22ms,142.56us,1.15ms,2.97ms
imported/sherlock/the-casei,count-spans,0.1.0 (rev 9ee90dfb56),safere/utf8-vector,0.12.0-SNAPSHOT (OpenJDK 64-Bit Server VM 26.0.2+10-55; scanner=vector),,594933,4491,5.36s,650.24us,10.24us,666.90us,98.36us,604.16us,2.57ms
imported/sherlock/everything-greedy,count-spans,0.1.0 (rev 9ee90dfb56),safere/string,0.12.0-SNAPSHOT (OpenJDK 64-Bit Server VM 26.0.2+10-55; scanner=swar),,594933,468,5.37s,6.28ms,65.54us,6.41ms,455.49us,6.13ms,11.73ms
imported/sherlock/everything-greedy,count-spans,0.1.0 (rev 9ee90dfb56),safere/utf8,0.12.0-SNAPSHOT (OpenJDK 64-Bit Server VM 26.0.2+10-55; scanner=swar),,594933,473,5.31s,6.19ms,122.88us,6.35ms,652.47us,5.95ms,14.07ms
imported/sherlock/everything-greedy,count-spans,0.1.0 (rev 9ee90dfb56),safere/utf8-vector,0.12.0-SNAPSHOT (OpenJDK 64-Bit Server VM 26.0.2+10-55; scanner=vector),,594933,455,5.32s,6.48ms,65.54us,6.60ms,390.34us,6.23ms,10.08ms
imported/sherlock/everything-greedy,count-spans,0.1.0 (rev 9ee90dfb56),pcre2/jit,10.47 2025-10-21,,594933,3927,4.51s,753.74us,8.35us,763.99us,59.34us,722.52us,2.40ms
imported/sherlock/everything-greedy,count-spans,0.1.0 (rev 9ee90dfb56),re2,2025-11-05,,594933,898,4.51s,3.30ms,27.86us,3.34ms,242.89us,3.19ms,9.15ms
imported/sherlock/everything-greedy,count-spans,0.1.0 (rev 9ee90dfb56),re2j,1.8 (OpenJDK 64-Bit Server VM 26.0.2+10-55),,594933,133,5.11s,22.38ms,262.14us,22.54ms,625.03us,21.76ms,25.46ms
imported/sherlock/everything-greedy,count-spans,0.1.0 (rev 9ee90dfb56),rust/regex,1.12.4,,594933,1036,4.51s,2.86ms,23.89us,2.90ms,144.53us,2.78ms,5.36ms
imported/sherlock/everything-greedy-nl,count-spans,0.1.0 (rev 9ee90dfb56),safere/string,0.12.0-SNAPSHOT (OpenJDK 64-Bit Server VM 26.0.2+10-55; scanner=swar),,594933,688,5.21s,4.30ms,40.96us,4.36ms,168.29us,4.19ms,5.44ms
imported/sherlock/everything-greedy-nl,count-spans,0.1.0 (rev 9ee90dfb56),safere/utf8,0.12.0-SNAPSHOT (OpenJDK 64-Bit Server VM 26.0.2+10-55; scanner=swar),,594933,710,5.21s,4.17ms,36.86us,4.23ms,169.90us,4.09ms,5.30ms
imported/sherlock/everything-greedy-nl,count-spans,0.1.0 (rev 9ee90dfb56),safere/utf8-vector,0.12.0-SNAPSHOT (OpenJDK 64-Bit Server VM 26.0.2+10-55; scanner=vector),,594933,698,5.26s,4.25ms,32.77us,4.30ms,131.49us,4.19ms,5.30ms
imported/sherlock/everything-greedy-nl,count-spans,0.1.0 (rev 9ee90dfb56),pcre2/jit,10.47 2025-10-21,,594933,23833,4.56s,122.00us,36.00ns,125.80us,19.92us,121.95us,1.47ms
imported/sherlock/everything-greedy-nl,count-spans,0.1.0 (rev 9ee90dfb56),re2,2025-11-05,,594933,1987,4.51s,1.48ms,16.51us,1.51ms,91.84us,1.44ms,2.81ms
imported/sherlock/everything-greedy-nl,count-spans,0.1.0 (rev 9ee90dfb56),re2j,1.8 (OpenJDK 64-Bit Server VM 26.0.2+10-55),,594933,148,5.11s,20.38ms,229.38us,20.39ms,495.83us,19.73ms,24.02ms
imported/sherlock/everything-greedy-nl,count-spans,0.1.0 (rev 9ee90dfb56),rust/regex,1.12.4,,594933,1357,4.51s,2.18ms,12.32us,2.21ms,115.58us,2.16ms,4.55ms
imported/sherlock/letters,count-spans,0.1.0 (rev 9ee90dfb56),safere/string,0.12.0-SNAPSHOT (OpenJDK 64-Bit Server VM 26.0.2+10-55; scanner=swar),,594933,614,5.41s,4.83ms,65.54us,4.89ms,226.13us,4.69ms,7.56ms
imported/sherlock/letters,count-spans,0.1.0 (rev 9ee90dfb56),safere/utf8,0.12.0-SNAPSHOT (OpenJDK 64-Bit Server VM 26.0.2+10-55; scanner=swar),,594933,439,5.41s,6.73ms,73.73us,6.83ms,469.17us,6.50ms,14.61ms
imported/sherlock/letters,count-spans,0.1.0 (rev 9ee90dfb56),safere/utf8-vector,0.12.0-SNAPSHOT (OpenJDK 64-Bit Server VM 26.0.2+10-55; scanner=vector),,594933,442,5.46s,6.73ms,69.63us,6.80ms,218.90us,6.53ms,8.28ms
imported/sherlock/letters,count-spans,0.1.0 (rev 9ee90dfb56),pcre2/jit,10.47 2025-10-21,,594933,310,4.51s,9.65ms,92.00us,9.70ms,226.69us,9.30ms,11.05ms
imported/sherlock/letters,count-spans,0.1.0 (rev 9ee90dfb56),re2,2025-11-05,,594933,93,4.56s,32.16ms,266.98us,32.32ms,764.04us,31.30ms,36.39ms
imported/sherlock/letters,count-spans,0.1.0 (rev 9ee90dfb56),re2j,1.8 (OpenJDK 64-Bit Server VM 26.0.2+10-55),,594933,78,5.21s,38.37ms,425.98us,38.68ms,886.24us,37.49ms,42.73ms
imported/sherlock/letters,count-spans,0.1.0 (rev 9ee90dfb56),rust/regex,1.12.4,,594933,232,4.56s,12.89ms,111.49us,12.94ms,305.45us,12.43ms,15.95ms
imported/sherlock/letters-upper,count-spans,0.1.0 (rev 9ee90dfb56),pcre2/jit,10.47 2025-10-21,,594933,2224,4.51s,1.33ms,8.09us,1.35ms,57.20us,1.31ms,2.17ms
imported/sherlock/letters-upper,count-spans,0.1.0 (rev 9ee90dfb56),re2,2025-11-05,,594933,1655,4.51s,1.79ms,17.48us,1.81ms,90.80us,1.72ms,3.40ms
imported/sherlock/letters-upper,count-spans,0.1.0 (rev 9ee90dfb56),re2j,1.8 (OpenJDK 64-Bit Server VM 26.0.2+10-55),,594933,206,5.11s,14.51ms,204.80us,14.57ms,425.56us,13.88ms,17.63ms
imported/sherlock/letters-upper,count-spans,0.1.0 (rev 9ee90dfb56),rust/regex,1.12.4,,594933,2466,4.51s,1.20ms,7.88us,1.22ms,58.45us,1.18ms,2.15ms
imported/sherlock/letters-upper,count-spans,0.1.0 (rev 9ee90dfb56),safere/string,0.12.0-SNAPSHOT (OpenJDK 64-Bit Server VM 26.0.2+10-55; scanner=swar),,594933,1837,5.31s,1.55ms,26.62us,1.63ms,136.69us,1.51ms,2.94ms
imported/sherlock/letters-upper,count-spans,0.1.0 (rev 9ee90dfb56),safere/utf8,0.12.0-SNAPSHOT (OpenJDK 64-Bit Server VM 26.0.2+10-55; scanner=swar),,594933,1496,5.31s,1.97ms,22.53us,2.00ms,105.80us,1.88ms,3.01ms
imported/sherlock/letters-upper,count-spans,0.1.0 (rev 9ee90dfb56),safere/utf8-vector,0.12.0-SNAPSHOT (OpenJDK 64-Bit Server VM 26.0.2+10-55; scanner=vector),,594933,1439,5.31s,2.04ms,32.77us,2.08ms,140.97us,1.96ms,4.10ms
imported/sherlock/letters-lower,count-spans,0.1.0 (rev 9ee90dfb56),safere/string,0.12.0-SNAPSHOT (OpenJDK 64-Bit Server VM 26.0.2+10-55; scanner=swar),,594933,620,5.37s,4.79ms,57.34us,4.84ms,181.12us,4.63ms,6.43ms
imported/sherlock/letters-lower,count-spans,0.1.0 (rev 9ee90dfb56),safere/utf8,0.12.0-SNAPSHOT (OpenJDK 64-Bit Server VM 26.0.2+10-55; scanner=swar),,594933,446,5.32s,6.63ms,61.44us,6.72ms,386.25us,6.50ms,11.22ms
imported/sherlock/letters-lower,count-spans,0.1.0 (rev 9ee90dfb56),safere/utf8-vector,0.12.0-SNAPSHOT (OpenJDK 64-Bit Server VM 26.0.2+10-55; scanner=vector),,594933,443,5.32s,6.71ms,65.54us,6.78ms,256.76us,6.58ms,9.24ms
imported/sherlock/letters-lower,count-spans,0.1.0 (rev 9ee90dfb56),pcre2/jit,10.47 2025-10-21,,594933,308,4.51s,9.70ms,102.08us,9.75ms,266.97us,9.31ms,12.01ms
imported/sherlock/letters-lower,count-spans,0.1.0 (rev 9ee90dfb56),re2,2025-11-05,,594933,96,4.56s,31.14ms,281.50us,31.35ms,833.44us,30.44ms,36.15ms
imported/sherlock/letters-lower,count-spans,0.1.0 (rev 9ee90dfb56),re2j,1.8 (OpenJDK 64-Bit Server VM 26.0.2+10-55),,594933,80,5.22s,37.26ms,557.06us,37.77ms,1.49ms,36.50ms,44.56ms
imported/sherlock/letters-lower,count-spans,0.1.0 (rev 9ee90dfb56),rust/regex,1.12.4,,594933,234,4.56s,12.81ms,110.54us,12.87ms,307.60us,12.39ms,15.71ms
imported/sherlock/words,count-spans,0.1.0 (rev 9ee90dfb56),pcre2/jit,10.47 2025-10-21,,594933,978,4.51s,3.03ms,28.49us,3.07ms,155.33us,2.93ms,4.96ms
imported/sherlock/words,count-spans,0.1.0 (rev 9ee90dfb56),re2,2025-11-05,,594933,301,4.51s,9.92ms,70.87us,9.97ms,230.99us,9.69ms,12.48ms
imported/sherlock/words,count-spans,0.1.0 (rev 9ee90dfb56),re2j,1.8 (OpenJDK 64-Bit Server VM 26.0.2+10-55),,594933,102,5.21s,29.31ms,475.14us,29.56ms,1.08ms,28.34ms,36.24ms
imported/sherlock/words,count-spans,0.1.0 (rev 9ee90dfb56),rust/regex,1.12.4,,594933,461,4.51s,6.46ms,59.74us,6.51ms,181.63us,6.24ms,7.49ms
imported/sherlock/words,count-spans,0.1.0 (rev 9ee90dfb56),safere/string,0.12.0-SNAPSHOT (OpenJDK 64-Bit Server VM 26.0.2+10-55; scanner=swar),,594933,342,5.27s,8.54ms,147.46us,8.77ms,1.19ms,8.12ms,26.08ms
imported/sherlock/words,count-spans,0.1.0 (rev 9ee90dfb56),safere/utf8,0.12.0-SNAPSHOT (OpenJDK 64-Bit Server VM 26.0.2+10-55; scanner=swar),,594933,357,5.31s,8.28ms,114.69us,8.40ms,413.00us,7.96ms,11.73ms
imported/sherlock/words,count-spans,0.1.0 (rev 9ee90dfb56),safere/utf8-vector,0.12.0-SNAPSHOT (OpenJDK 64-Bit Server VM 26.0.2+10-55; scanner=vector),,594933,361,5.31s,8.21ms,98.30us,8.33ms,484.99us,7.85ms,13.60ms
imported/sherlock/before-holmes,count-spans,0.1.0 (rev 9ee90dfb56),pcre2/jit,10.47 2025-10-21,,594933,1645,4.51s,1.80ms,15.17us,1.82ms,119.98us,1.75ms,4.55ms
imported/sherlock/before-holmes,count-spans,0.1.0 (rev 9ee90dfb56),re2,2025-11-05,,594933,4550,4.51s,652.00us,7.02us,659.37us,42.38us,629.87us,2.06ms
imported/sherlock/before-holmes,count-spans,0.1.0 (rev 9ee90dfb56),re2j,1.8 (OpenJDK 64-Bit Server VM 26.0.2+10-55),,594933,116,5.16s,25.79ms,163.84us,25.87ms,518.62us,25.43ms,30.57ms
imported/sherlock/before-holmes,count-spans,0.1.0 (rev 9ee90dfb56),rust/regex,1.12.4,,594933,73187,4.57s,39.84us,556.00ns,40.92us,7.62us,38.26us,759.34us
imported/sherlock/before-holmes,count-spans,0.1.0 (rev 9ee90dfb56),safere/string,0.12.0-SNAPSHOT (OpenJDK 64-Bit Server VM 26.0.2+10-55; scanner=swar),,594933,3571,5.26s,825.34us,9.22us,839.02us,66.61us,794.62us,2.55ms
imported/sherlock/before-holmes,count-spans,0.1.0 (rev 9ee90dfb56),safere/utf8,0.12.0-SNAPSHOT (OpenJDK 64-Bit Server VM 26.0.2+10-55; scanner=swar),,594933,3271,5.26s,898.05us,8.19us,916.00us,97.77us,869.38us,3.37ms
imported/sherlock/before-holmes,count-spans,0.1.0 (rev 9ee90dfb56),safere/utf8-vector,0.12.0-SNAPSHOT (OpenJDK 64-Bit Server VM 26.0.2+10-55; scanner=vector),,594933,3267,5.27s,900.10us,8.19us,917.25us,97.47us,886.78us,4.79ms
imported/sherlock/before-after-holmes,count-spans,0.1.0 (rev 9ee90dfb56),pcre2/jit,10.47 2025-10-21,,594933,1608,4.51s,1.84ms,16.14us,1.87ms,85.51us,1.77ms,2.66ms
imported/sherlock/before-after-holmes,count-spans,0.1.0 (rev 9ee90dfb56),re2,2025-11-05,,594933,4680,4.51s,633.48us,6.22us,641.01us,36.65us,625.77us,1.45ms
imported/sherlock/before-after-holmes,count-spans,0.1.0 (rev 9ee90dfb56),re2j,1.8 (OpenJDK 64-Bit Server VM 26.0.2+10-55),,594933,115,5.17s,26.08ms,229.38us,26.27ms,920.09us,25.40ms,34.54ms
imported/sherlock/before-after-holmes,count-spans,0.1.0 (rev 9ee90dfb56),rust/regex,1.12.4,,594933,78787,4.57s,36.91us,288.00ns,38.01us,8.85us,35.66us,794.83us
imported/sherlock/before-after-holmes,count-spans,0.1.0 (rev 9ee90dfb56),safere/string,0.12.0-SNAPSHOT (OpenJDK 64-Bit Server VM 26.0.2+10-55; scanner=swar),,594933,3259,5.31s,902.14us,13.31us,919.44us,130.24us,859.14us,6.32ms
imported/sherlock/before-after-holmes,count-spans,0.1.0 (rev 9ee90dfb56),safere/utf8,0.12.0-SNAPSHOT (OpenJDK 64-Bit Server VM 26.0.2+10-55; scanner=swar),,594933,3247,5.21s,910.34us,10.24us,922.94us,66.98us,860.16us,2.64ms
imported/sherlock/before-after-holmes,count-spans,0.1.0 (rev 9ee90dfb56),safere/utf8-vector,0.12.0-SNAPSHOT (OpenJDK 64-Bit Server VM 26.0.2+10-55; scanner=vector),,594933,3262,5.26s,902.14us,14.34us,918.78us,111.70us,860.16us,3.77ms
imported/sherlock/holmes-cochar-watson,count-spans,0.1.0 (rev 9ee90dfb56),pcre2/jit,10.47 2025-10-21,,594933,84261,4.57s,34.36us,233.00ns,35.54us,9.01us,33.74us,811.35us
imported/sherlock/holmes-cochar-watson,count-spans,0.1.0 (rev 9ee90dfb56),re2,2025-11-05,,594933,4797,4.51s,617.82us,6.12us,625.34us,35.95us,611.37us,1.51ms
imported/sherlock/holmes-cochar-watson,count-spans,0.1.0 (rev 9ee90dfb56),re2j,1.8 (OpenJDK 64-Bit Server VM 26.0.2+10-55),,594933,127,5.21s,23.56ms,262.14us,23.72ms,696.63us,22.84ms,27.89ms
imported/sherlock/holmes-cochar-watson,count-spans,0.1.0 (rev 9ee90dfb56),rust/regex,1.12.4,,594933,42045,4.56s,69.34us,312.00ns,71.28us,12.86us,68.34us,1.00ms
imported/sherlock/holmes-cochar-watson,count-spans,0.1.0 (rev 9ee90dfb56),safere/string,0.12.0-SNAPSHOT (OpenJDK 64-Bit Server VM 26.0.2+10-55; scanner=swar),,594933,10546,5.27s,275.97us,5.63us,283.75us,37.01us,267.26us,1.76ms
imported/sherlock/holmes-cochar-watson,count-spans,0.1.0 (rev 9ee90dfb56),safere/utf8,0.12.0-SNAPSHOT (OpenJDK 64-Bit Server VM 26.0.2+10-55; scanner=swar),,594933,24285,5.32s,119.55us,3.07us,123.22us,23.39us,109.95us,2.71ms
imported/sherlock/holmes-cochar-watson,count-spans,0.1.0 (rev 9ee90dfb56),safere/utf8-vector,0.12.0-SNAPSHOT (OpenJDK 64-Bit Server VM 26.0.2+10-55; scanner=vector),,594933,39853,5.47s,73.22us,2.18us,75.09us,15.59us,67.20us,2.06ms
imported/sherlock/holmes-coword-watson,count-spans,0.1.0 (rev 9ee90dfb56),re2,2025-11-05,,594933,4305,4.51s,687.90us,7.94us,696.79us,44.73us,679.19us,2.06ms
imported/sherlock/holmes-coword-watson,count-spans,0.1.0 (rev 9ee90dfb56),re2j,1.8 (OpenJDK 64-Bit Server VM 26.0.2+10-55),,594933,30,5.42s,102.11ms,458.75us,102.21ms,1.27ms,100.79ms,108.40ms
imported/sherlock/holmes-coword-watson,count-spans,0.1.0 (rev 9ee90dfb56),rust/regex,1.12.4,,594933,8084,4.51s,363.15us,7.33us,371.02us,34.22us,354.46us,1.87ms
imported/sherlock/holmes-coword-watson,count-spans,0.1.0 (rev 9ee90dfb56),safere/string,0.12.0-SNAPSHOT (OpenJDK 64-Bit Server VM 26.0.2+10-55; scanner=swar),,594933,3980,5.36s,743.42us,15.36us,752.85us,48.67us,701.44us,1.72ms
imported/sherlock/holmes-coword-watson,count-spans,0.1.0 (rev 9ee90dfb56),safere/utf8,0.12.0-SNAPSHOT (OpenJDK 64-Bit Server VM 26.0.2+10-55; scanner=swar),,594933,4982,5.41s,588.80us,8.19us,601.12us,53.50us,561.15us,2.62ms
imported/sherlock/holmes-coword-watson,count-spans,0.1.0 (rev 9ee90dfb56),safere/utf8-vector,0.12.0-SNAPSHOT (OpenJDK 64-Bit Server VM 26.0.2+10-55; scanner=vector),,594933,4825,5.47s,604.16us,10.24us,620.74us,66.66us,561.15us,2.44ms
imported/sherlock/quotes,count-spans,0.1.0 (rev 9ee90dfb56),safere/string,0.12.0-SNAPSHOT (OpenJDK 64-Bit Server VM 26.0.2+10-55; scanner=swar),,594933,5510,5.26s,529.41us,12.29us,543.57us,77.19us,491.01us,2.49ms
imported/sherlock/quotes,count-spans,0.1.0 (rev 9ee90dfb56),safere/utf8,0.12.0-SNAPSHOT (OpenJDK 64-Bit Server VM 26.0.2+10-55; scanner=swar),,594933,7266,5.26s,401.41us,6.66us,412.22us,76.54us,377.34us,2.33ms
imported/sherlock/quotes,count-spans,0.1.0 (rev 9ee90dfb56),safere/utf8-vector,0.12.0-SNAPSHOT (OpenJDK 64-Bit Server VM 26.0.2+10-55; scanner=vector),,594933,8090,5.37s,363.52us,7.68us,370.13us,67.01us,324.10us,3.49ms
imported/sherlock/quotes,count-spans,0.1.0 (rev 9ee90dfb56),pcre2/jit,10.47 2025-10-21,,594933,10712,4.51s,274.19us,4.04us,279.98us,24.83us,265.27us,1.08ms
imported/sherlock/quotes,count-spans,0.1.0 (rev 9ee90dfb56),re2,2025-11-05,,594933,4185,4.51s,708.40us,7.00us,716.84us,40.09us,695.28us,1.46ms
imported/sherlock/quotes,count-spans,0.1.0 (rev 9ee90dfb56),re2j,1.8 (OpenJDK 64-Bit Server VM 26.0.2+10-55),,594933,159,5.11s,18.71ms,131.07us,18.85ms,691.88us,18.19ms,25.82ms
imported/sherlock/quotes,count-spans,0.1.0 (rev 9ee90dfb56),rust/regex,1.12.4,,594933,12015,4.51s,244.13us,1.27us,249.60us,22.37us,236.56us,1.04ms
imported/sherlock/line-boundary-sherlock-holmes,count-spans,0.1.0 (rev 9ee90dfb56),safere/string,0.12.0-SNAPSHOT (OpenJDK 64-Bit Server VM 26.0.2+10-55; scanner=swar),,594933,11527,5.22s,252.16us,4.86us,259.74us,44.32us,244.99us,2.45ms
imported/sherlock/line-boundary-sherlock-holmes,count-spans,0.1.0 (rev 9ee90dfb56),safere/utf8,0.12.0-SNAPSHOT (OpenJDK 64-Bit Server VM 26.0.2+10-55; scanner=swar),,594933,44101,5.32s,65.28us,832.00ns,67.84us,26.50us,62.27us,1.99ms
imported/sherlock/line-boundary-sherlock-holmes,count-spans,0.1.0 (rev 9ee90dfb56),safere/utf8-vector,0.12.0-SNAPSHOT (OpenJDK 64-Bit Server VM 26.0.2+10-55; scanner=vector),,594933,36387,5.42s,39.36us,512.00ns,41.44us,32.20us,37.44us,1.96ms
imported/sherlock/line-boundary-sherlock-holmes,count-spans,0.1.0 (rev 9ee90dfb56),pcre2/jit,10.47 2025-10-21,,594933,131858,4.57s,22.11us,45.00ns,22.69us,6.08us,21.89us,786.72us
imported/sherlock/line-boundary-sherlock-holmes,count-spans,0.1.0 (rev 9ee90dfb56),re2,2025-11-05,,594933,4784,4.51s,619.77us,5.87us,627.05us,36.06us,613.09us,1.57ms
imported/sherlock/line-boundary-sherlock-holmes,count-spans,0.1.0 (rev 9ee90dfb56),re2j,1.8 (OpenJDK 64-Bit Server VM 26.0.2+10-55),,594933,151,5.16s,19.82ms,163.84us,19.93ms,415.61us,19.23ms,21.92ms
imported/sherlock/line-boundary-sherlock-holmes,count-spans,0.1.0 (rev 9ee90dfb56),rust/regex,1.12.4,,594933,149153,4.62s,19.50us,199.00ns,20.05us,5.66us,18.84us,778.36us
imported/sherlock/word-ending-n,count-spans,0.1.0 (rev 9ee90dfb56),pcre2/jit,10.47 2025-10-21,,594933,1361,4.51s,2.18ms,21.72us,2.20ms,86.67us,2.09ms,3.08ms
imported/sherlock/word-ending-n,count-spans,0.1.0 (rev 9ee90dfb56),re2,2025-11-05,,594933,2064,4.51s,1.43ms,17.37us,1.45ms,86.76us,1.36ms,2.83ms
imported/sherlock/word-ending-n,count-spans,0.1.0 (rev 9ee90dfb56),re2j,1.8 (OpenJDK 64-Bit Server VM 26.0.2+10-55),,594933,125,5.16s,24.05ms,196.61us,24.17ms,590.26us,23.56ms,27.85ms
imported/sherlock/word-ending-n,count-spans,0.1.0 (rev 9ee90dfb56),rust/regex,1.12.4,,594933,3422,4.51s,866.58us,8.39us,876.63us,53.14us,834.57us,2.33ms
imported/sherlock/word-ending-n,count-spans,0.1.0 (rev 9ee90dfb56),safere/string,0.12.0-SNAPSHOT (OpenJDK 64-Bit Server VM 26.0.2+10-55; scanner=swar),,594933,981,5.26s,3.00ms,49.15us,3.06ms,235.24us,2.87ms,5.86ms
imported/sherlock/word-ending-n,count-spans,0.1.0 (rev 9ee90dfb56),safere/utf8,0.12.0-SNAPSHOT (OpenJDK 64-Bit Server VM 26.0.2+10-55; scanner=swar),,594933,919,5.26s,3.20ms,36.86us,3.26ms,225.00us,3.08ms,5.46ms
imported/sherlock/word-ending-n,count-spans,0.1.0 (rev 9ee90dfb56),safere/utf8-vector,0.12.0-SNAPSHOT (OpenJDK 64-Bit Server VM 26.0.2+10-55; scanner=vector),,594933,926,5.26s,3.17ms,32.77us,3.24ms,231.72us,3.07ms,4.95ms
imported/sherlock/repeated-class-negation,count-spans,0.1.0 (rev 9ee90dfb56),pcre2/jit,10.47 2025-10-21,,594933,920,4.51s,3.24ms,92.08us,3.26ms,141.84us,3.04ms,4.29ms
imported/sherlock/repeated-class-negation,count-spans,0.1.0 (rev 9ee90dfb56),re2,2025-11-05,,594933,1186,4.51s,2.51ms,50.61us,2.53ms,118.13us,2.42ms,3.91ms
imported/sherlock/repeated-class-negation,count-spans,0.1.0 (rev 9ee90dfb56),re2j,1.8 (OpenJDK 64-Bit Server VM 26.0.2+10-55),,594933,61,5.21s,49.55ms,262.14us,49.68ms,731.95us,48.76ms,53.48ms
imported/sherlock/repeated-class-negation,count-spans,0.1.0 (rev 9ee90dfb56),rust/regex,1.12.4,,594933,73945,4.57s,39.44us,379.00ns,40.50us,7.88us,37.99us,770.46us
imported/sherlock/repeated-class-negation,count-spans,0.1.0 (rev 9ee90dfb56),safere/string,0.12.0-SNAPSHOT (OpenJDK 64-Bit Server VM 26.0.2+10-55; scanner=swar),,594933,55,5.47s,54.72ms,1.38ms,55.21ms,2.30ms,52.17ms,61.80ms
imported/sherlock/repeated-class-negation,count-spans,0.1.0 (rev 9ee90dfb56),safere/utf8,0.12.0-SNAPSHOT (OpenJDK 64-Bit Server VM 26.0.2+10-55; scanner=swar),,594933,55,5.57s,55.51ms,1.18ms,55.45ms,1.61ms,52.95ms,60.29ms
imported/sherlock/repeated-class-negation,count-spans,0.1.0 (rev 9ee90dfb56),safere/utf8-vector,0.12.0-SNAPSHOT (OpenJDK 64-Bit Server VM 26.0.2+10-55; scanner=vector),,594933,56,5.52s,53.81ms,1.18ms,54.41ms,1.72ms,52.17ms,58.59ms
imported/sherlock/ing-suffix,count-spans,0.1.0 (rev 9ee90dfb56),pcre2/jit,10.47 2025-10-21,,594933,1842,4.51s,1.61ms,25.81us,1.63ms,87.22us,1.54ms,2.70ms
imported/sherlock/ing-suffix,count-spans,0.1.0 (rev 9ee90dfb56),re2,2025-11-05,,594933,3324,4.51s,890.70us,7.97us,902.52us,58.14us,853.45us,2.26ms
imported/sherlock/ing-suffix,count-spans,0.1.0 (rev 9ee90dfb56),re2j,1.8 (OpenJDK 64-Bit Server VM 26.0.2+10-55),,594933,137,5.16s,21.89ms,196.61us,21.98ms,449.07us,21.40ms,25.26ms
imported/sherlock/ing-suffix,count-spans,0.1.0 (rev 9ee90dfb56),rust/regex,1.12.4,,594933,15429,4.56s,189.92us,2.07us,194.36us,19.31us,182.48us,945.83us
imported/sherlock/ing-suffix,count-spans,0.1.0 (rev 9ee90dfb56),safere/string,0.12.0-SNAPSHOT (OpenJDK 64-Bit Server VM 26.0.2+10-55; scanner=swar),,594933,5993,5.47s,487.94us,8.19us,499.78us,76.90us,462.85us,2.74ms
imported/sherlock/ing-suffix,count-spans,0.1.0 (rev 9ee90dfb56),safere/utf8,0.12.0-SNAPSHOT (OpenJDK 64-Bit Server VM 26.0.2+10-55; scanner=swar),,594933,5692,5.37s,513.02us,7.68us,526.31us,83.50us,486.40us,2.32ms
imported/sherlock/ing-suffix,count-spans,0.1.0 (rev 9ee90dfb56),safere/utf8-vector,0.12.0-SNAPSHOT (OpenJDK 64-Bit Server VM 26.0.2+10-55; scanner=vector),,594933,5637,5.37s,516.61us,10.24us,531.35us,84.32us,486.40us,2.51ms
imported/sherlock/ing-suffix-limited-space,count-spans,0.1.0 (rev 9ee90dfb56),pcre2/jit,10.47 2025-10-21,,594933,1446,4.51s,2.06ms,23.70us,2.08ms,74.65us,1.99ms,2.84ms
imported/sherlock/ing-suffix-limited-space,count-spans,0.1.0 (rev 9ee90dfb56),re2,2025-11-05,,594933,2912,4.51s,1.02ms,6.96us,1.03ms,61.11us,0.97ms,2.20ms
imported/sherlock/ing-suffix-limited-space,count-spans,0.1.0 (rev 9ee90dfb56),re2j,1.8 (OpenJDK 64-Bit Server VM 26.0.2+10-55),,594933,101,5.16s,29.72ms,196.61us,29.90ms,590.26us,29.33ms,33.88ms
imported/sherlock/ing-suffix-limited-space,count-spans,0.1.0 (rev 9ee90dfb56),rust/regex,1.12.4,,594933,14796,4.51s,197.88us,1.68us,202.68us,25.21us,190.74us,1.89ms
imported/sherlock/ing-suffix-limited-space,count-spans,0.1.0 (rev 9ee90dfb56),safere/string,0.12.0-SNAPSHOT (OpenJDK 64-Bit Server VM 26.0.2+10-55; scanner=swar),,594933,3848,5.37s,748.54us,14.34us,778.47us,173.33us,712.70us,3.64ms
imported/sherlock/ing-suffix-limited-space,count-spans,0.1.0 (rev 9ee90dfb56),safere/utf8,0.12.0-SNAPSHOT (OpenJDK 64-Bit Server VM 26.0.2+10-55; scanner=swar),,594933,3509,5.41s,835.58us,14.34us,854.17us,106.36us,773.12us,2.87ms
imported/sherlock/ing-suffix-limited-space,count-spans,0.1.0 (rev 9ee90dfb56),safere/utf8-vector,0.12.0-SNAPSHOT (OpenJDK 64-Bit Server VM 26.0.2+10-55; scanner=vector),,594933,3536,5.42s,823.30us,14.34us,847.27us,106.93us,771.07us,2.61ms
opt/accelerate/whole-line,grep,0.1.0 (rev 9ee90dfb56),rust/regex,1.12.4,,7384531,470,4.56s,6.33ms,78.78us,6.39ms,222.83us,6.07ms,8.91ms
opt/accelerate/whole-line,grep,0.1.0 (rev 9ee90dfb56),re2,2025-11-05,,7384531,180,4.56s,16.62ms,108.47us,16.71ms,260.10us,16.39ms,18.17ms
opt/accelerate/whole-line,grep,0.1.0 (rev 9ee90dfb56),re2j,1.8 (OpenJDK 64-Bit Server VM 26.0.2+10-55),,7384531,12,6.12s,267.26ms,786.43us,268.28ms,3.06ms,265.03ms,277.35ms
opt/accelerate/whole-line,grep,0.1.0 (rev 9ee90dfb56),pcre2/jit,10.47 2025-10-21,,7384531,329,4.56s,9.07ms,86.64us,9.12ms,204.01us,8.87ms,10.57ms
opt/accelerate/non-dna,count-spans,0.1.0 (rev 9ee90dfb56),rust/regex,1.12.4,,1016745,4098,4.51s,722.78us,9.58us,732.00us,44.55us,688.27us,1.54ms
opt/accelerate/non-dna,count-spans,0.1.0 (rev 9ee90dfb56),re2,2025-11-05,,1016745,837,4.51s,3.55ms,47.99us,3.59ms,139.63us,3.41ms,4.51ms
opt/accelerate/non-dna,count-spans,0.1.0 (rev 9ee90dfb56),re2j,1.8 (OpenJDK 64-Bit Server VM 26.0.2+10-55),,1016745,78,5.22s,38.47ms,294.91us,38.76ms,1.03ms,37.88ms,44.70ms
opt/accelerate/non-dna,count-spans,0.1.0 (rev 9ee90dfb56),pcre2/jit,10.47 2025-10-21,,1016745,8170,4.56s,361.04us,6.46us,367.12us,39.84us,342.85us,2.04ms
opt/accelerate/non-dna,count-spans,0.1.0 (rev 9ee90dfb56),safere/string,0.12.0-SNAPSHOT (OpenJDK 64-Bit Server VM 26.0.2+10-55; scanner=swar),,1016745,2616,5.32s,1.11ms,10.24us,1.15ms,150.72us,1.08ms,2.70ms
opt/accelerate/non-dna,count-spans,0.1.0 (rev 9ee90dfb56),safere/utf8,0.12.0-SNAPSHOT (OpenJDK 64-Bit Server VM 26.0.2+10-55; scanner=swar),,1016745,3087,5.26s,945.15us,14.34us,0.97ms,141.13us,894.98us,2.77ms
opt/accelerate/non-dna,count-spans,0.1.0 (rev 9ee90dfb56),safere/utf8-vector,0.12.0-SNAPSHOT (OpenJDK 64-Bit Server VM 26.0.2+10-55; scanner=vector),,1016745,3755,5.37s,772.10us,9.22us,797.79us,167.78us,742.40us,6.76ms
opt/backtrack/words-english,grep-captures,0.1.0 (rev 9ee90dfb56),java/hotspot,26.0.2+10-55,,613357,315,4.66s,9.42ms,78.00us,9.54ms,372.45us,9.20ms,11.28ms
opt/backtrack/words-english,grep-captures,0.1.0 (rev 9ee90dfb56),safere/string,0.12.0-SNAPSHOT (OpenJDK 64-Bit Server VM 26.0.2+10-55; scanner=swar),,613357,98,5.42s,30.47ms,540.67us,30.71ms,846.44us,29.29ms,34.47ms
opt/backtrack/words-english,grep-captures,0.1.0 (rev 9ee90dfb56),safere/utf8,0.12.0-SNAPSHOT (OpenJDK 64-Bit Server VM 26.0.2+10-55; scanner=swar),,613357,92,5.42s,32.31ms,425.98us,32.65ms,1.11ms,31.56ms,39.71ms
opt/backtrack/words-english,grep-captures,0.1.0 (rev 9ee90dfb56),safere/utf8-vector,0.12.0-SNAPSHOT (OpenJDK 64-Bit Server VM 26.0.2+10-55; scanner=vector),,613357,92,5.41s,32.44ms,376.83us,32.77ms,1.41ms,31.65ms,43.52ms
opt/backtrack/words-english,grep-captures,0.1.0 (rev 9ee90dfb56),pcre2/jit,10.47 2025-10-21,,613357,842,4.51s,3.53ms,27.62us,3.57ms,120.59us,3.42ms,4.64ms
opt/backtrack/words-english,grep-captures,0.1.0 (rev 9ee90dfb56),re2,2025-11-05,,613357,470,4.51s,6.34ms,64.56us,6.38ms,207.98us,6.10ms,8.77ms
opt/backtrack/words-english,grep-captures,0.1.0 (rev 9ee90dfb56),re2j,1.8 (OpenJDK 64-Bit Server VM 26.0.2+10-55),,613357,76,5.21s,39.32ms,557.06us,39.61ms,1.30ms,38.47ms,48.04ms
opt/backtrack/words-english,grep-captures,0.1.0 (rev 9ee90dfb56),rust/regex,1.12.4,,613357,816,4.51s,3.63ms,33.90us,3.68ms,224.43us,3.51ms,7.48ms
opt/backtrack/words-russian,grep-captures,0.1.0 (rev 9ee90dfb56),rust/regex,1.12.4,,613423,203,4.51s,14.67ms,106.48us,14.78ms,589.57us,14.19ms,22.15ms
opt/fixed-length/too-small-ascii,count,0.1.0 (rev 9ee90dfb56),rust/regex,1.12.4,,6,1000000,581.56ms,20.00ns,0.00ns,21.00ns,105.00ns,18.00ns,38.53us
opt/fixed-length/too-small-ascii,count,0.1.0 (rev 9ee90dfb56),re2,2025-11-05,,6,1000000,630.75ms,50.00ns,1.00ns,52.00ns,137.00ns,46.00ns,47.50us
opt/fixed-length/too-small-ascii,count,0.1.0 (rev 9ee90dfb56),re2j,1.8 (OpenJDK 64-Bit Server VM 26.0.2+10-55),,6,65076,5.32s,365.00ns,8.00ns,462.00ns,7.02us,342.00ns,1.77ms
opt/fixed-length/too-small-ascii,count,0.1.0 (rev 9ee90dfb56),safere/string,0.12.0-SNAPSHOT (OpenJDK 64-Bit Server VM 26.0.2+10-55; scanner=swar),,6,61174,5.37s,21.00ns,1.00ns,47.00ns,721.00ns,17.00ns,81.79us
opt/fixed-length/too-small-ascii,count,0.1.0 (rev 9ee90dfb56),safere/utf8,0.12.0-SNAPSHOT (OpenJDK 64-Bit Server VM 26.0.2+10-55; scanner=swar),,6,61257,5.37s,19.00ns,1.00ns,60.00ns,1.34us,16.00ns,185.60us
opt/fixed-length/too-small-ascii,count,0.1.0 (rev 9ee90dfb56),safere/utf8-vector,0.12.0-SNAPSHOT (OpenJDK 64-Bit Server VM 26.0.2+10-55; scanner=vector),,6,60896,5.37s,19.00ns,1.00ns,39.00ns,531.00ns,16.00ns,31.23us
opt/fixed-length/too-small-unicode,count,0.1.0 (rev 9ee90dfb56),rust/regex,1.12.4,,36,1000000,600.23ms,20.00ns,0.00ns,21.00ns,89.00ns,18.00ns,34.84us
opt/fixed-length/too-big-ascii,count,0.1.0 (rev 9ee90dfb56),rust/regex,1.12.4,,52,1000000,530.91ms,20.00ns,0.00ns,21.00ns,81.00ns,19.00ns,45.39us
opt/fixed-length/too-big-ascii,count,0.1.0 (rev 9ee90dfb56),re2,2025-11-05,,52,1000000,680.25ms,85.00ns,1.00ns,88.00ns,171.00ns,72.00ns,63.67us
opt/fixed-length/too-big-ascii,count,0.1.0 (rev 9ee90dfb56),re2j,1.8 (OpenJDK 64-Bit Server VM 26.0.2+10-55),,52,68777,5.32s,674.00ns,8.00ns,802.00ns,7.61us,634.00ns,1.85ms
opt/fixed-length/too-big-ascii,count,0.1.0 (rev 9ee90dfb56),safere/string,0.12.0-SNAPSHOT (OpenJDK 64-Bit Server VM 26.0.2+10-55; scanner=swar),,52,118128,5.52s,109.00ns,2.00ns,165.00ns,6.80us,102.00ns,2.21ms
opt/fixed-length/too-big-ascii,count,0.1.0 (rev 9ee90dfb56),safere/utf8,0.12.0-SNAPSHOT (OpenJDK 64-Bit Server VM 26.0.2+10-55; scanner=swar),,52,119850,5.52s,108.00ns,5.00ns,135.00ns,745.00ns,96.00ns,152.58us
opt/fixed-length/too-big-ascii,count,0.1.0 (rev 9ee90dfb56),safere/utf8-vector,0.12.0-SNAPSHOT (OpenJDK 64-Bit Server VM 26.0.2+10-55; scanner=vector),,52,60942,5.37s,108.00ns,6.00ns,152.00ns,918.00ns,95.00ns,118.91us
opt/fixed-length/too-big-unicode,count,0.1.0 (rev 9ee90dfb56),re2j,1.8 (OpenJDK 64-Bit Server VM 26.0.2+10-55),,44,103432,5.47s,69.00ns,1.00ns,88.00ns,491.00ns,62.00ns,28.13us
opt/fixed-length/too-big-unicode,count,0.1.0 (rev 9ee90dfb56),rust/regex,1.12.4,,44,1000000,579.90ms,20.00ns,0.00ns,21.00ns,80.00ns,18.00ns,32.00us
opt/fixed-length/too-big-unicode,count,0.1.0 (rev 9ee90dfb56),safere/string,0.12.0-SNAPSHOT (OpenJDK 64-Bit Server VM 26.0.2+10-55; scanner=swar),,44,74299,5.57s,169.00ns,5.00ns,215.00ns,887.00ns,155.00ns,94.72us
opt/fixed-length/too-big-unicode,count,0.1.0 (rev 9ee90dfb56),safere/utf8,0.12.0-SNAPSHOT (OpenJDK 64-Bit Server VM 26.0.2+10-55; scanner=swar),,44,62773,5.57s,199.00ns,4.00ns,295.00ns,6.27us,181.00ns,1.39ms
opt/fixed-length/too-big-unicode,count,0.1.0 (rev 9ee90dfb56),safere/utf8-vector,0.12.0-SNAPSHOT (OpenJDK 64-Bit Server VM 26.0.2+10-55; scanner=vector),,44,64745,5.57s,193.00ns,2.00ns,271.00ns,6.32us,176.00ns,1.59ms
opt/fixed-length/go33484-1,count,0.1.0 (rev 9ee90dfb56),rust/regex,1.12.4,,10000,1000000,581.72ms,20.00ns,0.00ns,21.00ns,58.00ns,18.00ns,28.42us
opt/fixed-length/go33484-1,count,0.1.0 (rev 9ee90dfb56),re2,2025-11-05,,10000,1000000,668.50ms,50.00ns,1.00ns,52.00ns,165.00ns,47.00ns,86.43us
opt/fixed-length/go33484-1,count,0.1.0 (rev 9ee90dfb56),re2j,1.8 (OpenJDK 64-Bit Server VM 26.0.2+10-55),,10000,65287,5.32s,188.00ns,5.00ns,236.00ns,840.00ns,175.00ns,75.78us
opt/fixed-length/go33484-1,count,0.1.0 (rev 9ee90dfb56),safere/string,0.12.0-SNAPSHOT (OpenJDK 64-Bit Server VM 26.0.2+10-55; scanner=swar),,10000,106633,5.57s,65.00ns,1.00ns,87.00ns,750.00ns,61.00ns,160.00us
opt/fixed-length/go33484-1,count,0.1.0 (rev 9ee90dfb56),safere/utf8,0.12.0-SNAPSHOT (OpenJDK 64-Bit Server VM 26.0.2+10-55; scanner=swar),,10000,103834,5.47s,67.00ns,1.00ns,115.00ns,3.51us,61.00ns,746.50us
opt/fixed-length/go33484-1,count,0.1.0 (rev 9ee90dfb56),safere/utf8-vector,0.12.0-SNAPSHOT (OpenJDK 64-Bit Server VM 26.0.2+10-55; scanner=vector),,10000,100968,5.48s,70.00ns,1.00ns,119.00ns,6.02us,63.00ns,1.89ms
opt/fixed-length/go33484-2,count,0.1.0 (rev 9ee90dfb56),rust/regex,1.12.4,,10000,1000000,601.48ms,20.00ns,0.00ns,21.00ns,76.00ns,18.00ns,21.24us
opt/fixed-length/go33484-2,count,0.1.0 (rev 9ee90dfb56),re2,2025-11-05,,10000,1000000,630.92ms,47.00ns,1.00ns,49.00ns,130.00ns,43.00ns,33.80us
opt/fixed-length/go33484-2,count,0.1.0 (rev 9ee90dfb56),re2j,1.8 (OpenJDK 64-Bit Server VM 26.0.2+10-55),,10000,63567,5.27s,194.00ns,6.00ns,285.00ns,6.95us,175.00ns,1.72ms
opt/fixed-length/go33484-2,count,0.1.0 (rev 9ee90dfb56),safere/string,0.12.0-SNAPSHOT (OpenJDK 64-Bit Server VM 26.0.2+10-55; scanner=swar),,10000,61474,5.37s,58.00ns,1.00ns,104.00ns,1.03us,53.00ns,128.51us
opt/fixed-length/go33484-2,count,0.1.0 (rev 9ee90dfb56),safere/utf8,0.12.0-SNAPSHOT (OpenJDK 64-Bit Server VM 26.0.2+10-55; scanner=swar),,10000,60958,5.37s,58.00ns,1.00ns,130.00ns,8.49us,52.00ns,2.07ms
opt/fixed-length/go33484-2,count,0.1.0 (rev 9ee90dfb56),safere/utf8-vector,0.12.0-SNAPSHOT (OpenJDK 64-Bit Server VM 26.0.2+10-55; scanner=vector),,10000,115721,5.57s,58.00ns,1.00ns,169.00ns,1.61us,52.00ns,152.32us
opt/fixed-length/go33484-3,count,0.1.0 (rev 9ee90dfb56),rust/regex,1.12.4,,1000,1000000,530.38ms,20.00ns,0.00ns,21.00ns,108.00ns,18.00ns,30.09us
opt/fixed-length/go33484-3,count,0.1.0 (rev 9ee90dfb56),re2,2025-11-05,,1000,1000000,1.18s,313.00ns,1.00ns,333.00ns,477.00ns,308.00ns,90.83us
opt/fixed-length/go33484-3,count,0.1.0 (rev 9ee90dfb56),re2j,1.8 (OpenJDK 64-Bit Server VM 26.0.2+10-55),,1000,78143,5.32s,4.59us,112.00ns,4.86us,4.72us,4.32us,752.64us
opt/fixed-length/go33484-3,count,0.1.0 (rev 9ee90dfb56),safere/string,0.12.0-SNAPSHOT (OpenJDK 64-Bit Server VM 26.0.2+10-55; scanner=swar),,1000,63564,5.42s,367.00ns,1.00ns,488.00ns,7.73us,361.00ns,1.78ms
opt/fixed-length/go33484-3,count,0.1.0 (rev 9ee90dfb56),safere/utf8,0.12.0-SNAPSHOT (OpenJDK 64-Bit Server VM 26.0.2+10-55; scanner=swar),,1000,61777,5.37s,372.00ns,6.00ns,503.00ns,8.20us,356.00ns,1.62ms
opt/fixed-length/go33484-3,count,0.1.0 (rev 9ee90dfb56),safere/utf8-vector,0.12.0-SNAPSHOT (OpenJDK 64-Bit Server VM 26.0.2+10-55; scanner=vector),,1000,62234,5.42s,372.00ns,6.00ns,457.00ns,1.38us,355.00ns,153.60us
opt/literal-alt/one-pattern,count,0.1.0 (rev 9ee90dfb56),rust/regex,1.12.4,,123,1000000,933.71ms,185.00ns,0.00ns,190.00ns,256.00ns,183.00ns,85.91us
opt/literal-alt/one-pattern,count,0.1.0 (rev 9ee90dfb56),re2,2025-11-05,,123,68140,4.57s,43.25us,1.13us,43.98us,8.16us,39.93us,749.36us
opt/literal-alt/one-pattern,count,0.1.0 (rev 9ee90dfb56),re2j,1.8 (OpenJDK 64-Bit Server VM 26.0.2+10-55),,123,6346,5.21s,462.34us,7.17us,472.16us,58.46us,438.78us,2.55ms
opt/literal-alt/one-pattern,count,0.1.0 (rev 9ee90dfb56),safere/string,0.12.0-SNAPSHOT (OpenJDK 64-Bit Server VM 26.0.2+10-55; scanner=swar),,123,94693,5.97s,252.00ns,3.00ns,289.00ns,891.00ns,228.00ns,176.13us
opt/literal-alt/one-pattern,count,0.1.0 (rev 9ee90dfb56),safere/utf8,0.12.0-SNAPSHOT (OpenJDK 64-Bit Server VM 26.0.2+10-55; scanner=swar),,123,98519,5.97s,247.00ns,3.00ns,288.00ns,901.00ns,222.00ns,161.28us
opt/literal-alt/one-pattern,count,0.1.0 (rev 9ee90dfb56),safere/utf8-vector,0.12.0-SNAPSHOT (OpenJDK 64-Bit Server VM 26.0.2+10-55; scanner=vector),,123,93655,5.92s,251.00ns,3.00ns,316.00ns,5.18us,227.00ns,1.56ms
opt/literal-alt/pattern-per-word,count,0.1.0 (rev 9ee90dfb56),rust/regex,1.12.4,,123,1000000,1.34s,362.00ns,3.00ns,378.00ns,506.00ns,345.00ns,202.86us
opt/nfa-sparse/small-repeated-class-bytes,count,0.1.0 (rev 9ee90dfb56),rust/regex,1.12.4,,96004,31,4.61s,97.20ms,505.39us,97.41ms,1.13ms,96.14ms,102.43ms
opt/nfa-sparse/small-repeated-class-bytes,count,0.1.0 (rev 9ee90dfb56),safere/string,0.12.0-SNAPSHOT (OpenJDK 64-Bit Server VM 26.0.2+10-55; scanner=swar),,96004,9361,5.27s,313.34us,6.66us,319.93us,32.02us,293.38us,1.15ms
opt/nfa-sparse/small-repeated-class-bytes,count,0.1.0 (rev 9ee90dfb56),safere/utf8,0.12.0-SNAPSHOT (OpenJDK 64-Bit Server VM 26.0.2+10-55; scanner=swar),,96004,9557,5.26s,307.20us,4.10us,313.36us,31.17us,286.72us,1.19ms
opt/nfa-sparse/small-repeated-class-bytes,count,0.1.0 (rev 9ee90dfb56),safere/utf8-vector,0.12.0-SNAPSHOT (OpenJDK 64-Bit Server VM 26.0.2+10-55; scanner=vector),,96004,8957,5.27s,331.78us,4.61us,334.37us,32.53us,296.45us,1.43ms
opt/nfa-sparse/small-repeated-class-unicode,count,0.1.0 (rev 9ee90dfb56),rust/regex,1.12.4,,96004,31,4.66s,98.03ms,489.74us,98.16ms,623.26us,97.14ms,99.47ms
opt/nfa-sparse/small-repeated-class-unicode,count,0.1.0 (rev 9ee90dfb56),safere/string,0.12.0-SNAPSHOT (OpenJDK 64-Bit Server VM 26.0.2+10-55; scanner=swar),,96004,11406,5.27s,261.63us,4.10us,262.54us,24.43us,167.42us,1.02ms
opt/nfa-sparse/small-repeated-class-unicode,count,0.1.0 (rev 9ee90dfb56),safere/utf8,0.12.0-SNAPSHOT (OpenJDK 64-Bit Server VM 26.0.2+10-55; scanner=swar),,96004,55533,5.42s,13.14us,16.00ns,13.59us,10.63us,12.50us,2.10ms
opt/nfa-sparse/small-repeated-class-unicode,count,0.1.0 (rev 9ee90dfb56),safere/utf8-vector,0.12.0-SNAPSHOT (OpenJDK 64-Bit Server VM 26.0.2+10-55; scanner=vector),,96004,110662,5.67s,816.00ns,9.00ns,930.00ns,7.40us,791.00ns,1.71ms
opt/onepass/fn-predicate,grep-captures,0.1.0 (rev 9ee90dfb56),pcre2/jit,10.47 2025-10-21,,7384531,422,4.56s,7.07ms,64.12us,7.12ms,199.42us,6.94ms,9.24ms
opt/onepass/fn-predicate,grep-captures,0.1.0 (rev 9ee90dfb56),re2,2025-11-05,,7384531,264,4.56s,11.27ms,72.83us,11.39ms,603.86us,11.01ms,20.27ms
opt/onepass/fn-predicate,grep-captures,0.1.0 (rev 9ee90dfb56),re2j,1.8 (OpenJDK 64-Bit Server VM 26.0.2+10-55),,7384531,33,5.52s,92.41ms,1.05ms,93.03ms,2.46ms,90.83ms,103.68ms
opt/onepass/fn-predicate,grep-captures,0.1.0 (rev 9ee90dfb56),rust/regex,1.12.4,,7384531,353,4.56s,8.40ms,108.07us,8.51ms,341.82us,8.14ms,10.11ms
opt/onepass/fn-predicate,grep-captures,0.1.0 (rev 9ee90dfb56),safere/string,0.12.0-SNAPSHOT (OpenJDK 64-Bit Server VM 26.0.2+10-55; scanner=swar),,7384531,140,5.47s,17.92ms,344.06us,21.43ms,10.88ms,17.33ms,72.61ms
opt/onepass/fn-predicate,grep-captures,0.1.0 (rev 9ee90dfb56),safere/utf8,0.12.0-SNAPSHOT (OpenJDK 64-Bit Server VM 26.0.2+10-55; scanner=swar),,7384531,187,5.42s,15.76ms,327.68us,16.09ms,898.23us,15.22ms,21.07ms
opt/onepass/fn-predicate,grep-captures,0.1.0 (rev 9ee90dfb56),safere/utf8-vector,0.12.0-SNAPSHOT (OpenJDK 64-Bit Server VM 26.0.2+10-55; scanner=vector),,7384531,165,5.42s,17.76ms,327.68us,18.16ms,1.11ms,16.97ms,24.48ms
opt/onepass/first-three-words-english,grep-captures,0.1.0 (rev 9ee90dfb56),pcre2/jit,10.47 2025-10-21,,613357,2343,4.51s,1.23ms,40.67us,1.28ms,141.85us,1.15ms,2.84ms
opt/onepass/first-three-words-english,grep-captures,0.1.0 (rev 9ee90dfb56),re2,2025-11-05,,613357,2051,4.51s,1.44ms,14.65us,1.46ms,74.82us,1.38ms,2.36ms
opt/onepass/first-three-words-english,grep-captures,0.1.0 (rev 9ee90dfb56),re2j,1.8 (OpenJDK 64-Bit Server VM 26.0.2+10-55),,613357,169,5.17s,17.60ms,360.45us,17.83ms,841.99us,16.84ms,23.36ms
opt/onepass/first-three-words-english,grep-captures,0.1.0 (rev 9ee90dfb56),rust/regex,1.12.4,,613357,2161,4.52s,1.37ms,11.81us,1.39ms,81.08us,1.33ms,2.97ms
opt/onepass/first-three-words-english,grep-captures,0.1.0 (rev 9ee90dfb56),safere/string,0.12.0-SNAPSHOT (OpenJDK 64-Bit Server VM 26.0.2+10-55; scanner=swar),,613357,1130,5.27s,2.52ms,28.67us,2.65ms,631.86us,2.42ms,9.14ms
opt/onepass/first-three-words-english,grep-captures,0.1.0 (rev 9ee90dfb56),safere/utf8,0.12.0-SNAPSHOT (OpenJDK 64-Bit Server VM 26.0.2+10-55; scanner=swar),,613357,1442,5.26s,2.02ms,43.01us,2.08ms,223.87us,1.89ms,3.90ms
opt/onepass/first-three-words-english,grep-captures,0.1.0 (rev 9ee90dfb56),safere/utf8-vector,0.12.0-SNAPSHOT (OpenJDK 64-Bit Server VM 26.0.2+10-55; scanner=vector),,613357,1413,5.27s,2.04ms,43.01us,2.12ms,275.38us,1.89ms,6.07ms
opt/onepass/first-three-words-russian,grep-captures,0.1.0 (rev 9ee90dfb56),pcre2/jit,10.47 2025-10-21,,613423,3421,4.51s,862.22us,12.42us,877.01us,98.63us,817.24us,4.98ms
opt/onepass/first-three-words-russian,grep-captures,0.1.0 (rev 9ee90dfb56),rust/regex,1.12.4,,613423,2879,4.51s,1.03ms,10.28us,1.04ms,57.51us,1.00ms,2.38ms
opt/onepass/first-three-words-russian,grep-captures,0.1.0 (rev 9ee90dfb56),safere/string,0.12.0-SNAPSHOT (OpenJDK 64-Bit Server VM 26.0.2+10-55; scanner=swar),,613423,1468,5.37s,1.97ms,30.72us,2.04ms,289.72us,1.88ms,6.46ms
opt/onepass/first-three-words-russian,grep-captures,0.1.0 (rev 9ee90dfb56),safere/utf8,0.12.0-SNAPSHOT (OpenJDK 64-Bit Server VM 26.0.2+10-55; scanner=swar),,613423,1351,5.38s,2.15ms,40.96us,2.22ms,200.72us,2.07ms,4.10ms
opt/onepass/first-three-words-russian,grep-captures,0.1.0 (rev 9ee90dfb56),safere/utf8-vector,0.12.0-SNAPSHOT (OpenJDK 64-Bit Server VM 26.0.2+10-55; scanner=vector),,613423,1371,5.42s,2.14ms,20.48us,2.19ms,175.85us,2.05ms,4.03ms
opt/onepass/word-boundary-english,grep-captures,0.1.0 (rev 9ee90dfb56),pcre2/jit,10.47 2025-10-21,,613357,4567,4.51s,642.83us,8.03us,656.80us,64.69us,617.28us,2.79ms
opt/onepass/word-boundary-english,grep-captures,0.1.0 (rev 9ee90dfb56),rust/regex,1.12.4,,613357,3450,4.51s,857.09us,9.72us,869.65us,75.14us,810.05us,3.79ms
opt/onepass/word-boundary-russian,grep-captures,0.1.0 (rev 9ee90dfb56),pcre2/jit,10.47 2025-10-21,,613423,5451,4.51s,539.95us,8.47us,550.31us,47.60us,520.46us,2.00ms
opt/onepass/word-boundary-russian,grep-captures,0.1.0 (rev 9ee90dfb56),rust/regex,1.12.4,,613423,4455,4.51s,664.98us,6.75us,673.39us,38.45us,646.02us,1.45ms
opt/onepass/word-boundary-russian,grep-captures,0.1.0 (rev 9ee90dfb56),safere/string,0.12.0-SNAPSHOT (OpenJDK 64-Bit Server VM 26.0.2+10-55; scanner=swar),,613423,2782,5.26s,1.04ms,14.34us,1.08ms,234.91us,0.99ms,8.40ms
opt/onepass/word-boundary-russian,grep-captures,0.1.0 (rev 9ee90dfb56),safere/utf8,0.12.0-SNAPSHOT (OpenJDK 64-Bit Server VM 26.0.2+10-55; scanner=swar),,613423,2444,5.27s,1.19ms,14.34us,1.23ms,281.55us,1.12ms,11.16ms
opt/onepass/word-boundary-russian,grep-captures,0.1.0 (rev 9ee90dfb56),safere/utf8-vector,0.12.0-SNAPSHOT (OpenJDK 64-Bit Server VM 26.0.2+10-55; scanner=vector),,613423,2432,5.26s,1.20ms,14.34us,1.23ms,212.11us,1.11ms,4.97ms
opt/prefilter/literal-english,count,0.1.0 (rev 9ee90dfb56),pcre2/jit,10.47 2025-10-21,,613357,126635,4.57s,23.04us,70.00ns,23.63us,5.49us,22.37us,748.58us
opt/prefilter/literal-english,count,0.1.0 (rev 9ee90dfb56),re2,2025-11-05,,613357,194587,4.62s,14.94us,41.00ns,15.36us,5.25us,14.62us,727.91us
opt/prefilter/literal-english,count,0.1.0 (rev 9ee90dfb56),re2j,1.8 (OpenJDK 64-Bit Server VM 26.0.2+10-55),,613357,29923,5.22s,97.41us,128.00ns,100.05us,14.44us,97.15us,1.07ms
opt/prefilter/literal-english,count,0.1.0 (rev 9ee90dfb56),rust/regex,1.12.4,,613357,183361,4.62s,15.86us,29.00ns,16.30us,7.23us,15.49us,1.30ms
opt/prefilter/literal-english,count,0.1.0 (rev 9ee90dfb56),safere/string,0.12.0-SNAPSHOT (OpenJDK 64-Bit Server VM 26.0.2+10-55; scanner=swar),,613357,28821,5.27s,96.90us,2.18us,103.87us,16.64us,94.59us,0.97ms
opt/prefilter/literal-english,count,0.1.0 (rev 9ee90dfb56),safere/utf8,0.12.0-SNAPSHOT (OpenJDK 64-Bit Server VM 26.0.2+10-55; scanner=swar),,613357,29160,5.27s,99.58us,512.00ns,102.67us,16.64us,98.43us,861.18us
opt/prefilter/literal-english,count,0.1.0 (rev 9ee90dfb56),safere/utf8-vector,0.12.0-SNAPSHOT (OpenJDK 64-Bit Server VM 26.0.2+10-55; scanner=vector),,613357,23752,5.27s,122.50us,128.00ns,126.02us,25.77us,121.73us,2.47ms
opt/prefilter/literal-casei-english,count,0.1.0 (rev 9ee90dfb56),pcre2/jit,10.47 2025-10-21,,613357,88653,4.57s,32.96us,381.00ns,33.77us,9.95us,31.11us,884.95us
opt/prefilter/literal-casei-english,count,0.1.0 (rev 9ee90dfb56),re2,2025-11-05,,613357,12525,4.51s,239.80us,219.00ns,239.45us,23.61us,204.87us,0.97ms
opt/prefilter/literal-casei-english,count,0.1.0 (rev 9ee90dfb56),re2j,1.8 (OpenJDK 64-Bit Server VM 26.0.2+10-55),,613357,211,5.16s,14.11ms,131.07us,14.27ms,416.12us,13.88ms,16.74ms
opt/prefilter/literal-casei-english,count,0.1.0 (rev 9ee90dfb56),rust/regex,1.12.4,,613357,64749,4.56s,45.30us,48.00ns,46.26us,8.37us,43.47us,759.80us
opt/prefilter/literal-casei-english,count,0.1.0 (rev 9ee90dfb56),safere/string,0.12.0-SNAPSHOT (OpenJDK 64-Bit Server VM 26.0.2+10-55; scanner=swar),,613357,8873,5.26s,330.24us,24.06us,337.47us,39.65us,289.28us,1.12ms
opt/prefilter/literal-casei-english,count,0.1.0 (rev 9ee90dfb56),safere/utf8,0.12.0-SNAPSHOT (OpenJDK 64-Bit Server VM 26.0.2+10-55; scanner=swar),,613357,9848,5.27s,297.98us,8.19us,304.03us,33.07us,272.38us,1.11ms
opt/prefilter/literal-casei-english,count,0.1.0 (rev 9ee90dfb56),safere/utf8-vector,0.12.0-SNAPSHOT (OpenJDK 64-Bit Server VM 26.0.2+10-55; scanner=vector),,613357,45832,5.52s,36.61us,320.00ns,32.70us,10.50us,24.13us,781.31us
opt/prefilter/literal-russian,count,0.1.0 (rev 9ee90dfb56),pcre2/jit,10.47 2025-10-21,,613423,143195,4.62s,20.43us,187.00ns,20.89us,5.13us,19.77us,716.77us
opt/prefilter/literal-russian,count,0.1.0 (rev 9ee90dfb56),re2,2025-11-05,,613423,3696,4.51s,804.17us,8.71us,811.71us,41.40us,789.65us,1.63ms
opt/prefilter/literal-russian,count,0.1.0 (rev 9ee90dfb56),re2j,1.8 (OpenJDK 64-Bit Server VM 26.0.2+10-55),,613423,53172,5.27s,54.08us,64.00ns,56.30us,18.06us,53.95us,2.28ms
opt/prefilter/literal-russian,count,0.1.0 (rev 9ee90dfb56),rust/regex,1.12.4,,613423,185893,4.62s,15.84us,106.00ns,16.08us,5.39us,14.00us,752.55us
opt/prefilter/literal-russian,count,0.1.0 (rev 9ee90dfb56),safere/string,0.12.0-SNAPSHOT (OpenJDK 64-Bit Server VM 26.0.2+10-55; scanner=swar),,613423,54510,5.37s,53.57us,768.00ns,54.94us,9.21us,52.48us,756.74us
opt/prefilter/literal-russian,count,0.1.0 (rev 9ee90dfb56),safere/utf8,0.12.0-SNAPSHOT (OpenJDK 64-Bit Server VM 26.0.2+10-55; scanner=swar),,613423,44355,5.32s,32.19us,128.00ns,33.86us,13.14us,32.00us,1.86ms
opt/prefilter/literal-russian,count,0.1.0 (rev 9ee90dfb56),safere/utf8-vector,0.12.0-SNAPSHOT (OpenJDK 64-Bit Server VM 26.0.2+10-55; scanner=vector),,613423,44087,5.32s,32.90us,64.00ns,34.06us,15.03us,32.70us,2.34ms
opt/prefilter/literal-casei-russian,count,0.1.0 (rev 9ee90dfb56),pcre2/jit,10.47 2025-10-21,,613423,89719,4.57s,32.52us,262.00ns,33.37us,6.61us,31.05us,754.94us
opt/prefilter/literal-casei-russian,count,0.1.0 (rev 9ee90dfb56),re2,2025-11-05,,613423,4679,4.51s,628.75us,8.89us,641.08us,45.85us,616.01us,2.05ms
opt/prefilter/literal-casei-russian,count,0.1.0 (rev 9ee90dfb56),re2j,1.8 (OpenJDK 64-Bit Server VM 26.0.2+10-55),,613423,293,5.11s,10.19ms,131.07us,10.24ms,274.81us,9.91ms,12.22ms
opt/prefilter/literal-casei-russian,count,0.1.0 (rev 9ee90dfb56),rust/regex,1.12.4,,613423,51604,4.56s,56.62us,326.00ns,58.07us,9.78us,55.64us,847.42us
opt/prefilter/literal-casei-russian,count,0.1.0 (rev 9ee90dfb56),safere/string,0.12.0-SNAPSHOT (OpenJDK 64-Bit Server VM 26.0.2+10-55; scanner=swar),,613423,4989,5.32s,569.34us,13.31us,600.40us,66.54us,543.74us,1.45ms
opt/prefilter/literal-casei-russian,count,0.1.0 (rev 9ee90dfb56),safere/utf8,0.12.0-SNAPSHOT (OpenJDK 64-Bit Server VM 26.0.2+10-55; scanner=swar),,613423,7182,5.37s,408.06us,7.68us,417.08us,33.32us,392.70us,1.18ms
opt/prefilter/literal-casei-russian,count,0.1.0 (rev 9ee90dfb56),safere/utf8-vector,0.12.0-SNAPSHOT (OpenJDK 64-Bit Server VM 26.0.2+10-55; scanner=vector),,613423,7168,5.36s,407.04us,8.70us,417.89us,39.53us,392.70us,1.29ms
opt/prefilter/rust-functions,count-captures,0.1.0 (rev 9ee90dfb56),pcre2/jit,10.47 2025-10-21,,7384531,7220,4.57s,403.87us,7.43us,415.40us,43.59us,389.80us,1.29ms
opt/prefilter/rust-functions,count-captures,0.1.0 (rev 9ee90dfb56),re2,2025-11-05,,7384531,1944,4.57s,1.52ms,21.98us,1.54ms,84.98us,1.46ms,2.83ms
opt/prefilter/rust-functions,count-captures,0.1.0 (rev 9ee90dfb56),re2j,1.8 (OpenJDK 64-Bit Server VM 26.0.2+10-55),,7384531,740,5.22s,4.01ms,65.54us,4.05ms,213.15us,3.81ms,7.09ms
opt/prefilter/rust-functions,count-captures,0.1.0 (rev 9ee90dfb56),rust/regex,1.12.4,,7384531,5761,4.56s,502.34us,14.07us,520.59us,59.84us,482.17us,1.38ms
opt/prefilter/rust-functions,count-captures,0.1.0 (rev 9ee90dfb56),safere/string,0.12.0-SNAPSHOT (OpenJDK 64-Bit Server VM 26.0.2+10-55; scanner=swar),,7384531,481,5.42s,6.18ms,73.73us,6.24ms,205.26us,6.00ms,7.80ms
opt/prefilter/rust-functions,count-captures,0.1.0 (rev 9ee90dfb56),safere/utf8,0.12.0-SNAPSHOT (OpenJDK 64-Bit Server VM 26.0.2+10-55; scanner=swar),,7384531,659,5.37s,4.48ms,57.34us,4.55ms,265.17us,4.35ms,8.02ms
opt/prefilter/rust-functions,count-captures,0.1.0 (rev 9ee90dfb56),safere/utf8-vector,0.12.0-SNAPSHOT (OpenJDK 64-Bit Server VM 26.0.2+10-55; scanner=vector),,7384531,837,5.42s,3.53ms,57.34us,3.58ms,195.65us,3.33ms,6.91ms
opt/reverse-anchored/word-end,count-spans,0.1.0 (rev 9ee90dfb56),rust/regex,1.12.4,,1000001,1000000,580.48ms,35.00ns,0.00ns,36.00ns,106.00ns,32.00ns,42.09us
opt/reverse-anchored/word-end,count-spans,0.1.0 (rev 9ee90dfb56),pcre2/jit,10.47 2025-10-21,,1000001,5724,4.51s,511.60us,5.58us,524.02us,42.48us,501.27us,1.99ms
opt/reverse-anchored/word-end,count-spans,0.1.0 (rev 9ee90dfb56),re2,2025-11-05,,1000001,1000000,730.31ms,86.00ns,1.00ns,88.00ns,142.00ns,80.00ns,42.34us
opt/reverse-anchored/word-end,count-spans,0.1.0 (rev 9ee90dfb56),re2j,1.8 (OpenJDK 64-Bit Server VM 26.0.2+10-55),,1000001,154,5.11s,19.43ms,163.84us,19.51ms,492.29us,18.91ms,22.84ms
opt/reverse-anchored/word-end,count-spans,0.1.0 (rev 9ee90dfb56),safere/string,0.12.0-SNAPSHOT (OpenJDK 64-Bit Server VM 26.0.2+10-55; scanner=swar),,1000001,60724,5.42s,104.00ns,2.00ns,153.00ns,832.00ns,95.00ns,69.63us
opt/reverse-anchored/word-end,count-spans,0.1.0 (rev 9ee90dfb56),safere/utf8,0.12.0-SNAPSHOT (OpenJDK 64-Bit Server VM 26.0.2+10-55; scanner=swar),,1000001,61745,5.37s,104.00ns,3.00ns,157.00ns,0.99us,94.00ns,89.09us
opt/reverse-anchored/word-end,count-spans,0.1.0 (rev 9ee90dfb56),safere/utf8-vector,0.12.0-SNAPSHOT (OpenJDK 64-Bit Server VM 26.0.2+10-55; scanner=vector),,1000001,63442,5.42s,101.00ns,2.00ns,151.00ns,1.07us,91.00ns,151.30us
opt/reverse-inner/holmes,count-spans,0.1.0 (rev 9ee90dfb56),rust/regex,1.12.4,,594933,77679,4.57s,37.37us,344.00ns,38.55us,8.10us,35.85us,815.89us
opt/reverse-inner/holmes,count-spans,0.1.0 (rev 9ee90dfb56),re2,2025-11-05,,594933,4652,4.51s,634.19us,6.64us,644.93us,47.99us,613.71us,2.14ms
opt/reverse-inner/holmes,count-spans,0.1.0 (rev 9ee90dfb56),re2j,1.8 (OpenJDK 64-Bit Server VM 26.0.2+10-55),,594933,115,5.17s,25.99ms,163.84us,26.08ms,514.48us,25.33ms,30.05ms
opt/reverse-inner/holmes,count-spans,0.1.0 (rev 9ee90dfb56),pcre2/jit,10.47 2025-10-21,,594933,1617,4.51s,1.83ms,12.69us,1.86ms,81.26us,1.78ms,3.40ms
opt/reverse-inner/holmes,count-spans,0.1.0 (rev 9ee90dfb56),safere/string,0.12.0-SNAPSHOT (OpenJDK 64-Bit Server VM 26.0.2+10-55; scanner=swar),,594933,3259,5.26s,907.26us,10.24us,919.41us,77.63us,877.57us,4.10ms
opt/reverse-inner/holmes,count-spans,0.1.0 (rev 9ee90dfb56),safere/utf8,0.12.0-SNAPSHOT (OpenJDK 64-Bit Server VM 26.0.2+10-55; scanner=swar),,594933,3257,5.27s,900.10us,18.43us,920.05us,87.54us,859.14us,3.47ms
opt/reverse-inner/holmes,count-spans,0.1.0 (rev 9ee90dfb56),safere/utf8-vector,0.12.0-SNAPSHOT (OpenJDK 64-Bit Server VM 26.0.2+10-55; scanner=vector),,594933,3270,5.27s,902.14us,8.19us,916.48us,72.39us,876.54us,2.98ms
opt/reverse-inner/email,count-spans,0.1.0 (rev 9ee90dfb56),rust/regex,1.12.4,,7384531,28737,4.57s,98.22us,2.04us,104.29us,21.32us,95.20us,1.74ms
opt/reverse-inner/email,count-spans,0.1.0 (rev 9ee90dfb56),re2,2025-11-05,,7384531,387,4.56s,7.72ms,61.19us,7.76ms,173.35us,7.61ms,9.63ms
opt/reverse-inner/email,count-spans,0.1.0 (rev 9ee90dfb56),re2j,1.8 (OpenJDK 64-Bit Server VM 26.0.2+10-55),,7384531,12,5.77s,254.54ms,1.84ms,254.87ms,2.04ms,251.92ms,259.00ms
opt/reverse-inner/email,count-spans,0.1.0 (rev 9ee90dfb56),pcre2/jit,10.47 2025-10-21,,7384531,230,4.56s,12.92ms,206.70us,13.05ms,415.59us,12.51ms,15.17ms
opt/reverse-inner/email,count-spans,0.1.0 (rev 9ee90dfb56),safere/string,0.12.0-SNAPSHOT (OpenJDK 64-Bit Server VM 26.0.2+10-55; scanner=swar),,7384531,6338,5.32s,443.39us,24.58us,471.90us,85.51us,395.26us,2.88ms
opt/reverse-inner/email,count-spans,0.1.0 (rev 9ee90dfb56),safere/utf8,0.12.0-SNAPSHOT (OpenJDK 64-Bit Server VM 26.0.2+10-55; scanner=swar),,7384531,7188,5.37s,404.48us,7.17us,416.58us,44.72us,388.10us,1.26ms
opt/reverse-inner/email,count-spans,0.1.0 (rev 9ee90dfb56),safere/utf8-vector,0.12.0-SNAPSHOT (OpenJDK 64-Bit Server VM 26.0.2+10-55; scanner=vector),,7384531,7214,5.32s,402.43us,6.66us,415.06us,46.00us,394.75us,1.19ms
opt/reverse-inner/factored-prefix,count-spans,0.1.0 (rev 9ee90dfb56),rust/regex,1.12.4,,594933,39491,4.56s,73.76us,314.00ns,75.89us,14.53us,72.65us,1.51ms
opt/reverse-inner/factored-prefix,count-spans,0.1.0 (rev 9ee90dfb56),re2,2025-11-05,,594933,4472,4.51s,659.22us,8.00us,670.78us,44.76us,641.24us,1.42ms
opt/reverse-inner/factored-prefix,count-spans,0.1.0 (rev 9ee90dfb56),re2j,1.8 (OpenJDK 64-Bit Server VM 26.0.2+10-55),,594933,78,5.21s,38.47ms,196.61us,38.66ms,747.55us,38.01ms,42.80ms
opt/reverse-inner/factored-prefix,count-spans,0.1.0 (rev 9ee90dfb56),pcre2/jit,10.47 2025-10-21,,594933,733,4.51s,4.05ms,46.14us,4.10ms,146.21us,3.90ms,4.91ms
opt/reverse-inner/factored-prefix,count-spans,0.1.0 (rev 9ee90dfb56),safere/string,0.12.0-SNAPSHOT (OpenJDK 64-Bit Server VM 26.0.2+10-55; scanner=swar),,594933,3520,5.52s,832.51us,13.31us,851.26us,81.73us,781.31us,2.69ms
opt/reverse-inner/factored-prefix,count-spans,0.1.0 (rev 9ee90dfb56),safere/utf8,0.12.0-SNAPSHOT (OpenJDK 64-Bit Server VM 26.0.2+10-55; scanner=swar),,594933,3556,5.51s,827.39us,13.31us,842.63us,74.94us,783.36us,2.56ms
opt/reverse-inner/factored-prefix,count-spans,0.1.0 (rev 9ee90dfb56),safere/utf8-vector,0.12.0-SNAPSHOT (OpenJDK 64-Bit Server VM 26.0.2+10-55; scanner=vector),,594933,3522,5.52s,839.68us,10.24us,850.74us,68.89us,787.46us,2.50ms
opt/reverse-inner/no-quadratic-backward,count-spans,0.1.0 (rev 9ee90dfb56),rust/regex,1.12.4,,8000,297969,4.67s,9.70us,20.00ns,10.02us,3.40us,9.66us,710.08us
opt/reverse-inner/no-quadratic-backward,count-spans,0.1.0 (rev 9ee90dfb56),re2,2025-11-05,,8000,355237,4.67s,8.24us,10.00ns,8.40us,2.79us,8.22us,703.09us
opt/reverse-inner/no-quadratic-backward,count-spans,0.1.0 (rev 9ee90dfb56),re2j,1.8 (OpenJDK 64-Bit Server VM 26.0.2+10-55),,8000,19254,5.16s,151.81us,512.00ns,155.50us,20.50us,147.97us,1.76ms
opt/reverse-inner/no-quadratic-backward,count-spans,0.1.0 (rev 9ee90dfb56),pcre2/jit,10.47 2025-10-21,,8000,1000000,4.24s,2.14us,12.00ns,2.20us,1.62us,2.04us,713.80us
opt/reverse-inner/no-quadratic-backward,count-spans,0.1.0 (rev 9ee90dfb56),safere/string,0.12.0-SNAPSHOT (OpenJDK 64-Bit Server VM 26.0.2+10-55; scanner=swar),,8000,68487,5.37s,10.50us,32.00ns,10.97us,8.02us,10.45us,1.75ms
opt/reverse-inner/no-quadratic-backward,count-spans,0.1.0 (rev 9ee90dfb56),safere/utf8,0.12.0-SNAPSHOT (OpenJDK 64-Bit Server VM 26.0.2+10-55; scanner=swar),,8000,73732,5.42s,9.89us,16.00ns,10.20us,8.05us,9.66us,1.84ms
opt/reverse-inner/no-quadratic-backward,count-spans,0.1.0 (rev 9ee90dfb56),safere/utf8-vector,0.12.0-SNAPSHOT (OpenJDK 64-Bit Server VM 26.0.2+10-55; scanner=vector),,8000,73842,5.47s,9.89us,16.00ns,10.21us,8.66us,9.86us,1.67ms
opt/reverse-inner/no-quadratic-forward,count-spans,0.1.0 (rev 9ee90dfb56),rust/regex,1.12.4,,8000,148823,4.62s,19.71us,15.00ns,20.11us,5.41us,19.68us,753.11us
opt/reverse-inner/no-quadratic-forward,count-spans,0.1.0 (rev 9ee90dfb56),re2,2025-11-05,,8000,355421,4.67s,8.08us,13.00ns,8.39us,3.71us,8.05us,845.04us
opt/reverse-inner/no-quadratic-forward,count-spans,0.1.0 (rev 9ee90dfb56),re2j,1.8 (OpenJDK 64-Bit Server VM 26.0.2+10-55),,8000,6848,5.11s,428.03us,12.29us,437.60us,47.28us,407.55us,1.83ms
opt/reverse-inner/no-quadratic-forward,count-spans,0.1.0 (rev 9ee90dfb56),pcre2/jit,10.47 2025-10-21,,8000,570772,4.78s,5.04us,133.00ns,5.21us,2.96us,4.67us,724.44us
opt/reverse-inner/no-quadratic-forward,count-spans,0.1.0 (rev 9ee90dfb56),safere/string,0.12.0-SNAPSHOT (OpenJDK 64-Bit Server VM 26.0.2+10-55; scanner=swar),,8000,73832,5.42s,9.89us,16.00ns,10.20us,7.14us,9.86us,1.56ms
opt/reverse-inner/no-quadratic-forward,count-spans,0.1.0 (rev 9ee90dfb56),safere/utf8,0.12.0-SNAPSHOT (OpenJDK 64-Bit Server VM 26.0.2+10-55; scanner=swar),,8000,59752,5.42s,12.21us,64.00ns,12.65us,13.89us,11.79us,2.10ms
opt/reverse-inner/no-quadratic-forward,count-spans,0.1.0 (rev 9ee90dfb56),safere/utf8-vector,0.12.0-SNAPSHOT (OpenJDK 64-Bit Server VM 26.0.2+10-55; scanner=vector),,8000,59696,5.37s,12.22us,64.00ns,12.62us,10.55us,11.78us,2.19ms
opt/reverse-suffix/holmes,count-spans,0.1.0 (rev 9ee90dfb56),rust/regex,1.12.4,,594933,71953,4.57s,40.10us,591.00ns,41.62us,9.70us,38.41us,803.94us
opt/reverse-suffix/holmes,count-spans,0.1.0 (rev 9ee90dfb56),re2,2025-11-05,,594933,4549,4.51s,651.20us,6.38us,659.50us,40.52us,641.84us,1.59ms
opt/reverse-suffix/holmes,count-spans,0.1.0 (rev 9ee90dfb56),re2j,1.8 (OpenJDK 64-Bit Server VM 26.0.2+10-55),,594933,115,5.22s,26.15ms,163.84us,26.23ms,477.87us,25.59ms,29.43ms
opt/reverse-suffix/holmes,count-spans,0.1.0 (rev 9ee90dfb56),pcre2/jit,10.47 2025-10-21,,594933,1651,4.51s,1.80ms,27.38us,1.82ms,92.93us,1.72ms,3.30ms
opt/reverse-suffix/holmes,count-spans,0.1.0 (rev 9ee90dfb56),safere/string,0.12.0-SNAPSHOT (OpenJDK 64-Bit Server VM 26.0.2+10-55; scanner=swar),,594933,3566,5.27s,827.39us,8.19us,840.36us,61.98us,799.74us,2.51ms
opt/reverse-suffix/holmes,count-spans,0.1.0 (rev 9ee90dfb56),safere/utf8,0.12.0-SNAPSHOT (OpenJDK 64-Bit Server VM 26.0.2+10-55; scanner=swar),,594933,3264,5.26s,901.12us,9.22us,917.96us,80.75us,870.40us,2.67ms
opt/reverse-suffix/holmes,count-spans,0.1.0 (rev 9ee90dfb56),safere/utf8-vector,0.12.0-SNAPSHOT (OpenJDK 64-Bit Server VM 26.0.2+10-55; scanner=vector),,594933,3278,5.27s,898.05us,9.22us,914.24us,70.55us,869.38us,2.08ms
opt/reverse-suffix/no-quadratic,count-spans,0.1.0 (rev 9ee90dfb56),rust/regex,1.12.4,,8000,295106,4.67s,9.90us,18.00ns,10.12us,3.97us,9.69us,722.00us
opt/reverse-suffix/no-quadratic,count-spans,0.1.0 (rev 9ee90dfb56),re2,2025-11-05,,8000,302367,4.67s,9.66us,11.00ns,9.88us,3.97us,9.64us,731.79us
opt/reverse-suffix/no-quadratic,count-spans,0.1.0 (rev 9ee90dfb56),re2j,1.8 (OpenJDK 64-Bit Server VM 26.0.2+10-55),,8000,19233,5.16s,151.81us,768.00ns,155.68us,24.65us,147.97us,1.84ms
opt/reverse-suffix/no-quadratic,count-spans,0.1.0 (rev 9ee90dfb56),pcre2/jit,10.47 2025-10-21,,8000,1000000,4.24s,2.14us,13.00ns,2.19us,1.68us,2.05us,712.64us
opt/reverse-suffix/no-quadratic,count-spans,0.1.0 (rev 9ee90dfb56),safere/string,0.12.0-SNAPSHOT (OpenJDK 64-Bit Server VM 26.0.2+10-55; scanner=swar),,8000,68430,5.42s,10.69us,16.00ns,11.03us,10.62us,10.45us,1.75ms
opt/reverse-suffix/no-quadratic,count-spans,0.1.0 (rev 9ee90dfb56),safere/utf8,0.12.0-SNAPSHOT (OpenJDK 64-Bit Server VM 26.0.2+10-55; scanner=swar),,8000,73768,5.42s,9.89us,16.00ns,10.24us,9.85us,9.66us,1.69ms
opt/reverse-suffix/no-quadratic,count-spans,0.1.0 (rev 9ee90dfb56),safere/utf8-vector,0.12.0-SNAPSHOT (OpenJDK 64-Bit Server VM 26.0.2+10-55; scanner=vector),,8000,73664,5.42s,9.89us,16.00ns,10.28us,11.53us,9.86us,2.09ms
opt/reverse-suffix/unsound-leftmost-first,count,0.1.0 (rev 9ee90dfb56),java/hotspot,26.0.2+10-55,,4,1000000,3.09s,38.00ns,1.00ns,91.00ns,31.82us,35.00ns,28.40ms
opt/reverse-suffix/unsound-leftmost-first,count,0.1.0 (rev 9ee90dfb56),safere/string,0.12.0-SNAPSHOT (OpenJDK 64-Bit Server VM 26.0.2+10-55; scanner=swar),,4,81794,5.47s,76.00ns,2.00ns,108.00ns,786.00ns,70.00ns,139.78us
opt/reverse-suffix/unsound-leftmost-first,count,0.1.0 (rev 9ee90dfb56),safere/utf8,0.12.0-SNAPSHOT (OpenJDK 64-Bit Server VM 26.0.2+10-55; scanner=swar),,4,83103,5.42s,76.00ns,2.00ns,111.00ns,1.03us,69.00ns,209.92us
opt/reverse-suffix/unsound-leftmost-first,count,0.1.0 (rev 9ee90dfb56),safere/utf8-vector,0.12.0-SNAPSHOT (OpenJDK 64-Bit Server VM 26.0.2+10-55; scanner=vector),,4,80016,5.52s,78.00ns,2.00ns,116.00ns,856.00ns,70.00ns,115.46us
opt/reverse-suffix/unsound-leftmost-first,count,0.1.0 (rev 9ee90dfb56),pcre2/jit,10.47 2025-10-21,,4,1000000,684.21ms,46.00ns,1.00ns,56.00ns,1.41us,41.00ns,717.50us
opt/reverse-suffix/unsound-leftmost-first,count,0.1.0 (rev 9ee90dfb56),re2,2025-11-05,,4,1000000,832.21ms,124.00ns,2.00ns,137.00ns,264.00ns,110.00ns,84.54us
opt/reverse-suffix/unsound-leftmost-first,count,0.1.0 (rev 9ee90dfb56),re2j,1.8 (OpenJDK 64-Bit Server VM 26.0.2+10-55),,4,69749,5.32s,324.00ns,4.00ns,421.00ns,1.80us,307.00ns,218.62us
opt/reverse-suffix/unsound-leftmost-first,count,0.1.0 (rev 9ee90dfb56),rust/regex,1.12.4,"count mismatch, expected 1, got 2",,0,0.00ns,0.00ns,0.00ns,0.00ns,0.00ns,0.00ns,0.00ns
opt/reverse-suffix/unsound-start-literal-order-mismatch,count,0.1.0 (rev 9ee90dfb56),java/hotspot,26.0.2+10-55,,4,1000000,3.14s,46.00ns,1.00ns,101.00ns,27.20us,42.00ns,24.61ms
opt/reverse-suffix/unsound-start-literal-order-mismatch,count,0.1.0 (rev 9ee90dfb56),safere/string,0.12.0-SNAPSHOT (OpenJDK 64-Bit Server VM 26.0.2+10-55; scanner=swar),,4,83658,5.57s,76.00ns,2.00ns,124.00ns,2.74us,71.00ns,729.09us
opt/reverse-suffix/unsound-start-literal-order-mismatch,count,0.1.0 (rev 9ee90dfb56),safere/utf8,0.12.0-SNAPSHOT (OpenJDK 64-Bit Server VM 26.0.2+10-55; scanner=swar),,4,88122,5.62s,73.00ns,2.00ns,107.00ns,780.00ns,67.00ns,127.36us
opt/reverse-suffix/unsound-start-literal-order-mismatch,count,0.1.0 (rev 9ee90dfb56),safere/utf8-vector,0.12.0-SNAPSHOT (OpenJDK 64-Bit Server VM 26.0.2+10-55; scanner=vector),,4,82855,5.57s,76.00ns,2.00ns,112.00ns,942.00ns,70.00ns,163.58us
opt/reverse-suffix/unsound-start-literal-order-mismatch,count,0.1.0 (rev 9ee90dfb56),pcre2/jit,10.47 2025-10-21,,4,1000000,676.72ms,45.00ns,1.00ns,47.00ns,132.00ns,41.00ns,48.97us
opt/reverse-suffix/unsound-start-literal-order-mismatch,count,0.1.0 (rev 9ee90dfb56),re2,2025-11-05,,4,1000000,783.17ms,120.00ns,2.00ns,124.00ns,191.00ns,113.00ns,61.13us
opt/reverse-suffix/unsound-start-literal-order-mismatch,count,0.1.0 (rev 9ee90dfb56),re2j,1.8 (OpenJDK 64-Bit Server VM 26.0.2+10-55),,4,73582,5.37s,325.00ns,11.00ns,404.00ns,1.70us,299.00ns,172.54us
opt/reverse-suffix/unsound-start-literal-order-mismatch,count,0.1.0 (rev 9ee90dfb56),rust/regex,1.12.4,"count mismatch, expected 1, got 2",,0,0.00ns,0.00ns,0.00ns,0.00ns,0.00ns,0.00ns,0.00ns
reported/i1095-word-repetition/unicode-compile,compile,0.1.0 (rev 9ee90dfb56),java/hotspot,26.0.2+10-55,,,1000000,5.65s,88.00ns,5.00ns,184.00ns,22.79us,71.00ns,15.96ms
reported/i1095-word-repetition/unicode-compile,compile,0.1.0 (rev 9ee90dfb56),pcre2/jit,10.47 2025-10-21,,,464216,4.73s,3.38us,52.00ns,3.74us,8.76us,3.21us,1.35ms
reported/i1095-word-repetition/unicode-compile,compile,0.1.0 (rev 9ee90dfb56),re2,2025-11-05,,,32,4.56s,89.90ms,608.50us,89.99ms,1.01ms,88.23ms,93.44ms
reported/i1095-word-repetition/unicode-compile,compile,0.1.0 (rev 9ee90dfb56),rust/regex,1.12.4,,,68,4.56s,40.70ms,309.49us,40.75ms,665.94us,39.56ms,43.34ms
reported/i1095-word-repetition/unicode-search,count-spans,0.1.0 (rev 9ee90dfb56),safere/string,0.12.0-SNAPSHOT (OpenJDK 64-Bit Server VM 26.0.2+10-55; scanner=swar),,512,95434,6.02s,3.79us,16.00ns,4.02us,4.45us,3.59us,700.42us
reported/i1095-word-repetition/unicode-search,count-spans,0.1.0 (rev 9ee90dfb56),safere/utf8,0.12.0-SNAPSHOT (OpenJDK 64-Bit Server VM 26.0.2+10-55; scanner=swar),,512,92530,5.92s,3.92us,44.00ns,4.14us,10.36us,3.70us,3.01ms
reported/i1095-word-repetition/unicode-search,count-spans,0.1.0 (rev 9ee90dfb56),safere/utf8-vector,0.12.0-SNAPSHOT (OpenJDK 64-Bit Server VM 26.0.2+10-55; scanner=vector),,512,93197,5.92s,3.90us,40.00ns,4.13us,9.47us,3.66us,2.20ms
reported/i1095-word-repetition/unicode-search,count-spans,0.1.0 (rev 9ee90dfb56),java/hotspot,26.0.2+10-55,,512,1000000,5.40s,1.30us,26.00ns,1.40us,13.49us,1.24us,8.03ms
reported/i1095-word-repetition/unicode-search,count-spans,0.1.0 (rev 9ee90dfb56),pcre2/jit,10.47 2025-10-21,,512,1000000,1.62s,510.00ns,4.00ns,530.00ns,812.00ns,503.00ns,680.89us
reported/i1095-word-repetition/unicode-search,count-spans,0.1.0 (rev 9ee90dfb56),re2,2025-11-05,,512,1474,4.61s,2.00ms,26.68us,2.04ms,132.03us,1.95ms,4.80ms
reported/i1095-word-repetition/unicode-search,count-spans,0.1.0 (rev 9ee90dfb56),re2j,1.8 (OpenJDK 64-Bit Server VM 26.0.2+10-55),,512,4030,5.17s,720.90us,8.19us,743.36us,61.14us,673.79us,1.62ms
reported/i1095-word-repetition/unicode-search,count-spans,0.1.0 (rev 9ee90dfb56),rust/regex,1.12.4,,512,3610,4.56s,817.37us,15.60us,830.97us,60.77us,782.69us,2.47ms
reported/i1095-word-repetition/ascii-compile,compile,0.1.0 (rev 9ee90dfb56),java/hotspot,26.0.2+10-55,,,1000000,6.60s,92.00ns,6.00ns,234.00ns,25.71us,74.00ns,19.38ms
reported/i1095-word-repetition/ascii-compile,compile,0.1.0 (rev 9ee90dfb56),pcre2/jit,10.47 2025-10-21,,,542515,4.81s,3.04us,38.00ns,3.30us,8.16us,2.88us,1.12ms
reported/i1095-word-repetition/ascii-compile,compile,0.1.0 (rev 9ee90dfb56),re2,2025-11-05,,,1522,4.51s,125.12us,2.92us,129.43us,27.40us,116.49us,0.96ms
reported/i1095-word-repetition/ascii-compile,compile,0.1.0 (rev 9ee90dfb56),rust/regex,1.12.4,,,7170,4.51s,48.35us,2.39us,50.36us,13.40us,44.52us,799.33us
reported/i1095-word-repetition/ascii-search,count-spans,0.1.0 (rev 9ee90dfb56),java/hotspot,26.0.2+10-55,,256,1000000,5.90s,1.62us,14.00ns,1.71us,12.18us,1.54us,7.85ms
reported/i1095-word-repetition/ascii-search,count-spans,0.1.0 (rev 9ee90dfb56),safere/string,0.12.0-SNAPSHOT (OpenJDK 64-Bit Server VM 26.0.2+10-55; scanner=swar),,256,64510,5.47s,712.00ns,5.00ns,854.00ns,7.44us,686.00ns,1.72ms
reported/i1095-word-repetition/ascii-search,count-spans,0.1.0 (rev 9ee90dfb56),safere/utf8,0.12.0-SNAPSHOT (OpenJDK 64-Bit Server VM 26.0.2+10-55; scanner=swar),,256,60923,5.47s,759.00ns,9.00ns,882.00ns,3.27us,735.00ns,691.20us
reported/i1095-word-repetition/ascii-search,count-spans,0.1.0 (rev 9ee90dfb56),safere/utf8-vector,0.12.0-SNAPSHOT (OpenJDK 64-Bit Server VM 26.0.2+10-55; scanner=vector),,256,61414,5.47s,745.00ns,9.00ns,916.00ns,9.26us,720.00ns,2.03ms
reported/i1095-word-repetition/ascii-search,count-spans,0.1.0 (rev 9ee90dfb56),pcre2/jit,10.47 2025-10-21,,256,1000000,935.16ms,204.00ns,1.00ns,208.00ns,201.00ns,200.00ns,41.31us
reported/i1095-word-repetition/ascii-search,count-spans,0.1.0 (rev 9ee90dfb56),re2,2025-11-05,,256,1000000,2.64s,1.03us,8.00ns,1.06us,1.22us,946.00ns,746.61us
reported/i1095-word-repetition/ascii-search,count-spans,0.1.0 (rev 9ee90dfb56),re2j,1.8 (OpenJDK 64-Bit Server VM 26.0.2+10-55),,256,9424,5.11s,308.74us,5.63us,317.81us,36.65us,298.50us,1.80ms
reported/i1095-word-repetition/ascii-search,count-spans,0.1.0 (rev 9ee90dfb56),rust/regex,1.12.4,,256,1000000,1.84s,637.00ns,1.00ns,659.00ns,1.49us,632.00ns,708.62us
reported/i13-subset-regex/original-ascii,count,0.1.0 (rev 9ee90dfb56),java/hotspot,26.0.2+10-55,,16013977,7,5.42s,460.03ms,1.27ms,459.57ms,1.42ms,457.64ms,461.30ms
reported/i13-subset-regex/original-ascii,count,0.1.0 (rev 9ee90dfb56),safere/string,0.12.0-SNAPSHOT (OpenJDK 64-Bit Server VM 26.0.2+10-55; scanner=swar),,16013977,2,9.58s,1.64s,7.34ms,1.64s,7.34ms,1.63s,1.65s
reported/i13-subset-regex/original-ascii,count,0.1.0 (rev 9ee90dfb56),safere/utf8,0.12.0-SNAPSHOT (OpenJDK 64-Bit Server VM 26.0.2+10-55; scanner=swar),,16013977,2,9.48s,1.66s,0.00ns,1.66s,0.00ns,1.66s,1.66s
reported/i13-subset-regex/original-ascii,count,0.1.0 (rev 9ee90dfb56),safere/utf8-vector,0.12.0-SNAPSHOT (OpenJDK 64-Bit Server VM 26.0.2+10-55; scanner=vector),timeout: exceeded 10s,,0,0.00ns,0.00ns,0.00ns,0.00ns,0.00ns,0.00ns,0.00ns
reported/i13-subset-regex/original-ascii,count,0.1.0 (rev 9ee90dfb56),pcre2/jit,10.47 2025-10-21,,16013977,37,4.66s,81.68ms,316.74us,82.60ms,3.48ms,80.65ms,97.69ms
reported/i13-subset-regex/original-ascii,count,0.1.0 (rev 9ee90dfb56),re2,2025-11-05,,16013977,39,4.61s,76.88ms,888.01us,77.20ms,2.26ms,74.19ms,87.10ms
reported/i13-subset-regex/original-ascii,count,0.1.0 (rev 9ee90dfb56),re2j,1.8 (OpenJDK 64-Bit Server VM 26.0.2+10-55),,16013977,3,9.83s,1.29s,0.00ns,1.29s,1.98ms,1.28s,1.29s
reported/i13-subset-regex/original-ascii,count,0.1.0 (rev 9ee90dfb56),rust/regex,1.12.4,,16013977,778,4.56s,3.83ms,100.60us,3.86ms,177.61us,3.53ms,4.84ms
reported/i13-subset-regex/original-unicode,count,0.1.0 (rev 9ee90dfb56),java/hotspot,26.0.2+10-55,,16013977,7,5.42s,460.32ms,688.43us,460.13ms,710.08us,459.20ms,461.34ms
reported/i13-subset-regex/original-unicode,count,0.1.0 (rev 9ee90dfb56),safere/string,0.12.0-SNAPSHOT (OpenJDK 64-Bit Server VM 26.0.2+10-55; scanner=swar),,16013977,2,9.58s,1.62s,4.19ms,1.62s,4.19ms,1.61s,1.62s
reported/i13-subset-regex/original-unicode,count,0.1.0 (rev 9ee90dfb56),safere/utf8,0.12.0-SNAPSHOT (OpenJDK 64-Bit Server VM 26.0.2+10-55; scanner=swar),,16013977,2,9.63s,1.75s,16.78ms,1.75s,16.78ms,1.73s,1.77s
reported/i13-subset-regex/original-unicode,count,0.1.0 (rev 9ee90dfb56),safere/utf8-vector,0.12.0-SNAPSHOT (OpenJDK 64-Bit Server VM 26.0.2+10-55; scanner=vector),timeout: exceeded 10s,,0,0.00ns,0.00ns,0.00ns,0.00ns,0.00ns,0.00ns,0.00ns
reported/i13-subset-regex/original-unicode,count,0.1.0 (rev 9ee90dfb56),pcre2/jit,10.47 2025-10-21,,16013977,25,4.66s,120.50ms,436.07us,120.59ms,769.43us,119.21ms,122.99ms
reported/i13-subset-regex/original-unicode,count,0.1.0 (rev 9ee90dfb56),re2,2025-11-05,,16013977,39,4.61s,77.07ms,1.75ms,77.39ms,1.89ms,74.83ms,80.65ms
reported/i13-subset-regex/original-unicode,count,0.1.0 (rev 9ee90dfb56),re2j,1.8 (OpenJDK 64-Bit Server VM 26.0.2+10-55),,16013977,3,9.93s,1.28s,2.10ms,1.30s,36.09ms,1.28s,1.35s
reported/i13-subset-regex/original-unicode,count,0.1.0 (rev 9ee90dfb56),rust/regex,1.12.4,,16013977,52,4.61s,58.11ms,750.58us,58.19ms,0.99ms,56.59ms,61.34ms
reported/i13-subset-regex/big-ascii,count,0.1.0 (rev 9ee90dfb56),java/hotspot,26.0.2+10-55,,16013977,6,5.62s,579.34ms,1.82ms,582.40ms,5.90ms,576.64ms,593.05ms
reported/i13-subset-regex/big-ascii,count,0.1.0 (rev 9ee90dfb56),safere/string,0.12.0-SNAPSHOT (OpenJDK 64-Bit Server VM 26.0.2+10-55; scanner=swar),timeout: exceeded 10s,,0,0.00ns,0.00ns,0.00ns,0.00ns,0.00ns,0.00ns,0.00ns
reported/i13-subset-regex/big-ascii,count,0.1.0 (rev 9ee90dfb56),safere/utf8,0.12.0-SNAPSHOT (OpenJDK 64-Bit Server VM 26.0.2+10-55; scanner=swar),timeout: exceeded 10s,,0,0.00ns,0.00ns,0.00ns,0.00ns,0.00ns,0.00ns,0.00ns
reported/i13-subset-regex/big-ascii,count,0.1.0 (rev 9ee90dfb56),safere/utf8-vector,0.12.0-SNAPSHOT (OpenJDK 64-Bit Server VM 26.0.2+10-55; scanner=vector),timeout: exceeded 10s,,0,0.00ns,0.00ns,0.00ns,0.00ns,0.00ns,0.00ns,0.00ns
reported/i13-subset-regex/big-ascii,count,0.1.0 (rev 9ee90dfb56),pcre2/jit,10.47 2025-10-21,,16013977,33,4.71s,92.68ms,301.93us,92.79ms,483.44us,91.94ms,93.90ms
reported/i13-subset-regex/big-ascii,count,0.1.0 (rev 9ee90dfb56),re2,2025-11-05,,16013977,1,9.43s,4.69s,0.00ns,4.69s,0.00ns,4.69s,4.69s
reported/i13-subset-regex/big-ascii,count,0.1.0 (rev 9ee90dfb56),re2j,1.8 (OpenJDK 64-Bit Server VM 26.0.2+10-55),timeout: exceeded 10s,,0,0.00ns,0.00ns,0.00ns,0.00ns,0.00ns,0.00ns,0.00ns
reported/i13-subset-regex/big-ascii,count,0.1.0 (rev 9ee90dfb56),rust/regex,1.12.4,,16013977,14,4.92s,224.98ms,1.53ms,230.58ms,19.92ms,222.40ms,302.11ms
reported/i13-subset-regex/big-unicode,count,0.1.0 (rev 9ee90dfb56),java/hotspot,26.0.2+10-55,,16013977,6,5.67s,588.75ms,2.14ms,591.33ms,6.69ms,586.57ms,605.76ms
reported/i13-subset-regex/big-unicode,count,0.1.0 (rev 9ee90dfb56),safere/string,0.12.0-SNAPSHOT (OpenJDK 64-Bit Server VM 26.0.2+10-55; scanner=swar),timeout: exceeded 10s,,0,0.00ns,0.00ns,0.00ns,0.00ns,0.00ns,0.00ns,0.00ns
reported/i13-subset-regex/big-unicode,count,0.1.0 (rev 9ee90dfb56),safere/utf8,0.12.0-SNAPSHOT (OpenJDK 64-Bit Server VM 26.0.2+10-55; scanner=swar),timeout: exceeded 10s,,0,0.00ns,0.00ns,0.00ns,0.00ns,0.00ns,0.00ns,0.00ns
reported/i13-subset-regex/big-unicode,count,0.1.0 (rev 9ee90dfb56),safere/utf8-vector,0.12.0-SNAPSHOT (OpenJDK 64-Bit Server VM 26.0.2+10-55; scanner=vector),timeout: exceeded 10s,,0,0.00ns,0.00ns,0.00ns,0.00ns,0.00ns,0.00ns,0.00ns
reported/i13-subset-regex/big-unicode,count,0.1.0 (rev 9ee90dfb56),pcre2/jit,10.47 2025-10-21,,16013977,23,4.82s,134.54ms,773.68us,135.32ms,1.98ms,133.57ms,142.39ms
reported/i13-subset-regex/big-unicode,count,0.1.0 (rev 9ee90dfb56),re2,2025-11-05,timeout: exceeded 10s,,0,0.00ns,0.00ns,0.00ns,0.00ns,0.00ns,0.00ns,0.00ns
reported/i13-subset-regex/big-unicode,count,0.1.0 (rev 9ee90dfb56),re2j,1.8 (OpenJDK 64-Bit Server VM 26.0.2+10-55),timeout: exceeded 10s,,0,0.00ns,0.00ns,0.00ns,0.00ns,0.00ns,0.00ns,0.00ns
reported/i13-subset-regex/big-unicode,count,0.1.0 (rev 9ee90dfb56),rust/regex,1.12.4,,16013977,3,5.62s,1.21s,21.61ms,1.11s,158.96ms,884.95ms,1.23s
reported/i13-subset-regex/huge-ascii,count,0.1.0 (rev 9ee90dfb56),java/hotspot,26.0.2+10-55,,16013977,5,6.12s,712.83ms,7.34ms,713.63ms,6.51ms,704.00ms,721.42ms
reported/i13-subset-regex/huge-ascii,count,0.1.0 (rev 9ee90dfb56),safere/string,0.12.0-SNAPSHOT (OpenJDK 64-Bit Server VM 26.0.2+10-55; scanner=swar),timeout: exceeded 10s,,0,0.00ns,0.00ns,0.00ns,0.00ns,0.00ns,0.00ns,0.00ns
reported/i13-subset-regex/huge-ascii,count,0.1.0 (rev 9ee90dfb56),safere/utf8,0.12.0-SNAPSHOT (OpenJDK 64-Bit Server VM 26.0.2+10-55; scanner=swar),timeout: exceeded 10s,,0,0.00ns,0.00ns,0.00ns,0.00ns,0.00ns,0.00ns,0.00ns
reported/i13-subset-regex/huge-ascii,count,0.1.0 (rev 9ee90dfb56),safere/utf8-vector,0.12.0-SNAPSHOT (OpenJDK 64-Bit Server VM 26.0.2+10-55; scanner=vector),timeout: exceeded 10s,,0,0.00ns,0.00ns,0.00ns,0.00ns,0.00ns,0.00ns,0.00ns
reported/i13-subset-regex/huge-ascii,count,0.1.0 (rev 9ee90dfb56),pcre2/jit,10.47 2025-10-21,,16013977,27,4.61s,111.02ms,809.54us,111.15ms,0.97ms,109.60ms,113.81ms
reported/i13-subset-regex/huge-ascii,count,0.1.0 (rev 9ee90dfb56),re2,2025-11-05,,16013977,2,6.67s,2.21s,10.12ms,2.21s,10.12ms,2.20s,2.22s
reported/i13-subset-regex/huge-ascii,count,0.1.0 (rev 9ee90dfb56),re2j,1.8 (OpenJDK 64-Bit Server VM 26.0.2+10-55),,16013977,2,9.13s,1.59s,6.29ms,1.59s,6.29ms,1.59s,1.60s
reported/i13-subset-regex/huge-ascii,count,0.1.0 (rev 9ee90dfb56),rust/regex,1.12.4,,16013977,3,6.62s,1.30s,1.82ms,1.31s,3.46ms,1.30s,1.31s
reported/i13-subset-regex/huge-unicode,count,0.1.0 (rev 9ee90dfb56),java/hotspot,26.0.2+10-55,,16013977,5,6.02s,706.47ms,0.96ms,706.64ms,1.25ms,705.33ms,708.76ms
reported/i13-subset-regex/huge-unicode,count,0.1.0 (rev 9ee90dfb56),safere/string,0.12.0-SNAPSHOT (OpenJDK 64-Bit Server VM 26.0.2+10-55; scanner=swar),timeout: exceeded 10s,,0,0.00ns,0.00ns,0.00ns,0.00ns,0.00ns,0.00ns,0.00ns
reported/i13-subset-regex/huge-unicode,count,0.1.0 (rev 9ee90dfb56),safere/utf8,0.12.0-SNAPSHOT (OpenJDK 64-Bit Server VM 26.0.2+10-55; scanner=swar),timeout: exceeded 10s,,0,0.00ns,0.00ns,0.00ns,0.00ns,0.00ns,0.00ns,0.00ns
reported/i13-subset-regex/huge-unicode,count,0.1.0 (rev 9ee90dfb56),safere/utf8-vector,0.12.0-SNAPSHOT (OpenJDK 64-Bit Server VM 26.0.2+10-55; scanner=vector),timeout: exceeded 10s,,0,0.00ns,0.00ns,0.00ns,0.00ns,0.00ns,0.00ns,0.00ns
reported/i13-subset-regex/huge-unicode,count,0.1.0 (rev 9ee90dfb56),pcre2/jit,10.47 2025-10-21,,16013977,21,4.72s,145.83ms,250.88us,146.01ms,632.61us,144.92ms,148.24ms
reported/i13-subset-regex/huge-unicode,count,0.1.0 (rev 9ee90dfb56),re2,2025-11-05,,16013977,2,8.23s,2.71s,10.85ms,2.71s,10.85ms,2.70s,2.72s
reported/i13-subset-regex/huge-unicode,count,0.1.0 (rev 9ee90dfb56),re2j,1.8 (OpenJDK 64-Bit Server VM 26.0.2+10-55),,16013977,2,8.98s,1.60s,6.29ms,1.60s,6.29ms,1.59s,1.60s
reported/i13-subset-regex/huge-unicode,count,0.1.0 (rev 9ee90dfb56),rust/regex,1.12.4,,16013977,3,6.97s,1.38s,1.35ms,1.38s,6.53ms,1.37s,1.39s
reported/i13-subset-regex/huge-ascii-nosuffixlit,count,0.1.0 (rev 9ee90dfb56),java/hotspot,26.0.2+10-55,,16013977,5,6.07s,708.03ms,2.61ms,707.34ms,2.59ms,704.21ms,710.64ms
reported/i13-subset-regex/huge-ascii-nosuffixlit,count,0.1.0 (rev 9ee90dfb56),safere/string,0.12.0-SNAPSHOT (OpenJDK 64-Bit Server VM 26.0.2+10-55; scanner=swar),timeout: exceeded 10s,,0,0.00ns,0.00ns,0.00ns,0.00ns,0.00ns,0.00ns,0.00ns
reported/i13-subset-regex/huge-ascii-nosuffixlit,count,0.1.0 (rev 9ee90dfb56),safere/utf8,0.12.0-SNAPSHOT (OpenJDK 64-Bit Server VM 26.0.2+10-55; scanner=swar),timeout: exceeded 10s,,0,0.00ns,0.00ns,0.00ns,0.00ns,0.00ns,0.00ns,0.00ns
reported/i13-subset-regex/huge-ascii-nosuffixlit,count,0.1.0 (rev 9ee90dfb56),safere/utf8-vector,0.12.0-SNAPSHOT (OpenJDK 64-Bit Server VM 26.0.2+10-55; scanner=vector),timeout: exceeded 10s,,0,0.00ns,0.00ns,0.00ns,0.00ns,0.00ns,0.00ns,0.00ns
reported/i13-subset-regex/huge-ascii-nosuffixlit,count,0.1.0 (rev 9ee90dfb56),pcre2/jit,10.47 2025-10-21,,16013977,27,4.66s,111.74ms,554.70us,112.14ms,1.10ms,110.75ms,114.80ms
reported/i13-subset-regex/huge-ascii-nosuffixlit,count,0.1.0 (rev 9ee90dfb56),re2,2025-11-05,,16013977,2,6.77s,2.23s,788.99us,2.23s,788.99us,2.23s,2.23s
reported/i13-subset-regex/huge-ascii-nosuffixlit,count,0.1.0 (rev 9ee90dfb56),re2j,1.8 (OpenJDK 64-Bit Server VM 26.0.2+10-55),,16013977,2,8.72s,1.56s,1.05ms,1.56s,1.05ms,1.56s,1.56s
reported/i13-subset-regex/huge-ascii-nosuffixlit,count,0.1.0 (rev 9ee90dfb56),rust/regex,1.12.4,,16013977,3,6.72s,1.33s,339.52us,1.33s,1.97ms,1.33s,1.33s
reported/i13-subset-regex/huge-unicode-nosuffixlit,count,0.1.0 (rev 9ee90dfb56),java/hotspot,26.0.2+10-55,,16013977,5,6.02s,700.58ms,1.30ms,700.78ms,1.69ms,698.21ms,703.20ms
reported/i13-subset-regex/huge-unicode-nosuffixlit,count,0.1.0 (rev 9ee90dfb56),safere/string,0.12.0-SNAPSHOT (OpenJDK 64-Bit Server VM 26.0.2+10-55; scanner=swar),timeout: exceeded 10s,,0,0.00ns,0.00ns,0.00ns,0.00ns,0.00ns,0.00ns,0.00ns
reported/i13-subset-regex/huge-unicode-nosuffixlit,count,0.1.0 (rev 9ee90dfb56),safere/utf8,0.12.0-SNAPSHOT (OpenJDK 64-Bit Server VM 26.0.2+10-55; scanner=swar),timeout: exceeded 10s,,0,0.00ns,0.00ns,0.00ns,0.00ns,0.00ns,0.00ns,0.00ns
reported/i13-subset-regex/huge-unicode-nosuffixlit,count,0.1.0 (rev 9ee90dfb56),safere/utf8-vector,0.12.0-SNAPSHOT (OpenJDK 64-Bit Server VM 26.0.2+10-55; scanner=vector),timeout: exceeded 10s,,0,0.00ns,0.00ns,0.00ns,0.00ns,0.00ns,0.00ns,0.00ns
reported/i13-subset-regex/huge-unicode-nosuffixlit,count,0.1.0 (rev 9ee90dfb56),pcre2/jit,10.47 2025-10-21,,16013977,21,4.71s,144.22ms,228.83us,144.49ms,777.87us,143.70ms,147.24ms
reported/i13-subset-regex/huge-unicode-nosuffixlit,count,0.1.0 (rev 9ee90dfb56),re2,2025-11-05,,16013977,2,7.92s,2.60s,3.67ms,2.60s,3.67ms,2.59s,2.60s
reported/i13-subset-regex/huge-unicode-nosuffixlit,count,0.1.0 (rev 9ee90dfb56),re2j,1.8 (OpenJDK 64-Bit Server VM 26.0.2+10-55),,16013977,2,8.78s,1.57s,3.15ms,1.57s,3.15ms,1.56s,1.57s
reported/i13-subset-regex/huge-unicode-nosuffixlit,count,0.1.0 (rev 9ee90dfb56),rust/regex,1.12.4,,16013977,3,6.77s,1.34s,698.85us,1.34s,1.59ms,1.34s,1.34s
reported/i787-keywords/compile,compile,0.1.0 (rev 9ee90dfb56),pcre2/jit,10.47 2025-10-21,,,32551,4.56s,80.57us,614.00ns,83.70us,12.23us,78.95us,827.36us
reported/i787-keywords/compile,compile,0.1.0 (rev 9ee90dfb56),re2,2025-11-05,,,17328,4.51s,96.33us,1.90us,98.75us,10.75us,89.72us,830.34us
reported/i787-keywords/compile,compile,0.1.0 (rev 9ee90dfb56),rust/regex,1.12.4,,,6300,4.51s,447.53us,11.48us,454.72us,41.93us,419.02us,2.30ms
reported/i787-keywords/ascii,count-spans,0.1.0 (rev 9ee90dfb56),pcre2/jit,10.47 2025-10-21,,123141,360,4.51s,8.27ms,61.36us,8.34ms,213.88us,8.18ms,9.94ms
reported/i787-keywords/ascii,count-spans,0.1.0 (rev 9ee90dfb56),re2,2025-11-05,,123141,9880,4.51s,297.23us,3.16us,303.55us,28.11us,287.41us,1.07ms
reported/i787-keywords/ascii,count-spans,0.1.0 (rev 9ee90dfb56),re2j,1.8 (OpenJDK 64-Bit Server VM 26.0.2+10-55),,123141,19,5.57s,158.86ms,524.29us,159.08ms,1.55ms,157.81ms,165.15ms
reported/i787-keywords/ascii,count-spans,0.1.0 (rev 9ee90dfb56),rust/regex,1.12.4,,123141,4211,4.51s,699.94us,9.81us,712.37us,47.43us,678.80us,1.46ms
reported/i787-keywords/ascii,count-spans,0.1.0 (rev 9ee90dfb56),safere/string,0.12.0-SNAPSHOT (OpenJDK 64-Bit Server VM 26.0.2+10-55; scanner=swar),,123141,7287,5.26s,399.87us,6.66us,411.06us,76.30us,377.34us,2.26ms
reported/i787-keywords/ascii,count-spans,0.1.0 (rev 9ee90dfb56),safere/utf8,0.12.0-SNAPSHOT (OpenJDK 64-Bit Server VM 26.0.2+10-55; scanner=swar),,123141,7522,5.32s,387.07us,6.66us,398.20us,87.89us,365.06us,3.19ms
reported/i787-keywords/ascii,count-spans,0.1.0 (rev 9ee90dfb56),safere/utf8-vector,0.12.0-SNAPSHOT (OpenJDK 64-Bit Server VM 26.0.2+10-55; scanner=vector),,123141,7584,5.32s,386.05us,9.22us,395.00us,78.15us,357.38us,2.69ms
reported/i787-keywords/unicode,count-spans,0.1.0 (rev 9ee90dfb56),re2j,1.8 (OpenJDK 64-Bit Server VM 26.0.2+10-55),,123141,18,5.47s,168.30ms,262.14us,168.82ms,1.38ms,167.51ms,173.28ms
reported/i787-keywords/unicode,count-spans,0.1.0 (rev 9ee90dfb56),pcre2/jit,10.47 2025-10-21,,123141,197,4.56s,15.26ms,166.35us,15.30ms,314.14us,14.80ms,17.93ms
reported/i787-keywords/unicode,count-spans,0.1.0 (rev 9ee90dfb56),rust/regex,1.12.4,,123141,4237,4.51s,699.15us,9.18us,707.95us,41.40us,668.75us,1.62ms
reported/i787-keywords/unicode,count-spans,0.1.0 (rev 9ee90dfb56),safere/string,0.12.0-SNAPSHOT (OpenJDK 64-Bit Server VM 26.0.2+10-55; scanner=swar),,123141,7498,5.26s,388.10us,8.19us,399.45us,72.88us,363.01us,2.44ms
reported/i787-keywords/unicode,count-spans,0.1.0 (rev 9ee90dfb56),safere/utf8,0.12.0-SNAPSHOT (OpenJDK 64-Bit Server VM 26.0.2+10-55; scanner=swar),,123141,7466,5.32s,388.10us,8.70us,401.17us,77.30us,358.40us,2.31ms
reported/i787-keywords/unicode,count-spans,0.1.0 (rev 9ee90dfb56),safere/utf8-vector,0.12.0-SNAPSHOT (OpenJDK 64-Bit Server VM 26.0.2+10-55; scanner=vector),,123141,7384,5.32s,393.73us,6.14us,405.65us,71.19us,366.59us,2.15ms
reported/i787-keywords/opt-ascii,count-spans,0.1.0 (rev 9ee90dfb56),pcre2/jit,10.47 2025-10-21,,123141,5819,4.51s,506.19us,8.03us,515.44us,39.26us,482.47us,1.32ms
reported/i787-keywords/opt-ascii,count-spans,0.1.0 (rev 9ee90dfb56),re2,2025-11-05,,123141,9814,4.51s,300.56us,2.89us,305.58us,26.75us,290.19us,1.60ms
reported/i787-keywords/opt-ascii,count-spans,0.1.0 (rev 9ee90dfb56),re2j,1.8 (OpenJDK 64-Bit Server VM 26.0.2+10-55),,123141,193,5.11s,15.45ms,180.22us,15.54ms,668.28us,14.81ms,20.15ms
reported/i787-keywords/opt-ascii,count-spans,0.1.0 (rev 9ee90dfb56),rust/regex,1.12.4,,123141,7971,4.51s,367.74us,4.56us,376.28us,31.77us,359.09us,1.14ms
reported/i787-keywords/opt-ascii,count-spans,0.1.0 (rev 9ee90dfb56),safere/string,0.12.0-SNAPSHOT (OpenJDK 64-Bit Server VM 26.0.2+10-55; scanner=swar),,123141,7708,5.32s,377.34us,8.19us,388.50us,74.41us,346.11us,2.40ms
reported/i787-keywords/opt-ascii,count-spans,0.1.0 (rev 9ee90dfb56),safere/utf8,0.12.0-SNAPSHOT (OpenJDK 64-Bit Server VM 26.0.2+10-55; scanner=swar),,123141,7640,5.32s,380.93us,4.61us,392.05us,75.81us,367.10us,2.56ms
reported/i787-keywords/opt-ascii,count-spans,0.1.0 (rev 9ee90dfb56),safere/utf8-vector,0.12.0-SNAPSHOT (OpenJDK 64-Bit Server VM 26.0.2+10-55; scanner=vector),,123141,7701,5.32s,376.32us,5.63us,388.95us,70.05us,354.82us,1.82ms
reported/i787-keywords/opt-unicode,count-spans,0.1.0 (rev 9ee90dfb56),re2j,1.8 (OpenJDK 64-Bit Server VM 26.0.2+10-55),,123141,194,5.11s,15.36ms,155.65us,15.46ms,436.68us,14.83ms,18.55ms
reported/i787-keywords/opt-unicode,count-spans,0.1.0 (rev 9ee90dfb56),pcre2/jit,10.47 2025-10-21,,123141,4391,4.51s,674.33us,7.96us,683.26us,45.99us,643.01us,2.32ms
reported/i787-keywords/opt-unicode,count-spans,0.1.0 (rev 9ee90dfb56),rust/regex,1.12.4,,123141,7829,4.51s,375.32us,3.12us,383.12us,27.06us,369.44us,1.22ms
reported/i787-keywords/opt-unicode,count-spans,0.1.0 (rev 9ee90dfb56),safere/string,0.12.0-SNAPSHOT (OpenJDK 64-Bit Server VM 26.0.2+10-55; scanner=swar),,123141,7821,5.32s,371.20us,4.61us,382.96us,94.29us,350.21us,5.84ms
reported/i787-keywords/opt-unicode,count-spans,0.1.0 (rev 9ee90dfb56),safere/utf8,0.12.0-SNAPSHOT (OpenJDK 64-Bit Server VM 26.0.2+10-55; scanner=swar),,123141,7536,5.32s,388.61us,6.66us,397.42us,61.96us,362.50us,1.81ms
reported/i787-keywords/opt-unicode,count-spans,0.1.0 (rev 9ee90dfb56),safere/utf8-vector,0.12.0-SNAPSHOT (OpenJDK 64-Bit Server VM 26.0.2+10-55; scanner=vector),,123141,7666,5.32s,376.83us,6.66us,390.69us,77.82us,348.67us,2.47ms
reported/i988-cloudflare-compile/javascript-obfuscation,compile,0.1.0 (rev 9ee90dfb56),re2,2025-11-05,,,432923,4.75s,2.26us,57.00ns,2.34us,1.65us,2.08us,687.03us
reported/i988-cloudflare-compile/javascript-obfuscation,compile,0.1.0 (rev 9ee90dfb56),rust/regex,1.12.4,,,146645,4.57s,19.11us,212.00ns,19.80us,5.46us,18.35us,801.93us
reported/i988-cloudflare-compile/sql-injection,compile,0.1.0 (rev 9ee90dfb56),re2,2025-11-05,,,41101,4.56s,34.60us,0.97us,36.53us,12.20us,31.13us,779.22us
reported/i988-cloudflare-compile/sql-injection,compile,0.1.0 (rev 9ee90dfb56),rust/regex,1.12.4,,,14903,4.51s,179.49us,7.14us,184.78us,26.20us,163.22us,925.40us
slow/quadratic-regex-1x,count,0.1.0 (rev 9ee90dfb56),re2,2025-11-05,,99,125839,4.57s,23.21us,159.00ns,23.78us,8.16us,22.04us,856.17us
slow/quadratic-regex-1x,count,0.1.0 (rev 9ee90dfb56),re2j,1.8 (OpenJDK 64-Bit Server VM 26.0.2+10-55),,99,1047,5.06s,2.82ms,40.96us,2.86ms,207.94us,2.74ms,7.27ms
slow/quadratic-regex-1x,count,0.1.0 (rev 9ee90dfb56),rust/regex,1.12.4,,99,241406,4.62s,12.06us,43.00ns,12.38us,4.48us,11.77us,717.73us
slow/quadratic-regex-1x,count,0.1.0 (rev 9ee90dfb56),safere/string,0.12.0-SNAPSHOT (OpenJDK 64-Bit Server VM 26.0.2+10-55; scanner=swar),,99,46,5.31s,65.14ms,262.14us,65.47ms,1.62ms,63.77ms,74.32ms
slow/quadratic-regex-1x,count,0.1.0 (rev 9ee90dfb56),safere/utf8,0.12.0-SNAPSHOT (OpenJDK 64-Bit Server VM 26.0.2+10-55; scanner=swar),,99,49,5.36s,61.87ms,786.43us,62.24ms,1.53ms,59.97ms,67.90ms
slow/quadratic-regex-1x,count,0.1.0 (rev 9ee90dfb56),safere/utf8-vector,0.12.0-SNAPSHOT (OpenJDK 64-Bit Server VM 26.0.2+10-55; scanner=vector),,99,48,5.32s,62.46ms,458.75us,62.55ms,0.99ms,61.08ms,66.72ms
slow/quadratic-regex-2x,count,0.1.0 (rev 9ee90dfb56),re2,2025-11-05,,198,43178,4.57s,67.58us,383.00ns,69.41us,16.14us,65.63us,1.08ms
slow/quadratic-regex-2x,count,0.1.0 (rev 9ee90dfb56),re2j,1.8 (OpenJDK 64-Bit Server VM 26.0.2+10-55),,198,136,5.16s,21.95ms,229.38us,22.13ms,822.05us,21.50ms,28.90ms
slow/quadratic-regex-2x,count,0.1.0 (rev 9ee90dfb56),rust/regex,1.12.4,,198,61192,4.57s,47.77us,83.00ns,48.97us,10.51us,46.75us,947.09us
slow/quadratic-regex-2x,count,0.1.0 (rev 9ee90dfb56),safere/string,0.12.0-SNAPSHOT (OpenJDK 64-Bit Server VM 26.0.2+10-55; scanner=swar),,198,6,6.07s,529.27ms,524.29us,529.36ms,2.00ms,525.86ms,532.68ms
slow/quadratic-regex-2x,count,0.1.0 (rev 9ee90dfb56),safere/utf8,0.12.0-SNAPSHOT (OpenJDK 64-Bit Server VM 26.0.2+10-55; scanner=swar),,198,7,6.57s,472.91ms,2.10ms,474.41ms,5.68ms,467.14ms,486.01ms
slow/quadratic-regex-2x,count,0.1.0 (rev 9ee90dfb56),safere/utf8-vector,0.12.0-SNAPSHOT (OpenJDK 64-Bit Server VM 26.0.2+10-55; scanner=vector),,198,7,6.52s,476.05ms,3.67ms,475.38ms,4.50ms,466.62ms,480.25ms
slow/quadratic-haystack-1x,count,0.1.0 (rev 9ee90dfb56),java/hotspot,26.0.2+10-55,,100,252297,5.38s,11.50us,77.00ns,11.84us,14.82us,10.59us,3.04ms
slow/quadratic-haystack-1x,count,0.1.0 (rev 9ee90dfb56),safere/string,0.12.0-SNAPSHOT (OpenJDK 64-Bit Server VM 26.0.2+10-55; scanner=swar),,100,72315,5.42s,9.82us,64.00ns,10.54us,18.61us,9.65us,1.69ms
slow/quadratic-haystack-1x,count,0.1.0 (rev 9ee90dfb56),safere/utf8,0.12.0-SNAPSHOT (OpenJDK 64-Bit Server VM 26.0.2+10-55; scanner=swar),,100,54715,5.42s,12.83us,1.10us,14.06us,22.53us,11.36us,2.02ms
slow/quadratic-haystack-1x,count,0.1.0 (rev 9ee90dfb56),safere/utf8-vector,0.12.0-SNAPSHOT (OpenJDK 64-Bit Server VM 26.0.2+10-55; scanner=vector),,100,55956,5.37s,12.46us,784.00ns,13.60us,21.59us,11.38us,1.97ms
slow/quadratic-haystack-1x,count,0.1.0 (rev 9ee90dfb56),pcre2/jit,10.47 2025-10-21,,100,448699,4.73s,6.38us,49.00ns,6.64us,3.19us,6.23us,744.30us
slow/quadratic-haystack-1x,count,0.1.0 (rev 9ee90dfb56),re2,2025-11-05,,100,247599,4.62s,11.67us,97.00ns,12.07us,4.47us,11.20us,769.16us
slow/quadratic-haystack-1x,count,0.1.0 (rev 9ee90dfb56),re2j,1.8 (OpenJDK 64-Bit Server VM 26.0.2+10-55),,100,17440,5.22s,167.42us,2.82us,171.68us,33.43us,158.21us,1.87ms
slow/quadratic-haystack-1x,count,0.1.0 (rev 9ee90dfb56),rust/regex,1.12.4,,100,499448,4.78s,5.84us,18.00ns,5.96us,2.44us,5.67us,737.95us
slow/quadratic-haystack-2x,count,0.1.0 (rev 9ee90dfb56),java/hotspot,26.0.2+10-55,,200,76383,4.92s,38.04us,348.00ns,39.16us,17.98us,36.58us,1.91ms
slow/quadratic-haystack-2x,count,0.1.0 (rev 9ee90dfb56),safere/string,0.12.0-SNAPSHOT (OpenJDK 64-Bit Server VM 26.0.2+10-55; scanner=swar),,200,45256,5.32s,31.94us,128.00ns,33.39us,27.48us,31.68us,1.95ms
slow/quadratic-haystack-2x,count,0.1.0 (rev 9ee90dfb56),safere/utf8,0.12.0-SNAPSHOT (OpenJDK 64-Bit Server VM 26.0.2+10-55; scanner=swar),,200,32575,5.27s,44.48us,192.00ns,46.25us,30.03us,42.69us,1.90ms
slow/quadratic-haystack-2x,count,0.1.0 (rev 9ee90dfb56),safere/utf8-vector,0.12.0-SNAPSHOT (OpenJDK 64-Bit Server VM 26.0.2+10-55; scanner=vector),,200,32798,5.32s,44.16us,320.00ns,45.92us,30.43us,42.24us,1.98ms
slow/quadratic-haystack-2x,count,0.1.0 (rev 9ee90dfb56),pcre2/jit,10.47 2025-10-21,,200,144182,4.57s,20.30us,53.00ns,20.76us,5.21us,20.07us,718.13us
slow/quadratic-haystack-2x,count,0.1.0 (rev 9ee90dfb56),re2,2025-11-05,,200,86552,4.57s,33.75us,371.00ns,34.61us,7.30us,32.47us,782.49us
slow/quadratic-haystack-2x,count,0.1.0 (rev 9ee90dfb56),re2j,1.8 (OpenJDK 64-Bit Server VM 26.0.2+10-55),,200,4536,5.06s,650.24us,7.17us,660.52us,56.12us,615.42us,2.27ms
slow/quadratic-haystack-2x,count,0.1.0 (rev 9ee90dfb56),rust/regex,1.12.4,,200,122614,4.57s,23.82us,20.00ns,24.42us,6.79us,23.29us,863.67us
test/dot/default-new-line,count,0.1.0 (rev 9ee90dfb56),java/hotspot,26.0.2+10-55,,1,1000000,3.27s,23.00ns,1.00ns,68.00ns,24.51us,21.00ns,21.98ms
test/dot/default-new-line,count,0.1.0 (rev 9ee90dfb56),safere/string,0.12.0-SNAPSHOT (OpenJDK 64-Bit Server VM 26.0.2+10-55; scanner=swar),,1,76029,5.42s,22.00ns,2.00ns,46.00ns,594.00ns,18.00ns,52.22us
test/dot/default-new-line,count,0.1.0 (rev 9ee90dfb56),safere/utf8,0.12.0-SNAPSHOT (OpenJDK 64-Bit Server VM 26.0.2+10-55; scanner=swar),,1,118110,5.52s,23.00ns,1.00ns,41.00ns,695.00ns,21.00ns,148.22us
test/dot/default-new-line,count,0.1.0 (rev 9ee90dfb56),safere/utf8-vector,0.12.0-SNAPSHOT (OpenJDK 64-Bit Server VM 26.0.2+10-55; scanner=vector),,1,116152,5.57s,24.00ns,1.00ns,41.00ns,721.00ns,21.00ns,131.84us
test/dot/default-new-line,count,0.1.0 (rev 9ee90dfb56),pcre2/jit,10.47 2025-10-21,,1,1000000,581.02ms,27.00ns,1.00ns,27.00ns,92.00ns,24.00ns,52.70us
test/dot/default-new-line,count,0.1.0 (rev 9ee90dfb56),re2,2025-11-05,,1,1000000,651.34ms,45.00ns,1.00ns,47.00ns,687.00ns,41.00ns,672.30us
test/dot/default-new-line,count,0.1.0 (rev 9ee90dfb56),re2j,1.8 (OpenJDK 64-Bit Server VM 26.0.2+10-55),,1,103387,5.37s,67.00ns,1.00ns,96.00ns,837.00ns,63.00ns,133.63us
test/dot/default-new-line,count,0.1.0 (rev 9ee90dfb56),rust/regex,1.12.4,,1,1000000,630.15ms,34.00ns,1.00ns,36.00ns,166.00ns,31.00ns,35.07us
test/dot/default-carriage-return,count,0.1.0 (rev 9ee90dfb56),java/hotspot,26.0.2+10-55,,1,1000000,2.99s,24.00ns,1.00ns,59.00ns,22.06us,21.00ns,21.92ms
test/dot/default-carriage-return,count,0.1.0 (rev 9ee90dfb56),safere/string,0.12.0-SNAPSHOT (OpenJDK 64-Bit Server VM 26.0.2+10-55; scanner=swar),,1,72362,5.37s,23.00ns,1.00ns,51.00ns,944.00ns,18.00ns,170.75us
test/dot/default-carriage-return,count,0.1.0 (rev 9ee90dfb56),safere/utf8,0.12.0-SNAPSHOT (OpenJDK 64-Bit Server VM 26.0.2+10-55; scanner=swar),,1,109549,5.52s,25.00ns,1.00ns,42.00ns,554.00ns,22.00ns,66.05us
test/dot/default-carriage-return,count,0.1.0 (rev 9ee90dfb56),safere/utf8-vector,0.12.0-SNAPSHOT (OpenJDK 64-Bit Server VM 26.0.2+10-55; scanner=vector),,1,109673,5.52s,25.00ns,0.00ns,41.00ns,651.00ns,22.00ns,156.93us
test/dot/default-carriage-return,count,0.1.0 (rev 9ee90dfb56),pcre2/jit,10.47 2025-10-21,,1,1000000,632.78ms,41.00ns,1.00ns,43.00ns,135.00ns,38.00ns,32.64us
test/dot/default-carriage-return,count,0.1.0 (rev 9ee90dfb56),re2,2025-11-05,,1,1000000,732.80ms,109.00ns,1.00ns,114.00ns,205.00ns,101.00ns,59.46us
test/dot/default-carriage-return,count,0.1.0 (rev 9ee90dfb56),re2j,1.8 (OpenJDK 64-Bit Server VM 26.0.2+10-55),,1,109369,5.42s,116.00ns,2.00ns,150.00ns,765.00ns,109.00ns,101.76us
test/dot/default-carriage-return,count,0.1.0 (rev 9ee90dfb56),rust/regex,1.12.4,,1,1000000,656.43ms,34.00ns,1.00ns,36.00ns,0.97us,31.00ns,709.08us
test/dot/dotall-new-line,count,0.1.0 (rev 9ee90dfb56),pcre2/jit,10.47 2025-10-21,,1,1000000,580.48ms,41.00ns,1.00ns,44.00ns,157.00ns,38.00ns,99.10us
test/dot/dotall-new-line,count,0.1.0 (rev 9ee90dfb56),re2,2025-11-05,,1,1000000,731.64ms,108.00ns,1.00ns,113.00ns,229.00ns,100.00ns,44.47us
test/dot/dotall-new-line,count,0.1.0 (rev 9ee90dfb56),re2j,1.8 (OpenJDK 64-Bit Server VM 26.0.2+10-55),,1,110788,5.42s,116.00ns,2.00ns,158.00ns,2.28us,109.00ns,712.70us
test/dot/dotall-new-line,count,0.1.0 (rev 9ee90dfb56),rust/regex,1.12.4,,1,1000000,580.54ms,34.00ns,1.00ns,36.00ns,163.00ns,30.00ns,53.33us
test/dot/dotall-new-line,count,0.1.0 (rev 9ee90dfb56),safere/string,0.12.0-SNAPSHOT (OpenJDK 64-Bit Server VM 26.0.2+10-55; scanner=swar),,1,96261,5.42s,68.00ns,2.00ns,97.00ns,764.00ns,60.00ns,111.62us
test/dot/dotall-new-line,count,0.1.0 (rev 9ee90dfb56),safere/utf8,0.12.0-SNAPSHOT (OpenJDK 64-Bit Server VM 26.0.2+10-55; scanner=swar),,1,101213,5.47s,64.00ns,1.00ns,90.00ns,713.00ns,60.00ns,116.61us
test/dot/dotall-new-line,count,0.1.0 (rev 9ee90dfb56),safere/utf8-vector,0.12.0-SNAPSHOT (OpenJDK 64-Bit Server VM 26.0.2+10-55; scanner=vector),,1,99294,5.47s,65.00ns,1.00ns,95.00ns,760.00ns,60.00ns,123.52us
test/dot/dotall-carriage-return,count,0.1.0 (rev 9ee90dfb56),pcre2/jit,10.47 2025-10-21,,1,1000000,631.62ms,42.00ns,1.00ns,44.00ns,693.00ns,38.00ns,683.09us
test/dot/dotall-carriage-return,count,0.1.0 (rev 9ee90dfb56),re2,2025-11-05,,1,1000000,731.49ms,110.00ns,1.00ns,113.00ns,209.00ns,103.00ns,81.74us
test/dot/dotall-carriage-return,count,0.1.0 (rev 9ee90dfb56),re2j,1.8 (OpenJDK 64-Bit Server VM 26.0.2+10-55),,1,111007,5.42s,116.00ns,1.00ns,157.00ns,4.49us,109.00ns,1.47ms
test/dot/dotall-carriage-return,count,0.1.0 (rev 9ee90dfb56),rust/regex,1.12.4,,1,1000000,582.17ms,34.00ns,0.00ns,35.00ns,109.00ns,31.00ns,45.68us
test/dot/dotall-carriage-return,count,0.1.0 (rev 9ee90dfb56),safere/string,0.12.0-SNAPSHOT (OpenJDK 64-Bit Server VM 26.0.2+10-55; scanner=swar),,1,99144,5.47s,70.00ns,1.00ns,95.00ns,705.00ns,64.00ns,121.60us
test/dot/dotall-carriage-return,count,0.1.0 (rev 9ee90dfb56),safere/utf8,0.12.0-SNAPSHOT (OpenJDK 64-Bit Server VM 26.0.2+10-55; scanner=swar),,1,99783,5.47s,66.00ns,1.00ns,93.00ns,668.00ns,61.00ns,104.58us
test/dot/dotall-carriage-return,count,0.1.0 (rev 9ee90dfb56),safere/utf8-vector,0.12.0-SNAPSHOT (OpenJDK 64-Bit Server VM 26.0.2+10-55; scanner=vector),,1,101880,5.47s,64.00ns,2.00ns,92.00ns,811.00ns,58.00ns,161.79us
test/dot/multiline-new-line,count,0.1.0 (rev 9ee90dfb56),pcre2/jit,10.47 2025-10-21,,1,1000000,580.11ms,26.00ns,0.00ns,28.00ns,153.00ns,24.00ns,73.59us
test/dot/multiline-new-line,count,0.1.0 (rev 9ee90dfb56),re2,2025-11-05,,1,1000000,630.54ms,45.00ns,1.00ns,48.00ns,701.00ns,42.00ns,690.38us
test/dot/multiline-new-line,count,0.1.0 (rev 9ee90dfb56),re2j,1.8 (OpenJDK 64-Bit Server VM 26.0.2+10-55),,1,104003,5.37s,67.00ns,1.00ns,87.00ns,520.00ns,63.00ns,42.56us
test/dot/multiline-new-line,count,0.1.0 (rev 9ee90dfb56),rust/regex,1.12.4,,1,1000000,581.95ms,32.00ns,1.00ns,33.00ns,94.00ns,30.00ns,23.08us
test/dot/multiline-new-line,count,0.1.0 (rev 9ee90dfb56),safere/string,0.12.0-SNAPSHOT (OpenJDK 64-Bit Server VM 26.0.2+10-55; scanner=swar),,1,71893,5.37s,23.00ns,1.00ns,51.00ns,846.00ns,18.00ns,113.02us
test/dot/multiline-new-line,count,0.1.0 (rev 9ee90dfb56),safere/utf8,0.12.0-SNAPSHOT (OpenJDK 64-Bit Server VM 26.0.2+10-55; scanner=swar),,1,118385,5.52s,24.00ns,1.00ns,32.00ns,508.00ns,21.00ns,124.67us
test/dot/multiline-new-line,count,0.1.0 (rev 9ee90dfb56),safere/utf8-vector,0.12.0-SNAPSHOT (OpenJDK 64-Bit Server VM 26.0.2+10-55; scanner=vector),,1,108259,5.52s,25.00ns,1.00ns,41.00ns,570.00ns,22.00ns,89.09us
test/dot/multiline-carriage-return,count,0.1.0 (rev 9ee90dfb56),safere/string,0.12.0-SNAPSHOT (OpenJDK 64-Bit Server VM 26.0.2+10-55; scanner=swar),,1,72292,5.37s,23.00ns,1.00ns,39.00ns,690.00ns,18.00ns,108.29us
test/dot/multiline-carriage-return,count,0.1.0 (rev 9ee90dfb56),safere/utf8,0.12.0-SNAPSHOT (OpenJDK 64-Bit Server VM 26.0.2+10-55; scanner=swar),,1,111702,5.52s,24.00ns,1.00ns,38.00ns,506.00ns,21.00ns,80.77us
test/dot/multiline-carriage-return,count,0.1.0 (rev 9ee90dfb56),safere/utf8-vector,0.12.0-SNAPSHOT (OpenJDK 64-Bit Server VM 26.0.2+10-55; scanner=vector),,1,116136,5.52s,24.00ns,1.00ns,39.00ns,552.00ns,21.00ns,88.58us
test/dot/multiline-carriage-return,count,0.1.0 (rev 9ee90dfb56),pcre2/jit,10.47 2025-10-21,,1,1000000,632.63ms,42.00ns,1.00ns,44.00ns,143.00ns,39.00ns,40.99us
test/dot/multiline-carriage-return,count,0.1.0 (rev 9ee90dfb56),re2,2025-11-05,,1,1000000,731.63ms,112.00ns,1.00ns,115.00ns,155.00ns,104.00ns,43.22us
test/dot/multiline-carriage-return,count,0.1.0 (rev 9ee90dfb56),re2j,1.8 (OpenJDK 64-Bit Server VM 26.0.2+10-55),,1,106881,5.42s,119.00ns,2.00ns,154.00ns,1.00us,112.00ns,211.46us
test/dot/multiline-carriage-return,count,0.1.0 (rev 9ee90dfb56),rust/regex,1.12.4,,1,1000000,632.20ms,34.00ns,1.00ns,36.00ns,159.00ns,30.00ns,35.85us
test/dot/dotall-multiline-new-line,count,0.1.0 (rev 9ee90dfb56),pcre2/jit,10.47 2025-10-21,,1,1000000,580.49ms,42.00ns,1.00ns,44.00ns,702.00ns,39.00ns,695.40us
test/dot/dotall-multiline-new-line,count,0.1.0 (rev 9ee90dfb56),re2,2025-11-05,,1,1000000,731.98ms,111.00ns,1.00ns,115.00ns,701.00ns,105.00ns,679.96us
test/dot/dotall-multiline-new-line,count,0.1.0 (rev 9ee90dfb56),re2j,1.8 (OpenJDK 64-Bit Server VM 26.0.2+10-55),,1,107296,5.37s,119.00ns,2.00ns,148.00ns,692.00ns,109.00ns,116.35us
test/dot/dotall-multiline-new-line,count,0.1.0 (rev 9ee90dfb56),rust/regex,1.12.4,,1,1000000,581.28ms,35.00ns,1.00ns,36.00ns,114.00ns,31.00ns,30.53us
test/dot/dotall-multiline-new-line,count,0.1.0 (rev 9ee90dfb56),safere/string,0.12.0-SNAPSHOT (OpenJDK 64-Bit Server VM 26.0.2+10-55; scanner=swar),,1,93958,5.47s,70.00ns,2.00ns,123.00ns,6.52us,63.00ns,1.98ms
test/dot/dotall-multiline-new-line,count,0.1.0 (rev 9ee90dfb56),safere/utf8,0.12.0-SNAPSHOT (OpenJDK 64-Bit Server VM 26.0.2+10-55; scanner=swar),,1,98724,5.52s,67.00ns,2.00ns,90.00ns,699.00ns,60.00ns,146.43us
test/dot/dotall-multiline-new-line,count,0.1.0 (rev 9ee90dfb56),safere/utf8-vector,0.12.0-SNAPSHOT (OpenJDK 64-Bit Server VM 26.0.2+10-55; scanner=vector),,1,99310,5.47s,66.00ns,1.00ns,95.00ns,767.00ns,60.00ns,122.75us
test/dot/dotall-multiline-carriage-return,count,0.1.0 (rev 9ee90dfb56),pcre2/jit,10.47 2025-10-21,,1,1000000,580.77ms,47.00ns,1.00ns,49.00ns,140.00ns,42.00ns,47.09us
test/dot/dotall-multiline-carriage-return,count,0.1.0 (rev 9ee90dfb56),re2,2025-11-05,,1,1000000,732.73ms,112.00ns,1.00ns,114.00ns,147.00ns,105.00ns,40.45us
test/dot/dotall-multiline-carriage-return,count,0.1.0 (rev 9ee90dfb56),re2j,1.8 (OpenJDK 64-Bit Server VM 26.0.2+10-55),,1,112123,5.42s,114.00ns,1.00ns,144.00ns,746.00ns,108.00ns,127.49us
test/dot/dotall-multiline-carriage-return,count,0.1.0 (rev 9ee90dfb56),rust/regex,1.12.4,,1,1000000,581.74ms,35.00ns,1.00ns,35.00ns,85.00ns,32.00ns,43.51us
test/dot/dotall-multiline-carriage-return,count,0.1.0 (rev 9ee90dfb56),safere/string,0.12.0-SNAPSHOT (OpenJDK 64-Bit Server VM 26.0.2+10-55; scanner=swar),,1,98819,5.47s,67.00ns,2.00ns,94.00ns,930.00ns,61.00ns,189.44us
test/dot/dotall-multiline-carriage-return,count,0.1.0 (rev 9ee90dfb56),safere/utf8,0.12.0-SNAPSHOT (OpenJDK 64-Bit Server VM 26.0.2+10-55; scanner=swar),,1,100599,5.47s,65.00ns,1.00ns,104.00ns,0.95us,60.00ns,103.55us
test/dot/dotall-multiline-carriage-return,count,0.1.0 (rev 9ee90dfb56),safere/utf8-vector,0.12.0-SNAPSHOT (OpenJDK 64-Bit Server VM 26.0.2+10-55; scanner=vector),,1,101230,5.47s,65.00ns,1.00ns,91.00ns,679.00ns,60.00ns,105.34us
test/func/leftmost-first,count-spans,0.1.0 (rev 9ee90dfb56),java/hotspot,26.0.2+10-55,,7,1000000,3.04s,39.00ns,1.00ns,41.00ns,220.00ns,36.00ns,162.48us
test/func/leftmost-first,count-spans,0.1.0 (rev 9ee90dfb56),safere/string,0.12.0-SNAPSHOT (OpenJDK 64-Bit Server VM 26.0.2+10-55; scanner=swar),,7,76851,5.42s,83.00ns,2.00ns,122.00ns,912.00ns,77.00ns,117.89us
test/func/leftmost-first,count-spans,0.1.0 (rev 9ee90dfb56),safere/utf8,0.12.0-SNAPSHOT (OpenJDK 64-Bit Server VM 26.0.2+10-55; scanner=swar),,7,73919,5.42s,84.00ns,2.00ns,124.00ns,0.99us,78.00ns,129.92us
test/func/leftmost-first,count-spans,0.1.0 (rev 9ee90dfb56),safere/utf8-vector,0.12.0-SNAPSHOT (OpenJDK 64-Bit Server VM 26.0.2+10-55; scanner=vector),,7,82463,5.42s,77.00ns,1.00ns,113.00ns,718.00ns,72.00ns,46.14us
test/func/leftmost-first,count-spans,0.1.0 (rev 9ee90dfb56),pcre2/jit,10.47 2025-10-21,,7,1000000,631.69ms,46.00ns,1.00ns,47.00ns,101.00ns,42.00ns,41.55us
test/func/leftmost-first,count-spans,0.1.0 (rev 9ee90dfb56),re2,2025-11-05,,7,1000000,782.45ms,126.00ns,1.00ns,130.00ns,200.00ns,116.00ns,41.41us
test/func/leftmost-first,count-spans,0.1.0 (rev 9ee90dfb56),re2j,1.8 (OpenJDK 64-Bit Server VM 26.0.2+10-55),,7,62704,5.32s,193.00ns,6.00ns,311.00ns,7.19us,179.00ns,1.36ms
test/func/leftmost-first,count-spans,0.1.0 (rev 9ee90dfb56),rust/regex,1.12.4,,7,1000000,580.61ms,28.00ns,1.00ns,29.00ns,89.00ns,26.00ns,32.92us
test/func/dollar-only-matches-end,count,0.1.0 (rev 9ee90dfb56),java/hotspot,26.0.2+10-55,,2,1000000,3.10s,28.00ns,1.00ns,36.00ns,157.00ns,26.00ns,84.00us
test/func/dollar-only-matches-end,count,0.1.0 (rev 9ee90dfb56),safere/string,0.12.0-SNAPSHOT (OpenJDK 64-Bit Server VM 26.0.2+10-55; scanner=swar),,2,92718,5.47s,253.00ns,5.00ns,388.00ns,3.15us,230.00ns,776.19us
test/func/dollar-only-matches-end,count,0.1.0 (rev 9ee90dfb56),safere/utf8,0.12.0-SNAPSHOT (OpenJDK 64-Bit Server VM 26.0.2+10-55; scanner=swar),,2,93011,5.42s,248.00ns,5.00ns,321.00ns,2.55us,226.00ns,693.25us
test/func/dollar-only-matches-end,count,0.1.0 (rev 9ee90dfb56),safere/utf8-vector,0.12.0-SNAPSHOT (OpenJDK 64-Bit Server VM 26.0.2+10-55; scanner=vector),,2,90572,5.47s,256.00ns,5.00ns,341.00ns,8.08us,232.00ns,2.40ms
test/func/dollar-only-matches-end,count,0.1.0 (rev 9ee90dfb56),pcre2/jit,10.47 2025-10-21,,2,1000000,680.24ms,85.00ns,1.00ns,88.00ns,272.00ns,77.00ns,192.31us
test/func/dollar-only-matches-end,count,0.1.0 (rev 9ee90dfb56),re2,2025-11-05,,2,1000000,732.27ms,91.00ns,1.00ns,95.00ns,179.00ns,86.00ns,40.86us
test/func/dollar-only-matches-end,count,0.1.0 (rev 9ee90dfb56),re2j,1.8 (OpenJDK 64-Bit Server VM 26.0.2+10-55),,2,76459,5.32s,90.00ns,2.00ns,126.00ns,828.00ns,85.00ns,129.28us
test/func/dollar-only-matches-end,count,0.1.0 (rev 9ee90dfb56),rust/regex,1.12.4,,2,1000000,630.82ms,60.00ns,1.00ns,64.00ns,889.00ns,53.00ns,663.60us
test/func/non-greedy,count,0.1.0 (rev 9ee90dfb56),java/hotspot,26.0.2+10-55,,3,1000000,3.19s,36.00ns,1.00ns,65.00ns,19.56us,33.00ns,19.56ms
test/func/non-greedy,count,0.1.0 (rev 9ee90dfb56),safere/string,0.12.0-SNAPSHOT (OpenJDK 64-Bit Server VM 26.0.2+10-55; scanner=swar),,3,80218,5.42s,149.00ns,3.00ns,192.00ns,886.00ns,138.00ns,114.69us
test/func/non-greedy,count,0.1.0 (rev 9ee90dfb56),safere/utf8,0.12.0-SNAPSHOT (OpenJDK 64-Bit Server VM 26.0.2+10-55; scanner=swar),,3,82555,5.47s,147.00ns,3.00ns,182.00ns,1.01us,136.00ns,167.17us
test/func/non-greedy,count,0.1.0 (rev 9ee90dfb56),safere/utf8-vector,0.12.0-SNAPSHOT (OpenJDK 64-Bit Server VM 26.0.2+10-55; scanner=vector),,3,81412,5.47s,149.00ns,2.00ns,220.00ns,7.09us,139.00ns,2.00ms
test/func/non-greedy,count,0.1.0 (rev 9ee90dfb56),pcre2/jit,10.47 2025-10-21,,3,1000000,717.97ms,77.00ns,1.00ns,80.00ns,157.00ns,73.00ns,32.08us
test/func/non-greedy,count,0.1.0 (rev 9ee90dfb56),re2,2025-11-05,,3,1000000,1.03s,247.00ns,3.00ns,252.00ns,306.00ns,231.00ns,126.49us
test/func/non-greedy,count,0.1.0 (rev 9ee90dfb56),re2j,1.8 (OpenJDK 64-Bit Server VM 26.0.2+10-55),,3,82473,5.37s,286.00ns,4.00ns,349.00ns,1.23us,272.00ns,158.21us
test/func/non-greedy,count,0.1.0 (rev 9ee90dfb56),rust/regex,1.12.4,,3,1000000,658.32ms,56.00ns,1.00ns,58.00ns,143.00ns,53.00ns,32.34us
test/model/count,count,0.1.0 (rev 9ee90dfb56),java/hotspot,26.0.2+10-55,,37,1000000,3.24s,183.00ns,11.00ns,238.00ns,32.50us,166.00ns,29.16ms
test/model/count,count,0.1.0 (rev 9ee90dfb56),safere/string,0.12.0-SNAPSHOT (OpenJDK 64-Bit Server VM 26.0.2+10-55; scanner=swar),,37,97989,5.52s,132.00ns,2.00ns,170.00ns,796.00ns,124.00ns,95.10us
test/model/count,count,0.1.0 (rev 9ee90dfb56),safere/utf8,0.12.0-SNAPSHOT (OpenJDK 64-Bit Server VM 26.0.2+10-55; scanner=swar),,37,94864,5.47s,134.00ns,2.00ns,172.00ns,830.00ns,126.00ns,120.32us
test/model/count,count,0.1.0 (rev 9ee90dfb56),safere/utf8-vector,0.12.0-SNAPSHOT (OpenJDK 64-Bit Server VM 26.0.2+10-55; scanner=vector),,37,96209,5.47s,134.00ns,2.00ns,169.00ns,769.00ns,126.00ns,100.10us
test/model/count,count,0.1.0 (rev 9ee90dfb56),pcre2/jit,10.47 2025-10-21,,37,1000000,680.89ms,82.00ns,1.00ns,85.00ns,202.00ns,77.00ns,133.22us
test/model/count,count,0.1.0 (rev 9ee90dfb56),re2,2025-11-05,,37,1000000,832.94ms,155.00ns,2.00ns,159.00ns,210.00ns,148.00ns,46.58us
test/model/count,count,0.1.0 (rev 9ee90dfb56),re2j,1.8 (OpenJDK 64-Bit Server VM 26.0.2+10-55),,37,75164,5.32s,1.20us,20.00ns,1.35us,7.11us,1.15us,1.77ms
test/model/count,count,0.1.0 (rev 9ee90dfb56),rust/regex,1.12.4,,37,1000000,700.10ms,75.00ns,1.00ns,77.00ns,268.00ns,72.00ns,186.20us
test/model/count-spans,count-spans,0.1.0 (rev 9ee90dfb56),java/hotspot,26.0.2+10-55,,37,1000000,3.24s,170.00ns,2.00ns,229.00ns,32.16us,163.00ns,28.67ms
test/model/count-spans,count-spans,0.1.0 (rev 9ee90dfb56),safere/string,0.12.0-SNAPSHOT (OpenJDK 64-Bit Server VM 26.0.2+10-55; scanner=swar),,37,97525,5.52s,131.00ns,2.00ns,173.00ns,880.00ns,124.00ns,131.58us
test/model/count-spans,count-spans,0.1.0 (rev 9ee90dfb56),safere/utf8,0.12.0-SNAPSHOT (OpenJDK 64-Bit Server VM 26.0.2+10-55; scanner=swar),,37,95022,5.47s,134.00ns,2.00ns,176.00ns,1.04us,125.00ns,157.95us
test/model/count-spans,count-spans,0.1.0 (rev 9ee90dfb56),safere/utf8-vector,0.12.0-SNAPSHOT (OpenJDK 64-Bit Server VM 26.0.2+10-55; scanner=vector),,37,94708,5.47s,133.00ns,2.00ns,170.00ns,847.00ns,125.00ns,125.31us
test/model/count-spans,count-spans,0.1.0 (rev 9ee90dfb56),pcre2/jit,10.47 2025-10-21,,37,1000000,732.50ms,79.00ns,1.00ns,84.00ns,739.00ns,75.00ns,703.46us
test/model/count-spans,count-spans,0.1.0 (rev 9ee90dfb56),re2,2025-11-05,,37,1000000,832.29ms,155.00ns,1.00ns,159.00ns,221.00ns,146.00ns,42.85us
test/model/count-spans,count-spans,0.1.0 (rev 9ee90dfb56),re2j,1.8 (OpenJDK 64-Bit Server VM 26.0.2+10-55),,37,78074,5.32s,1.17us,10.00ns,1.28us,1.39us,1.13us,139.26us
test/model/count-spans,count-spans,0.1.0 (rev 9ee90dfb56),rust/regex,1.12.4,,37,1000000,733.68ms,100.00ns,1.00ns,105.00ns,593.00ns,96.00ns,535.96us
test/model/count-captures,count-captures,0.1.0 (rev 9ee90dfb56),java/hotspot,26.0.2+10-55,,37,1000000,3.44s,295.00ns,7.00ns,413.00ns,25.31us,278.00ns,24.02ms
test/model/count-captures,count-captures,0.1.0 (rev 9ee90dfb56),safere/string,0.12.0-SNAPSHOT (OpenJDK 64-Bit Server VM 26.0.2+10-55; scanner=swar),,37,74969,5.42s,1.19us,48.00ns,1.37us,8.28us,1.11us,2.10ms
test/model/count-captures,count-captures,0.1.0 (rev 9ee90dfb56),safere/utf8,0.12.0-SNAPSHOT (OpenJDK 64-Bit Server VM 26.0.2+10-55; scanner=swar),,37,71516,5.37s,1.30us,44.00ns,1.45us,9.70us,1.18us,1.96ms
test/model/count-captures,count-captures,0.1.0 (rev 9ee90dfb56),safere/utf8-vector,0.12.0-SNAPSHOT (OpenJDK 64-Bit Server VM 26.0.2+10-55; scanner=vector),,37,72785,5.42s,1.26us,42.00ns,1.38us,2.96us,1.15us,708.61us
test/model/count-captures,count-captures,0.1.0 (rev 9ee90dfb56),pcre2/jit,10.47 2025-10-21,,37,1000000,733.24ms,96.00ns,1.00ns,101.00ns,189.00ns,91.00ns,59.18us
test/model/count-captures,count-captures,0.1.0 (rev 9ee90dfb56),re2,2025-11-05,,37,1000000,882.70ms,181.00ns,2.00ns,188.00ns,778.00ns,169.00ns,738.96us
test/model/count-captures,count-captures,0.1.0 (rev 9ee90dfb56),re2j,1.8 (OpenJDK 64-Bit Server VM 26.0.2+10-55),,37,97928,5.37s,1.86us,18.00ns,2.03us,9.78us,1.77us,1.60ms
test/model/count-captures,count-captures,0.1.0 (rev 9ee90dfb56),rust/regex,1.12.4,,37,1000000,784.57ms,128.00ns,2.00ns,132.00ns,211.00ns,121.00ns,65.19us
test/model/grep,grep,0.1.0 (rev 9ee90dfb56),java/hotspot,26.0.2+10-55,,13,1000000,3.54s,91.00ns,4.00ns,264.00ns,10.58us,84.00ns,9.36ms
test/model/grep,grep,0.1.0 (rev 9ee90dfb56),safere/string,0.12.0-SNAPSHOT (OpenJDK 64-Bit Server VM 26.0.2+10-55; scanner=swar),,13,71873,5.42s,163.00ns,5.00ns,212.00ns,784.00ns,148.00ns,54.78us
test/model/grep,grep,0.1.0 (rev 9ee90dfb56),safere/utf8,0.12.0-SNAPSHOT (OpenJDK 64-Bit Server VM 26.0.2+10-55; scanner=swar),,13,99856,5.47s,71.00ns,1.00ns,91.00ns,768.00ns,65.00ns,131.07us
test/model/grep,grep,0.1.0 (rev 9ee90dfb56),safere/utf8-vector,0.12.0-SNAPSHOT (OpenJDK 64-Bit Server VM 26.0.2+10-55; scanner=vector),,13,99664,5.47s,71.00ns,1.00ns,143.00ns,9.49us,66.00ns,2.22ms
test/model/grep,grep,0.1.0 (rev 9ee90dfb56),pcre2/jit,10.47 2025-10-21,,13,1000000,683.33ms,68.00ns,1.00ns,70.00ns,142.00ns,65.00ns,41.86us
test/model/grep,grep,0.1.0 (rev 9ee90dfb56),re2,2025-11-05,,13,1000000,782.95ms,122.00ns,1.00ns,126.00ns,168.00ns,115.00ns,44.36us
test/model/grep,grep,0.1.0 (rev 9ee90dfb56),re2j,1.8 (OpenJDK 64-Bit Server VM 26.0.2+10-55),,13,63690,5.32s,370.00ns,8.00ns,469.00ns,5.38us,347.00ns,1.33ms
test/model/grep,grep,0.1.0 (rev 9ee90dfb56),rust/regex,1.12.4,,13,1000000,632.29ms,49.00ns,1.00ns,52.00ns,672.00ns,45.00ns,648.55us
test/model/grep-captures,grep-captures,0.1.0 (rev 9ee90dfb56),java/hotspot,26.0.2+10-55,,20,1000000,3.84s,300.00ns,12.00ns,343.00ns,10.89us,273.00ns,8.68ms
test/model/grep-captures,grep-captures,0.1.0 (rev 9ee90dfb56),safere/string,0.12.0-SNAPSHOT (OpenJDK 64-Bit Server VM 26.0.2+10-55; scanner=swar),,20,77000,5.42s,599.00ns,19.00ns,720.00ns,4.80us,544.00ns,1.04ms
test/model/grep-captures,grep-captures,0.1.0 (rev 9ee90dfb56),safere/utf8,0.12.0-SNAPSHOT (OpenJDK 64-Bit Server VM 26.0.2+10-55; scanner=swar),,20,83624,5.42s,550.00ns,16.00ns,731.00ns,12.19us,506.00ns,1.66ms
test/model/grep-captures,grep-captures,0.1.0 (rev 9ee90dfb56),safere/utf8-vector,0.12.0-SNAPSHOT (OpenJDK 64-Bit Server VM 26.0.2+10-55; scanner=vector),,20,80856,5.47s,560.00ns,19.00ns,788.00ns,12.95us,519.00ns,3.63ms
test/model/grep-captures,grep-captures,0.1.0 (rev 9ee90dfb56),pcre2/jit,10.47 2025-10-21,,20,1000000,884.51ms,170.00ns,2.00ns,180.00ns,298.00ns,163.00ns,160.80us
test/model/grep-captures,grep-captures,0.1.0 (rev 9ee90dfb56),re2,2025-11-05,,20,1000000,1.62s,521.00ns,7.00ns,538.00ns,1.19us,489.00ns,699.50us
test/model/grep-captures,grep-captures,0.1.0 (rev 9ee90dfb56),re2j,1.8 (OpenJDK 64-Bit Server VM 26.0.2+10-55),,20,85013,5.37s,2.12us,28.00ns,2.32us,7.24us,2.01us,1.26ms
test/model/grep-captures,grep-captures,0.1.0 (rev 9ee90dfb56),rust/regex,1.12.4,,20,1000000,1.04s,259.00ns,6.00ns,279.00ns,497.00ns,240.00ns,134.27us
test/model/compile,compile,0.1.0 (rev 9ee90dfb56),java/hotspot,26.0.2+10-55,,,1000000,4.94s,128.00ns,18.00ns,435.00ns,14.24us,99.00ns,10.94ms
test/model/compile,compile,0.1.0 (rev 9ee90dfb56),safere/string,0.12.0-SNAPSHOT (OpenJDK 64-Bit Server VM 26.0.2+10-55; scanner=swar),,,55923,4.97s,17.63us,906.00ns,34.26us,265.28us,15.69us,40.42ms
test/model/compile,compile,0.1.0 (rev 9ee90dfb56),safere/utf8,0.12.0-SNAPSHOT (OpenJDK 64-Bit Server VM 26.0.2+10-55; scanner=swar),,,63603,4.92s,17.39us,831.00ns,30.83us,296.30us,15.53us,38.35ms
test/model/compile,compile,0.1.0 (rev 9ee90dfb56),safere/utf8-vector,0.12.0-SNAPSHOT (OpenJDK 64-Bit Server VM 26.0.2+10-55; scanner=vector),,,51920,5.07s,18.32us,1.89us,33.54us,225.53us,15.51us,34.49ms
test/model/compile,compile,0.1.0 (rev 9ee90dfb56),pcre2/jit,10.47 2025-10-21,,,525862,4.78s,3.27us,38.00ns,3.59us,9.14us,3.09us,1.40ms
test/model/compile,compile,0.1.0 (rev 9ee90dfb56),re2,2025-11-05,,,354062,4.67s,2.42us,64.00ns,2.54us,1.76us,2.22us,761.10us
test/model/compile,compile,0.1.0 (rev 9ee90dfb56),re2j,1.8 (OpenJDK 64-Bit Server VM 26.0.2+10-55),,,1000000,5.20s,393.00ns,10.00ns,428.00ns,9.98us,346.00ns,6.60ms
test/model/compile,compile,0.1.0 (rev 9ee90dfb56),rust/regex,1.12.4,,,187254,4.62s,14.56us,193.00ns,15.27us,5.25us,13.83us,757.88us
test/unicode/case/ascii-only,count,0.1.0 (rev 9ee90dfb56),java/hotspot,26.0.2+10-55,,2,1000000,3.04s,23.00ns,1.00ns,61.00ns,23.18us,21.00ns,23.06ms
test/unicode/case/ascii-only,count,0.1.0 (rev 9ee90dfb56),safere/string,0.12.0-SNAPSHOT (OpenJDK 64-Bit Server VM 26.0.2+10-55; scanner=swar),,2,67277,5.42s,23.00ns,1.00ns,48.00ns,786.00ns,21.00ns,104.96us
test/unicode/case/ascii-only,count,0.1.0 (rev 9ee90dfb56),safere/utf8,0.12.0-SNAPSHOT (OpenJDK 64-Bit Server VM 26.0.2+10-55; scanner=swar),,2,62449,5.47s,31.00ns,1.00ns,180.00ns,1.88us,27.00ns,161.54us
test/unicode/case/ascii-only,count,0.1.0 (rev 9ee90dfb56),safere/utf8-vector,0.12.0-SNAPSHOT (OpenJDK 64-Bit Server VM 26.0.2+10-55; scanner=vector),,2,62857,5.42s,32.00ns,1.00ns,75.00ns,1.14us,29.00ns,169.98us
test/unicode/case/ascii-only,count,0.1.0 (rev 9ee90dfb56),pcre2/jit,10.47 2025-10-21,,2,1000000,591.48ms,27.00ns,0.00ns,28.00ns,78.00ns,25.00ns,17.62us
test/unicode/case/ascii-only,count,0.1.0 (rev 9ee90dfb56),re2,2025-11-05,,2,1000000,633.70ms,48.00ns,1.00ns,49.00ns,125.00ns,44.00ns,30.77us
test/unicode/case/ascii-only,count,0.1.0 (rev 9ee90dfb56),re2j,1.8 (OpenJDK 64-Bit Server VM 26.0.2+10-55),,2,102576,5.37s,125.00ns,2.00ns,159.00ns,0.95us,116.00ns,160.51us
test/unicode/case/ascii-only,count,0.1.0 (rev 9ee90dfb56),rust/regex,1.12.4,,2,1000000,530.39ms,24.00ns,1.00ns,24.00ns,100.00ns,22.00ns,45.99us
test/unicode/case/ascii-with-unicode,count,0.1.0 (rev 9ee90dfb56),java/hotspot,26.0.2+10-55,,2,1000000,2.89s,31.00ns,1.00ns,65.00ns,21.35us,27.00ns,21.35ms
test/unicode/case/ascii-with-unicode,count,0.1.0 (rev 9ee90dfb56),safere/string,0.12.0-SNAPSHOT (OpenJDK 64-Bit Server VM 26.0.2+10-55; scanner=swar),,2,95617,5.57s,38.00ns,1.00ns,62.00ns,730.00ns,34.00ns,133.38us
test/unicode/case/ascii-with-unicode,count,0.1.0 (rev 9ee90dfb56),safere/utf8,0.12.0-SNAPSHOT (OpenJDK 64-Bit Server VM 26.0.2+10-55; scanner=swar),,2,81084,5.57s,44.00ns,1.00ns,96.00ns,7.66us,40.00ns,2.17ms
test/unicode/case/ascii-with-unicode,count,0.1.0 (rev 9ee90dfb56),safere/utf8-vector,0.12.0-SNAPSHOT (OpenJDK 64-Bit Server VM 26.0.2+10-55; scanner=vector),,2,82078,5.52s,44.00ns,1.00ns,75.00ns,2.70us,40.00ns,645.12us
test/unicode/case/ascii-with-unicode,count,0.1.0 (rev 9ee90dfb56),pcre2/jit,10.47 2025-10-21,,2,1000000,580.71ms,44.00ns,1.00ns,46.00ns,124.00ns,41.00ns,50.59us
test/unicode/case/ascii-with-unicode,count,0.1.0 (rev 9ee90dfb56),re2,2025-11-05,,2,1000000,731.74ms,112.00ns,2.00ns,116.00ns,283.00ns,105.00ns,202.16us
test/unicode/case/ascii-with-unicode,count,0.1.0 (rev 9ee90dfb56),re2j,1.8 (OpenJDK 64-Bit Server VM 26.0.2+10-55),,2,103693,5.42s,123.00ns,2.00ns,152.00ns,820.00ns,115.00ns,161.28us
test/unicode/case/ascii-with-unicode,count,0.1.0 (rev 9ee90dfb56),rust/regex,1.12.4,,2,1000000,632.53ms,35.00ns,1.00ns,37.00ns,281.00ns,31.00ns,248.60us
test/unicode/case/unicode,count,0.1.0 (rev 9ee90dfb56),java/hotspot,26.0.2+10-55,,2,1000000,2.89s,29.00ns,1.00ns,60.00ns,20.28us,26.00ns,20.27ms
test/unicode/case/unicode,count,0.1.0 (rev 9ee90dfb56),safere/string,0.12.0-SNAPSHOT (OpenJDK 64-Bit Server VM 26.0.2+10-55; scanner=swar),,2,86847,5.57s,38.00ns,1.00ns,131.00ns,1.37us,35.00ns,165.12us
test/unicode/case/unicode,count,0.1.0 (rev 9ee90dfb56),safere/utf8,0.12.0-SNAPSHOT (OpenJDK 64-Bit Server VM 26.0.2+10-55; scanner=swar),,2,70676,5.47s,31.00ns,1.00ns,62.00ns,5.40us,27.00ns,1.43ms
test/unicode/case/unicode,count,0.1.0 (rev 9ee90dfb56),safere/utf8-vector,0.12.0-SNAPSHOT (OpenJDK 64-Bit Server VM 26.0.2+10-55; scanner=vector),,2,82293,5.57s,44.00ns,1.00ns,69.00ns,762.00ns,40.00ns,138.75us
test/unicode/case/unicode,count,0.1.0 (rev 9ee90dfb56),pcre2/jit,10.47 2025-10-21,,2,1000000,630.24ms,47.00ns,1.00ns,48.00ns,108.00ns,43.00ns,32.37us
test/unicode/case/unicode,count,0.1.0 (rev 9ee90dfb56),re2,2025-11-05,,2,1000000,783.21ms,113.00ns,1.00ns,116.00ns,189.00ns,106.00ns,37.05us
test/unicode/case/unicode,count,0.1.0 (rev 9ee90dfb56),re2j,1.8 (OpenJDK 64-Bit Server VM 26.0.2+10-55),,2,103787,5.37s,123.00ns,2.00ns,160.00ns,1.01us,115.00ns,206.08us
test/unicode/case/unicode,count,0.1.0 (rev 9ee90dfb56),rust/regex,1.12.4,,2,1000000,609.50ms,36.00ns,1.00ns,38.00ns,128.00ns,32.00ns,44.76us
test/unicode/decimal/ascii-only,count,0.1.0 (rev 9ee90dfb56),java/hotspot,26.0.2+10-55,,3,1000000,2.94s,23.00ns,1.00ns,47.00ns,11.50us,21.00ns,11.50ms
test/unicode/decimal/ascii-only,count,0.1.0 (rev 9ee90dfb56),safere/string,0.12.0-SNAPSHOT (OpenJDK 64-Bit Server VM 26.0.2+10-55; scanner=swar),,3,65848,5.42s,23.00ns,1.00ns,48.00ns,817.00ns,20.00ns,121.47us
test/unicode/decimal/ascii-only,count,0.1.0 (rev 9ee90dfb56),safere/utf8,0.12.0-SNAPSHOT (OpenJDK 64-Bit Server VM 26.0.2+10-55; scanner=swar),,3,111817,5.52s,24.00ns,1.00ns,61.00ns,6.63us,22.00ns,2.20ms
test/unicode/decimal/ascii-only,count,0.1.0 (rev 9ee90dfb56),safere/utf8-vector,0.12.0-SNAPSHOT (OpenJDK 64-Bit Server VM 26.0.2+10-55; scanner=vector),,3,107395,5.52s,25.00ns,1.00ns,42.00ns,650.00ns,22.00ns,123.14us
test/unicode/decimal/ascii-only,count,0.1.0 (rev 9ee90dfb56),pcre2/jit,10.47 2025-10-21,,3,1000000,581.89ms,28.00ns,0.00ns,29.00ns,111.00ns,26.00ns,66.90us
test/unicode/decimal/ascii-only,count,0.1.0 (rev 9ee90dfb56),re2,2025-11-05,,3,1000000,632.24ms,47.00ns,1.00ns,49.00ns,130.00ns,43.00ns,55.53us
test/unicode/decimal/ascii-only,count,0.1.0 (rev 9ee90dfb56),re2j,1.8 (OpenJDK 64-Bit Server VM 26.0.2+10-55),,3,107844,5.37s,66.00ns,1.00ns,90.00ns,812.00ns,62.00ns,143.87us
test/unicode/decimal/ascii-only,count,0.1.0 (rev 9ee90dfb56),rust/regex,1.12.4,,3,1000000,581.21ms,28.00ns,0.00ns,29.00ns,104.00ns,25.00ns,21.97us
test/unicode/decimal/unicode,count,0.1.0 (rev 9ee90dfb56),java/hotspot,26.0.2+10-55,,3,1000000,2.99s,29.00ns,1.00ns,48.00ns,10.52us,26.00ns,10.52ms
test/unicode/decimal/unicode,count,0.1.0 (rev 9ee90dfb56),safere/string,0.12.0-SNAPSHOT (OpenJDK 64-Bit Server VM 26.0.2+10-55; scanner=swar),,3,88261,5.42s,41.00ns,1.00ns,68.00ns,712.00ns,38.00ns,108.67us
test/unicode/decimal/unicode,count,0.1.0 (rev 9ee90dfb56),safere/utf8,0.12.0-SNAPSHOT (OpenJDK 64-Bit Server VM 26.0.2+10-55; scanner=swar),,3,81545,5.42s,43.00ns,1.00ns,71.00ns,943.00ns,38.00ns,158.72us
test/unicode/decimal/unicode,count,0.1.0 (rev 9ee90dfb56),safere/utf8-vector,0.12.0-SNAPSHOT (OpenJDK 64-Bit Server VM 26.0.2+10-55; scanner=vector),,3,71742,5.42s,48.00ns,1.00ns,77.00ns,747.00ns,44.00ns,91.39us
test/unicode/decimal/unicode,count,0.1.0 (rev 9ee90dfb56),pcre2/jit,10.47 2025-10-21,,3,1000000,630.69ms,46.00ns,1.00ns,48.00ns,142.00ns,43.00ns,47.79us
test/unicode/decimal/unicode,count,0.1.0 (rev 9ee90dfb56),re2,2025-11-05,,3,1000000,631.32ms,51.00ns,1.00ns,53.00ns,110.00ns,47.00ns,47.61us
test/unicode/decimal/unicode,count,0.1.0 (rev 9ee90dfb56),re2j,1.8 (OpenJDK 64-Bit Server VM 26.0.2+10-55),,3,104094,5.42s,67.00ns,1.00ns,96.00ns,2.24us,63.00ns,692.22us
test/unicode/decimal/unicode,count,0.1.0 (rev 9ee90dfb56),rust/regex,1.12.4,,3,1000000,580.13ms,36.00ns,1.00ns,37.00ns,92.00ns,33.00ns,32.16us
test/unicode/invalid-utf8/dot-matches-xFF,count,0.1.0 (rev 9ee90dfb56),pcre2/jit,10.47 2025-10-21,,1,1000000,632.41ms,45.00ns,1.00ns,46.00ns,103.00ns,41.00ns,37.16us
test/unicode/invalid-utf8/dot-matches-xFF,count,0.1.0 (rev 9ee90dfb56),re2,2025-11-05,,1,1000000,782.40ms,111.00ns,1.00ns,114.00ns,173.00ns,104.00ns,47.01us
test/unicode/invalid-utf8/dot-matches-xFF,count,0.1.0 (rev 9ee90dfb56),rust/regex,1.12.4,,1,1000000,585.12ms,35.00ns,1.00ns,36.00ns,79.00ns,31.00ns,31.48us
test/unicode/invalid-utf8/dot-no-matches-xFF,count,0.1.0 (rev 9ee90dfb56),pcre2/jit,10.47 2025-10-21,,1,1000000,582.83ms,27.00ns,0.00ns,28.00ns,109.00ns,25.00ns,37.72us
test/unicode/invalid-utf8/dot-no-matches-xFF,count,0.1.0 (rev 9ee90dfb56),re2,2025-11-05,,1,1000000,632.18ms,45.00ns,1.00ns,47.00ns,143.00ns,41.00ns,41.39us
test/unicode/invalid-utf8/dot-no-matches-xFF,count,0.1.0 (rev 9ee90dfb56),rust/regex,1.12.4,,1,1000000,580.46ms,34.00ns,1.00ns,35.00ns,118.00ns,31.00ns,46.62us
test/unicode/invalid-utf8/dot-matches-codepoint-prefix,count,0.1.0 (rev 9ee90dfb56),pcre2/jit,10.47 2025-10-21,,3,1000000,681.24ms,76.00ns,1.00ns,78.00ns,135.00ns,70.00ns,34.74us
test/unicode/invalid-utf8/dot-matches-codepoint-prefix,count,0.1.0 (rev 9ee90dfb56),re2,2025-11-05,,3,1000000,1.03s,249.00ns,3.00ns,256.00ns,750.00ns,232.00ns,706.66us
test/unicode/invalid-utf8/dot-matches-codepoint-prefix,count,0.1.0 (rev 9ee90dfb56),rust/regex,1.12.4,,3,1000000,631.14ms,59.00ns,1.00ns,62.00ns,235.00ns,56.00ns,173.05us
test/unicode/invalid-utf8/dot-no-matches-codepoint-prefix,count,0.1.0 (rev 9ee90dfb56),pcre2/jit,10.47 2025-10-21,,3,1000000,581.04ms,28.00ns,1.00ns,30.00ns,715.00ns,26.00ns,707.89us
test/unicode/invalid-utf8/dot-no-matches-codepoint-prefix,count,0.1.0 (rev 9ee90dfb56),re2,2025-11-05,,3,1000000,630.89ms,49.00ns,1.00ns,50.00ns,100.00ns,45.00ns,29.65us
test/unicode/invalid-utf8/dot-no-matches-codepoint-prefix,count,0.1.0 (rev 9ee90dfb56),rust/regex,1.12.4,,3,1000000,580.64ms,35.00ns,0.00ns,36.00ns,85.00ns,32.00ns,29.81us
test/unicode/invalid-utf8/xFF-matches-xFF,count,0.1.0 (rev 9ee90dfb56),pcre2/jit,10.47 2025-10-21,,1,1000000,632.43ms,44.00ns,1.00ns,46.00ns,102.00ns,40.00ns,30.00us
test/unicode/invalid-utf8/xFF-matches-xFF,count,0.1.0 (rev 9ee90dfb56),re2,2025-11-05,,1,1000000,732.91ms,116.00ns,2.00ns,119.00ns,184.00ns,107.00ns,36.82us
test/unicode/invalid-utf8/xFF-matches-xFF,count,0.1.0 (rev 9ee90dfb56),rust/regex,1.12.4,,1,1000000,617.36ms,26.00ns,0.00ns,27.00ns,127.00ns,22.00ns,70.96us
test/unicode/letter/pL-matches-bmp-delta,count,0.1.0 (rev 9ee90dfb56),java/hotspot,26.0.2+10-55,,2,1000000,3.11s,29.00ns,1.00ns,47.00ns,10.06us,26.00ns,10.06ms
test/unicode/letter/pL-matches-bmp-delta,count,0.1.0 (rev 9ee90dfb56),safere/string,0.12.0-SNAPSHOT (OpenJDK 64-Bit Server VM 26.0.2+10-55; scanner=swar),,2,91213,5.77s,37.00ns,1.00ns,131.00ns,1.42us,32.00ns,122.50us
test/unicode/letter/pL-matches-bmp-delta,count,0.1.0 (rev 9ee90dfb56),safere/utf8,0.12.0-SNAPSHOT (OpenJDK 64-Bit Server VM 26.0.2+10-55; scanner=swar),,2,79345,5.68s,45.00ns,1.00ns,64.00ns,677.00ns,41.00ns,130.94us
test/unicode/letter/pL-matches-bmp-delta,count,0.1.0 (rev 9ee90dfb56),safere/utf8-vector,0.12.0-SNAPSHOT (OpenJDK 64-Bit Server VM 26.0.2+10-55; scanner=vector),,2,80390,5.67s,45.00ns,1.00ns,93.00ns,6.64us,41.00ns,1.87ms
test/unicode/letter/pL-matches-bmp-delta,count,0.1.0 (rev 9ee90dfb56),pcre2/jit,10.47 2025-10-21,,2,1000000,630.78ms,44.00ns,1.00ns,45.00ns,114.00ns,41.00ns,33.20us
test/unicode/letter/pL-matches-bmp-delta,count,0.1.0 (rev 9ee90dfb56),re2,2025-11-05,,2,1000000,783.05ms,115.00ns,1.00ns,120.00ns,225.00ns,107.00ns,47.18us
test/unicode/letter/pL-matches-bmp-delta,count,0.1.0 (rev 9ee90dfb56),re2j,1.8 (OpenJDK 64-Bit Server VM 26.0.2+10-55),,2,99413,5.42s,127.00ns,2.00ns,218.00ns,8.97us,117.00ns,1.52ms
test/unicode/letter/pL-matches-bmp-delta,count,0.1.0 (rev 9ee90dfb56),rust/regex,1.12.4,,2,1000000,580.53ms,35.00ns,1.00ns,36.00ns,129.00ns,31.00ns,45.25us
test/unicode/letter/pLbraced-matches-bmp-delta,count,0.1.0 (rev 9ee90dfb56),java/hotspot,26.0.2+10-55,,2,1000000,2.89s,30.00ns,1.00ns,40.00ns,240.00ns,26.00ns,167.17us
test/unicode/letter/pLbraced-matches-bmp-delta,count,0.1.0 (rev 9ee90dfb56),safere/string,0.12.0-SNAPSHOT (OpenJDK 64-Bit Server VM 26.0.2+10-55; scanner=swar),,2,94723,5.72s,38.00ns,1.00ns,130.00ns,2.70us,32.00ns,726.02us
test/unicode/letter/pLbraced-matches-bmp-delta,count,0.1.0 (rev 9ee90dfb56),safere/utf8,0.12.0-SNAPSHOT (OpenJDK 64-Bit Server VM 26.0.2+10-55; scanner=swar),,2,64560,5.57s,33.00ns,1.00ns,51.00ns,673.00ns,29.00ns,114.30us
test/unicode/letter/pLbraced-matches-bmp-delta,count,0.1.0 (rev 9ee90dfb56),safere/utf8-vector,0.12.0-SNAPSHOT (OpenJDK 64-Bit Server VM 26.0.2+10-55; scanner=vector),,2,77770,5.62s,45.00ns,1.00ns,70.00ns,769.00ns,41.00ns,146.69us
test/unicode/letter/pLbraced-matches-bmp-delta,count,0.1.0 (rev 9ee90dfb56),pcre2/jit,10.47 2025-10-21,,2,1000000,583.68ms,44.00ns,1.00ns,46.00ns,110.00ns,41.00ns,33.60us
test/unicode/letter/pLbraced-matches-bmp-delta,count,0.1.0 (rev 9ee90dfb56),re2,2025-11-05,,2,1000000,732.42ms,112.00ns,1.00ns,116.00ns,209.00ns,106.00ns,60.45us
test/unicode/letter/pLbraced-matches-bmp-delta,count,0.1.0 (rev 9ee90dfb56),re2j,1.8 (OpenJDK 64-Bit Server VM 26.0.2+10-55),,2,94453,5.37s,133.00ns,3.00ns,168.00ns,845.00ns,121.00ns,155.65us
test/unicode/letter/pLbraced-matches-bmp-delta,count,0.1.0 (rev 9ee90dfb56),rust/regex,1.12.4,,2,1000000,581.85ms,35.00ns,1.00ns,36.00ns,177.00ns,32.00ns,111.54us
test/unicode/letter/pLbraced-matches-nonbmp-delta,count,0.1.0 (rev 9ee90dfb56),java/hotspot,26.0.2+10-55,,4,1000000,3.04s,31.00ns,1.00ns,66.00ns,21.02us,28.00ns,20.97ms
test/unicode/letter/pLbraced-matches-nonbmp-delta,count,0.1.0 (rev 9ee90dfb56),safere/string,0.12.0-SNAPSHOT (OpenJDK 64-Bit Server VM 26.0.2+10-55; scanner=swar),,4,78542,5.67s,45.00ns,2.00ns,66.00ns,901.00ns,40.00ns,159.49us
test/unicode/letter/pLbraced-matches-nonbmp-delta,count,0.1.0 (rev 9ee90dfb56),safere/utf8,0.12.0-SNAPSHOT (OpenJDK 64-Bit Server VM 26.0.2+10-55; scanner=swar),,4,67696,5.62s,52.00ns,1.00ns,95.00ns,2.78us,46.00ns,671.74us
test/unicode/letter/pLbraced-matches-nonbmp-delta,count,0.1.0 (rev 9ee90dfb56),safere/utf8-vector,0.12.0-SNAPSHOT (OpenJDK 64-Bit Server VM 26.0.2+10-55; scanner=vector),,4,76189,5.67s,46.00ns,1.00ns,78.00ns,923.00ns,42.00ns,143.62us
test/unicode/letter/pLbraced-matches-nonbmp-delta,count,0.1.0 (rev 9ee90dfb56),pcre2/jit,10.47 2025-10-21,,4,1000000,651.83ms,44.00ns,1.00ns,47.00ns,784.00ns,41.00ns,770.62us
test/unicode/letter/pLbraced-matches-nonbmp-delta,count,0.1.0 (rev 9ee90dfb56),re2,2025-11-05,,4,1000000,731.94ms,118.00ns,1.00ns,121.00ns,161.00ns,112.00ns,40.99us
test/unicode/letter/pLbraced-matches-nonbmp-delta,count,0.1.0 (rev 9ee90dfb56),re2j,1.8 (OpenJDK 64-Bit Server VM 26.0.2+10-55),,4,93779,5.37s,136.00ns,3.00ns,171.00ns,755.00ns,126.00ns,101.63us
test/unicode/letter/pLbraced-matches-nonbmp-delta,count,0.1.0 (rev 9ee90dfb56),rust/regex,1.12.4,,4,1000000,580.66ms,37.00ns,1.00ns,39.00ns,115.00ns,34.00ns,35.98us
test/unicode/letter/pLetter-matches-bmp-delta,count,0.1.0 (rev 9ee90dfb56),rust/regex,1.12.4,,2,1000000,581.24ms,36.00ns,1.00ns,37.00ns,119.00ns,32.00ns,51.12us
test/unicode/letter/pLetter-casei-matches-bmp-delta,count,0.1.0 (rev 9ee90dfb56),rust/regex,1.12.4,,2,1000000,581.63ms,35.00ns,1.00ns,36.00ns,101.00ns,32.00ns,21.85us
test/unicode/letter/pLetter-gc-equals-matches-bmp-delta,count,0.1.0 (rev 9ee90dfb56),rust/regex,1.12.4,,2,1000000,580.93ms,35.00ns,1.00ns,36.00ns,667.00ns,31.00ns,658.74us
test/unicode/letter/pLetter-gc-colon-matches-bmp-delta,count,0.1.0 (rev 9ee90dfb56),rust/regex,1.12.4,,2,1000000,580.53ms,35.00ns,1.00ns,37.00ns,701.00ns,31.00ns,689.92us
test/unicode/utf8/dot-matches-byte,count,0.1.0 (rev 9ee90dfb56),java/hotspot,26.0.2+10-55,,4,1000000,2.89s,30.00ns,1.00ns,66.00ns,20.69us,26.00ns,20.62ms
test/unicode/utf8/dot-matches-byte,count,0.1.0 (rev 9ee90dfb56),safere/string,0.12.0-SNAPSHOT (OpenJDK 64-Bit Server VM 26.0.2+10-55; scanner=swar),,4,101057,5.52s,36.00ns,1.00ns,114.00ns,1.24us,31.00ns,122.37us
test/unicode/utf8/dot-matches-byte,count,0.1.0 (rev 9ee90dfb56),safere/utf8,0.12.0-SNAPSHOT (OpenJDK 64-Bit Server VM 26.0.2+10-55; scanner=swar),,4,88151,5.42s,41.00ns,1.00ns,66.00ns,1.07us,37.00ns,241.15us
test/unicode/utf8/dot-matches-byte,count,0.1.0 (rev 9ee90dfb56),safere/utf8-vector,0.12.0-SNAPSHOT (OpenJDK 64-Bit Server VM 26.0.2+10-55; scanner=vector),,4,88480,5.42s,41.00ns,1.00ns,88.00ns,7.25us,37.00ns,2.15ms
test/unicode/utf8/dot-matches-byte,count,0.1.0 (rev 9ee90dfb56),pcre2/jit,10.47 2025-10-21,,4,1000000,733.92ms,91.00ns,2.00ns,96.00ns,188.00ns,84.00ns,46.34us
test/unicode/utf8/dot-matches-byte,count,0.1.0 (rev 9ee90dfb56),re2,2025-11-05,,4,1000000,1.13s,312.00ns,2.00ns,321.00ns,418.00ns,294.00ns,235.74us
test/unicode/utf8/dot-matches-byte,count,0.1.0 (rev 9ee90dfb56),re2j,1.8 (OpenJDK 64-Bit Server VM 26.0.2+10-55),,4,100692,5.42s,126.00ns,2.00ns,182.00ns,4.87us,116.00ns,1.51ms
test/unicode/utf8/dot-matches-byte,count,0.1.0 (rev 9ee90dfb56),rust/regex,1.12.4,,4,1000000,682.61ms,72.00ns,1.00ns,75.00ns,174.00ns,68.00ns,80.70us
test/unicode/utf8/dot-matches-codepoint,count,0.1.0 (rev 9ee90dfb56),java/hotspot,26.0.2+10-55,,4,1000000,3.09s,31.00ns,1.00ns,44.00ns,1.64us,28.00ns,1.62ms
test/unicode/utf8/dot-matches-codepoint,count,0.1.0 (rev 9ee90dfb56),safere/string,0.12.0-SNAPSHOT (OpenJDK 64-Bit Server VM 26.0.2+10-55; scanner=swar),,4,92389,5.47s,39.00ns,1.00ns,63.00ns,675.00ns,36.00ns,94.59us
test/unicode/utf8/dot-matches-codepoint,count,0.1.0 (rev 9ee90dfb56),safere/utf8,0.12.0-SNAPSHOT (OpenJDK 64-Bit Server VM 26.0.2+10-55; scanner=swar),,4,89113,5.47s,41.00ns,1.00ns,60.00ns,540.00ns,37.00ns,90.75us
test/unicode/utf8/dot-matches-codepoint,count,0.1.0 (rev 9ee90dfb56),safere/utf8-vector,0.12.0-SNAPSHOT (OpenJDK 64-Bit Server VM 26.0.2+10-55; scanner=vector),,4,73876,5.42s,48.00ns,1.00ns,78.00ns,919.00ns,43.00ns,176.90us
test/unicode/utf8/dot-matches-codepoint,count,0.1.0 (rev 9ee90dfb56),pcre2/jit,10.47 2025-10-21,,4,1000000,580.75ms,44.00ns,1.00ns,45.00ns,111.00ns,40.00ns,70.40us
test/unicode/utf8/dot-matches-codepoint,count,0.1.0 (rev 9ee90dfb56),re2,2025-11-05,,4,1000000,732.17ms,115.00ns,1.00ns,120.00ns,329.00ns,108.00ns,145.46us
test/unicode/utf8/dot-matches-codepoint,count,0.1.0 (rev 9ee90dfb56),re2j,1.8 (OpenJDK 64-Bit Server VM 26.0.2+10-55),,4,100319,5.42s,125.00ns,2.00ns,159.00ns,871.00ns,118.00ns,185.86us
test/unicode/utf8/dot-matches-codepoint,count,0.1.0 (rev 9ee90dfb56),rust/regex,1.12.4,,4,1000000,580.46ms,37.00ns,1.00ns,39.00ns,126.00ns,35.00ns,43.86us
test/unicode/whitespace/ascii-only,count,0.1.0 (rev 9ee90dfb56),java/hotspot,26.0.2+10-55,,3,1000000,3.04s,24.00ns,1.00ns,49.00ns,12.76us,21.00ns,12.76ms
test/unicode/whitespace/ascii-only,count,0.1.0 (rev 9ee90dfb56),safere/string,0.12.0-SNAPSHOT (OpenJDK 64-Bit Server VM 26.0.2+10-55; scanner=swar),,3,62263,5.37s,25.00ns,1.00ns,49.00ns,717.00ns,21.00ns,89.60us
test/unicode/whitespace/ascii-only,count,0.1.0 (rev 9ee90dfb56),safere/utf8,0.12.0-SNAPSHOT (OpenJDK 64-Bit Server VM 26.0.2+10-55; scanner=swar),,3,83605,5.42s,27.00ns,1.00ns,49.00ns,872.00ns,25.00ns,165.89us
test/unicode/whitespace/ascii-only,count,0.1.0 (rev 9ee90dfb56),safere/utf8-vector,0.12.0-SNAPSHOT (OpenJDK 64-Bit Server VM 26.0.2+10-55; scanner=vector),,3,85264,5.47s,27.00ns,0.00ns,48.00ns,743.00ns,25.00ns,150.78us
test/unicode/whitespace/ascii-only,count,0.1.0 (rev 9ee90dfb56),pcre2/jit,10.47 2025-10-21,,3,1000000,581.61ms,26.00ns,0.00ns,28.00ns,118.00ns,24.00ns,28.03us
test/unicode/whitespace/ascii-only,count,0.1.0 (rev 9ee90dfb56),re2,2025-11-05,,3,1000000,631.54ms,47.00ns,1.00ns,48.00ns,124.00ns,43.00ns,39.51us
test/unicode/whitespace/ascii-only,count,0.1.0 (rev 9ee90dfb56),re2j,1.8 (OpenJDK 64-Bit Server VM 26.0.2+10-55),,3,103340,5.37s,68.00ns,1.00ns,94.00ns,701.00ns,63.00ns,123.26us
test/unicode/whitespace/ascii-only,count,0.1.0 (rev 9ee90dfb56),rust/regex,1.12.4,,3,1000000,582.22ms,27.00ns,0.00ns,28.00ns,127.00ns,24.00ns,48.37us
test/unicode/whitespace/unicode,count,0.1.0 (rev 9ee90dfb56),java/hotspot,26.0.2+10-55,,3,1000000,3.04s,30.00ns,1.00ns,63.00ns,20.68us,27.00ns,20.68ms
test/unicode/whitespace/unicode,count,0.1.0 (rev 9ee90dfb56),safere/string,0.12.0-SNAPSHOT (OpenJDK 64-Bit Server VM 26.0.2+10-55; scanner=swar),,3,105218,5.52s,35.00ns,1.00ns,118.00ns,1.40us,30.00ns,173.57us
test/unicode/whitespace/unicode,count,0.1.0 (rev 9ee90dfb56),safere/utf8,0.12.0-SNAPSHOT (OpenJDK 64-Bit Server VM 26.0.2+10-55; scanner=swar),,3,90038,5.42s,40.00ns,1.00ns,66.00ns,0.98us,36.00ns,186.88us
test/unicode/whitespace/unicode,count,0.1.0 (rev 9ee90dfb56),safere/utf8-vector,0.12.0-SNAPSHOT (OpenJDK 64-Bit Server VM 26.0.2+10-55; scanner=vector),,3,86087,5.42s,41.00ns,1.00ns,65.00ns,608.00ns,37.00ns,80.90us
test/unicode/whitespace/unicode,count,0.1.0 (rev 9ee90dfb56),pcre2/jit,10.47 2025-10-21,,3,1000000,632.13ms,45.00ns,1.00ns,49.00ns,361.00ns,42.00ns,245.68us
test/unicode/whitespace/unicode,count,0.1.0 (rev 9ee90dfb56),re2,2025-11-05,,3,1000000,631.37ms,48.00ns,1.00ns,50.00ns,135.00ns,45.00ns,32.80us
test/unicode/whitespace/unicode,count,0.1.0 (rev 9ee90dfb56),re2j,1.8 (OpenJDK 64-Bit Server VM 26.0.2+10-55),,3,102252,5.37s,68.00ns,1.00ns,98.00ns,746.00ns,65.00ns,83.33us
test/unicode/whitespace/unicode,count,0.1.0 (rev 9ee90dfb56),rust/regex,1.12.4,,3,1000000,581.02ms,37.00ns,1.00ns,38.00ns,110.00ns,33.00ns,32.42us
test/unicode/word-boundary/ascii-only,count,0.1.0 (rev 9ee90dfb56),java/hotspot,26.0.2+10-55,,2,1000000,2.89s,31.00ns,1.00ns,41.00ns,191.00ns,28.00ns,82.54us
test/unicode/word-boundary/ascii-only,count,0.1.0 (rev 9ee90dfb56),safere/string,0.12.0-SNAPSHOT (OpenJDK 64-Bit Server VM 26.0.2+10-55; scanner=swar),,2,67551,5.42s,51.00ns,1.00ns,119.00ns,7.59us,46.00ns,1.95ms
test/unicode/word-boundary/ascii-only,count,0.1.0 (rev 9ee90dfb56),safere/utf8,0.12.0-SNAPSHOT (OpenJDK 64-Bit Server VM 26.0.2+10-55; scanner=swar),,2,72537,5.47s,51.00ns,1.00ns,104.00ns,6.63us,47.00ns,1.77ms
test/unicode/word-boundary/ascii-only,count,0.1.0 (rev 9ee90dfb56),safere/utf8-vector,0.12.0-SNAPSHOT (OpenJDK 64-Bit Server VM 26.0.2+10-55; scanner=vector),,2,72335,5.37s,52.00ns,1.00ns,120.00ns,8.67us,47.00ns,2.32ms
test/unicode/word-boundary/ascii-only,count,0.1.0 (rev 9ee90dfb56),pcre2/jit,10.47 2025-10-21,,2,1000000,580.74ms,32.00ns,1.00ns,33.00ns,102.00ns,29.00ns,27.85us
test/unicode/word-boundary/ascii-only,count,0.1.0 (rev 9ee90dfb56),re2,2025-11-05,,2,1000000,631.41ms,46.00ns,1.00ns,47.00ns,82.00ns,42.00ns,24.39us
test/unicode/word-boundary/ascii-only,count,0.1.0 (rev 9ee90dfb56),re2j,1.8 (OpenJDK 64-Bit Server VM 26.0.2+10-55),,2,79644,5.32s,49.00ns,1.00ns,76.00ns,809.00ns,45.00ns,124.80us
test/unicode/word-boundary/ascii-only,count,0.1.0 (rev 9ee90dfb56),rust/regex,1.12.4,,2,1000000,582.73ms,34.00ns,0.00ns,35.00ns,130.00ns,31.00ns,38.70us
test/unicode/word-boundary/unicode-alphabetic,count,0.1.0 (rev 9ee90dfb56),java/hotspot,26.0.2+10-55,,2,1000000,3.09s,41.00ns,1.00ns,95.00ns,31.91us,38.00ns,28.49ms
test/unicode/word-boundary/unicode-alphabetic,count,0.1.0 (rev 9ee90dfb56),safere/string,0.12.0-SNAPSHOT (OpenJDK 64-Bit Server VM 26.0.2+10-55; scanner=swar),,2,70295,5.37s,170.00ns,4.00ns,229.00ns,1.17us,155.00ns,158.98us
test/unicode/word-boundary/unicode-alphabetic,count,0.1.0 (rev 9ee90dfb56),safere/utf8,0.12.0-SNAPSHOT (OpenJDK 64-Bit Server VM 26.0.2+10-55; scanner=swar),,2,61296,5.37s,195.00ns,5.00ns,287.00ns,6.23us,173.00ns,1.49ms
test/unicode/word-boundary/unicode-alphabetic,count,0.1.0 (rev 9ee90dfb56),safere/utf8-vector,0.12.0-SNAPSHOT (OpenJDK 64-Bit Server VM 26.0.2+10-55; scanner=vector),,2,61041,5.42s,196.00ns,4.00ns,277.00ns,6.34us,179.00ns,1.54ms
test/unicode/word-boundary/unicode-alphabetic,count,0.1.0 (rev 9ee90dfb56),pcre2/jit,10.47 2025-10-21,,2,1000000,754.22ms,99.00ns,2.00ns,104.00ns,784.00ns,93.00ns,742.08us
test/unicode/word-boundary/unicode-alphabetic,count,0.1.0 (rev 9ee90dfb56),re2,2025-11-05,,2,1000000,632.07ms,46.00ns,1.00ns,47.00ns,102.00ns,42.00ns,40.75us
test/unicode/word-boundary/unicode-alphabetic,count,0.1.0 (rev 9ee90dfb56),re2j,1.8 (OpenJDK 64-Bit Server VM 26.0.2+10-55),,2,79818,5.32s,50.00ns,1.00ns,74.00ns,793.00ns,46.00ns,109.31us
test/unicode/word-boundary/unicode-alphabetic,count,0.1.0 (rev 9ee90dfb56),rust/regex,1.12.4,,2,1000000,1.08s,259.00ns,4.00ns,271.00ns,281.00ns,246.00ns,76.00us
test/unicode/word-boundary/unicode-join-control,count,0.1.0 (rev 9ee90dfb56),java/hotspot,26.0.2+10-55,,3,1000000,2.94s,42.00ns,1.00ns,97.00ns,32.41us,39.00ns,29.04ms
test/unicode/word-boundary/unicode-join-control,count,0.1.0 (rev 9ee90dfb56),safere/string,0.12.0-SNAPSHOT (OpenJDK 64-Bit Server VM 26.0.2+10-55; scanner=swar),,3,67886,5.37s,176.00ns,4.00ns,235.00ns,1.16us,161.00ns,165.38us
test/unicode/word-boundary/unicode-join-control,count,0.1.0 (rev 9ee90dfb56),safere/utf8,0.12.0-SNAPSHOT (OpenJDK 64-Bit Server VM 26.0.2+10-55; scanner=swar),,3,87063,5.42s,270.00ns,5.00ns,329.00ns,1.28us,248.00ns,174.59us
test/unicode/word-boundary/unicode-join-control,count,0.1.0 (rev 9ee90dfb56),safere/utf8-vector,0.12.0-SNAPSHOT (OpenJDK 64-Bit Server VM 26.0.2+10-55; scanner=vector),,3,86498,5.42s,270.00ns,5.00ns,327.00ns,1.28us,247.00ns,172.54us
test/unicode/word-boundary/unicode-join-control,count,0.1.0 (rev 9ee90dfb56),pcre2/jit,10.47 2025-10-21,,3,1000000,580.88ms,36.00ns,1.00ns,38.00ns,112.00ns,33.00ns,42.05us
test/unicode/word-boundary/unicode-join-control,count,0.1.0 (rev 9ee90dfb56),re2,2025-11-05,,3,1000000,632.68ms,47.00ns,1.00ns,49.00ns,700.00ns,43.00ns,689.44us
test/unicode/word-boundary/unicode-join-control,count,0.1.0 (rev 9ee90dfb56),re2j,1.8 (OpenJDK 64-Bit Server VM 26.0.2+10-55),,3,79378,5.37s,49.00ns,1.00ns,77.00ns,798.00ns,45.00ns,119.94us
test/unicode/word-boundary/unicode-join-control,count,0.1.0 (rev 9ee90dfb56),rust/regex,1.12.4,,3,1000000,1.13s,274.00ns,4.00ns,286.00ns,289.00ns,260.00ns,103.01us
test/unicode/word-boundary/unicode-mark,count,0.1.0 (rev 9ee90dfb56),java/hotspot,26.0.2+10-55,,2,1000000,2.89s,43.00ns,1.00ns,101.00ns,34.53us,39.00ns,31.28ms
test/unicode/word-boundary/unicode-mark,count,0.1.0 (rev 9ee90dfb56),safere/string,0.12.0-SNAPSHOT (OpenJDK 64-Bit Server VM 26.0.2+10-55; scanner=swar),,2,69699,5.37s,172.00ns,3.00ns,223.00ns,820.00ns,159.00ns,47.62us
test/unicode/word-boundary/unicode-mark,count,0.1.0 (rev 9ee90dfb56),safere/utf8,0.12.0-SNAPSHOT (OpenJDK 64-Bit Server VM 26.0.2+10-55; scanner=swar),,2,62382,5.37s,191.00ns,5.00ns,248.00ns,1.43us,171.00ns,155.90us
test/unicode/word-boundary/unicode-mark,count,0.1.0 (rev 9ee90dfb56),safere/utf8-vector,0.12.0-SNAPSHOT (OpenJDK 64-Bit Server VM 26.0.2+10-55; scanner=vector),,2,115364,5.52s,209.00ns,4.00ns,260.00ns,4.48us,193.00ns,1.48ms
test/unicode/word-boundary/unicode-mark,count,0.1.0 (rev 9ee90dfb56),pcre2/jit,10.47 2025-10-21,,2,1000000,735.76ms,99.00ns,2.00ns,104.00ns,313.00ns,91.00ns,196.29us
test/unicode/word-boundary/unicode-mark,count,0.1.0 (rev 9ee90dfb56),re2,2025-11-05,,2,1000000,654.19ms,48.00ns,1.00ns,49.00ns,129.00ns,44.00ns,31.18us
test/unicode/word-boundary/unicode-mark,count,0.1.0 (rev 9ee90dfb56),re2j,1.8 (OpenJDK 64-Bit Server VM 26.0.2+10-55),,2,79610,5.32s,50.00ns,1.00ns,106.00ns,5.70us,46.00ns,1.58ms
test/unicode/word-boundary/unicode-mark,count,0.1.0 (rev 9ee90dfb56),rust/regex,1.12.4,,2,1000000,1.03s,260.00ns,5.00ns,273.00ns,742.00ns,246.00ns,693.73us
test/unicode/word-boundary/unicode-decimal-number,count,0.1.0 (rev 9ee90dfb56),java/hotspot,26.0.2+10-55,,3,1000000,3.11s,43.00ns,1.00ns,98.00ns,32.03us,39.00ns,28.61ms
test/unicode/word-boundary/unicode-decimal-number,count,0.1.0 (rev 9ee90dfb56),safere/string,0.12.0-SNAPSHOT (OpenJDK 64-Bit Server VM 26.0.2+10-55; scanner=swar),,3,66065,5.37s,180.00ns,5.00ns,246.00ns,1.34us,162.00ns,145.66us
test/unicode/word-boundary/unicode-decimal-number,count,0.1.0 (rev 9ee90dfb56),safere/utf8,0.12.0-SNAPSHOT (OpenJDK 64-Bit Server VM 26.0.2+10-55; scanner=swar),,3,88182,5.42s,267.00ns,5.00ns,323.00ns,1.16us,243.00ns,172.29us
test/unicode/word-boundary/unicode-decimal-number,count,0.1.0 (rev 9ee90dfb56),safere/utf8-vector,0.12.0-SNAPSHOT (OpenJDK 64-Bit Server VM 26.0.2+10-55; scanner=vector),,3,87812,5.42s,267.00ns,5.00ns,316.00ns,1.17us,241.00ns,166.14us
test/unicode/word-boundary/unicode-decimal-number,count,0.1.0 (rev 9ee90dfb56),pcre2/jit,10.47 2025-10-21,,3,1000000,732.00ms,106.00ns,1.00ns,111.00ns,202.00ns,99.00ns,46.19us
test/unicode/word-boundary/unicode-decimal-number,count,0.1.0 (rev 9ee90dfb56),re2,2025-11-05,,3,1000000,632.67ms,47.00ns,1.00ns,50.00ns,745.00ns,43.00ns,736.54us
test/unicode/word-boundary/unicode-decimal-number,count,0.1.0 (rev 9ee90dfb56),re2j,1.8 (OpenJDK 64-Bit Server VM 26.0.2+10-55),,3,78155,5.32s,49.00ns,1.00ns,105.00ns,4.72us,45.00ns,1.25ms
test/unicode/word-boundary/unicode-decimal-number,count,0.1.0 (rev 9ee90dfb56),rust/regex,1.12.4,,3,1000000,1.17s,276.00ns,4.00ns,286.00ns,333.00ns,263.00ns,194.56us
test/unicode/word-boundary/unicode-connector-punctuation,count,0.1.0 (rev 9ee90dfb56),java/hotspot,26.0.2+10-55,,3,1000000,2.99s,44.00ns,1.00ns,99.00ns,32.73us,40.00ns,29.34ms
test/unicode/word-boundary/unicode-connector-punctuation,count,0.1.0 (rev 9ee90dfb56),safere/string,0.12.0-SNAPSHOT (OpenJDK 64-Bit Server VM 26.0.2+10-55; scanner=swar),,3,68561,5.37s,175.00ns,5.00ns,234.00ns,1.31us,159.00ns,156.67us
test/unicode/word-boundary/unicode-connector-punctuation,count,0.1.0 (rev 9ee90dfb56),safere/utf8,0.12.0-SNAPSHOT (OpenJDK 64-Bit Server VM 26.0.2+10-55; scanner=swar),,3,86359,5.42s,273.00ns,4.00ns,331.00ns,1.24us,251.00ns,165.89us
test/unicode/word-boundary/unicode-connector-punctuation,count,0.1.0 (rev 9ee90dfb56),safere/utf8-vector,0.12.0-SNAPSHOT (OpenJDK 64-Bit Server VM 26.0.2+10-55; scanner=vector),,3,87282,5.47s,269.00ns,5.00ns,331.00ns,1.44us,243.00ns,205.31us
test/unicode/word-boundary/unicode-connector-punctuation,count,0.1.0 (rev 9ee90dfb56),pcre2/jit,10.47 2025-10-21,,3,1000000,769.88ms,102.00ns,2.00ns,106.00ns,150.00ns,96.00ns,48.00us
test/unicode/word-boundary/unicode-connector-punctuation,count,0.1.0 (rev 9ee90dfb56),re2,2025-11-05,,3,1000000,630.43ms,48.00ns,1.00ns,50.00ns,167.00ns,44.00ns,54.24us
test/unicode/word-boundary/unicode-connector-punctuation,count,0.1.0 (rev 9ee90dfb56),re2j,1.8 (OpenJDK 64-Bit Server VM 26.0.2+10-55),,3,79476,5.37s,49.00ns,1.00ns,91.00ns,4.20us,45.00ns,1.17ms
test/unicode/word-boundary/unicode-connector-punctuation,count,0.1.0 (rev 9ee90dfb56),rust/regex,1.12.4,,3,1000000,1.08s,274.00ns,6.00ns,286.00ns,390.00ns,256.00ns,242.19us
test/unicode/word/ascii-only,count,0.1.0 (rev 9ee90dfb56),java/hotspot,26.0.2+10-55,,2,1000000,2.97s,24.00ns,1.00ns,47.00ns,11.16us,22.00ns,11.15ms
test/unicode/word/ascii-only,count,0.1.0 (rev 9ee90dfb56),safere/string,0.12.0-SNAPSHOT (OpenJDK 64-Bit Server VM 26.0.2+10-55; scanner=swar),,2,117570,5.52s,25.00ns,1.00ns,40.00ns,541.00ns,22.00ns,76.29us
test/unicode/word/ascii-only,count,0.1.0 (rev 9ee90dfb56),safere/utf8,0.12.0-SNAPSHOT (OpenJDK 64-Bit Server VM 26.0.2+10-55; scanner=swar),,2,78442,5.47s,28.00ns,1.00ns,54.00ns,681.00ns,25.00ns,84.35us
test/unicode/word/ascii-only,count,0.1.0 (rev 9ee90dfb56),safere/utf8-vector,0.12.0-SNAPSHOT (OpenJDK 64-Bit Server VM 26.0.2+10-55; scanner=vector),,2,77850,5.42s,28.00ns,1.00ns,56.00ns,770.00ns,25.00ns,112.26us
test/unicode/word/ascii-only,count,0.1.0 (rev 9ee90dfb56),pcre2/jit,10.47 2025-10-21,,2,1000000,580.67ms,27.00ns,0.00ns,29.00ns,739.00ns,25.00ns,732.70us
test/unicode/word/ascii-only,count,0.1.0 (rev 9ee90dfb56),re2,2025-11-05,,2,1000000,631.21ms,46.00ns,1.00ns,49.00ns,746.00ns,42.00ns,724.60us
test/unicode/word/ascii-only,count,0.1.0 (rev 9ee90dfb56),re2j,1.8 (OpenJDK 64-Bit Server VM 26.0.2+10-55),,2,100740,5.37s,70.00ns,1.00ns,97.00ns,586.00ns,64.00ns,48.06us
test/unicode/word/ascii-only,count,0.1.0 (rev 9ee90dfb56),rust/regex,1.12.4,,2,1000000,582.03ms,33.00ns,1.00ns,35.00ns,122.00ns,30.00ns,33.18us
test/unicode/word/unicode-alphabetic,count,0.1.0 (rev 9ee90dfb56),java/hotspot,26.0.2+10-55,,2,1000000,3.09s,30.00ns,1.00ns,65.00ns,21.31us,26.00ns,21.30ms
test/unicode/word/unicode-alphabetic,count,0.1.0 (rev 9ee90dfb56),safere/string,0.12.0-SNAPSHOT (OpenJDK 64-Bit Server VM 26.0.2+10-55; scanner=swar),,2,81332,5.42s,44.00ns,1.00ns,68.00ns,839.00ns,40.00ns,143.62us
test/unicode/word/unicode-alphabetic,count,0.1.0 (rev 9ee90dfb56),safere/utf8,0.12.0-SNAPSHOT (OpenJDK 64-Bit Server VM 26.0.2+10-55; scanner=swar),,2,110862,5.47s,41.00ns,1.00ns,65.00ns,2.27us,33.00ns,596.99us
test/unicode/word/unicode-alphabetic,count,0.1.0 (rev 9ee90dfb56),safere/utf8-vector,0.12.0-SNAPSHOT (OpenJDK 64-Bit Server VM 26.0.2+10-55; scanner=vector),,2,107439,5.52s,37.00ns,1.00ns,56.00ns,720.00ns,33.00ns,168.70us
test/unicode/word/unicode-alphabetic,count,0.1.0 (rev 9ee90dfb56),pcre2/jit,10.47 2025-10-21,,2,1000000,630.37ms,44.00ns,1.00ns,46.00ns,182.00ns,41.00ns,79.10us
test/unicode/word/unicode-alphabetic,count,0.1.0 (rev 9ee90dfb56),re2,2025-11-05,,2,1000000,631.01ms,46.00ns,1.00ns,48.00ns,214.00ns,42.00ns,172.74us
test/unicode/word/unicode-alphabetic,count,0.1.0 (rev 9ee90dfb56),re2j,1.8 (OpenJDK 64-Bit Server VM 26.0.2+10-55),,2,101941,5.37s,70.00ns,1.00ns,108.00ns,5.16us,64.00ns,1.63ms
test/unicode/word/unicode-alphabetic,count,0.1.0 (rev 9ee90dfb56),rust/regex,1.12.4,,2,1000000,658.80ms,35.00ns,1.00ns,36.00ns,122.00ns,31.00ns,48.69us
test/unicode/word/unicode-join-control,count,0.1.0 (rev 9ee90dfb56),java/hotspot,26.0.2+10-55,,3,1000000,3.16s,31.00ns,1.00ns,42.00ns,259.00ns,27.00ns,180.26us
test/unicode/word/unicode-join-control,count,0.1.0 (rev 9ee90dfb56),safere/string,0.12.0-SNAPSHOT (OpenJDK 64-Bit Server VM 26.0.2+10-55; scanner=swar),,3,76495,5.42s,48.00ns,1.00ns,79.00ns,855.00ns,41.00ns,125.82us
test/unicode/word/unicode-join-control,count,0.1.0 (rev 9ee90dfb56),safere/utf8,0.12.0-SNAPSHOT (OpenJDK 64-Bit Server VM 26.0.2+10-55; scanner=swar),,3,76241,5.42s,47.00ns,1.00ns,73.00ns,839.00ns,42.00ns,145.15us
test/unicode/word/unicode-join-control,count,0.1.0 (rev 9ee90dfb56),safere/utf8-vector,0.12.0-SNAPSHOT (OpenJDK 64-Bit Server VM 26.0.2+10-55; scanner=vector),,3,75671,5.47s,47.00ns,1.00ns,76.00ns,900.00ns,42.00ns,183.55us
test/unicode/word/unicode-join-control,count,0.1.0 (rev 9ee90dfb56),pcre2/jit,10.47 2025-10-21,,3,1000000,581.41ms,31.00ns,0.00ns,32.00ns,120.00ns,28.00ns,71.28us
test/unicode/word/unicode-join-control,count,0.1.0 (rev 9ee90dfb56),re2,2025-11-05,,3,1000000,631.81ms,47.00ns,1.00ns,48.00ns,93.00ns,43.00ns,26.57us
test/unicode/word/unicode-join-control,count,0.1.0 (rev 9ee90dfb56),re2j,1.8 (OpenJDK 64-Bit Server VM 26.0.2+10-55),,3,101992,5.37s,68.00ns,1.00ns,110.00ns,5.00us,64.00ns,1.58ms
test/unicode/word/unicode-join-control,count,0.1.0 (rev 9ee90dfb56),rust/regex,1.12.4,,3,1000000,580.89ms,36.00ns,1.00ns,37.00ns,114.00ns,33.00ns,45.79us
test/unicode/word/unicode-mark,count,0.1.0 (rev 9ee90dfb56),java/hotspot,26.0.2+10-55,,2,1000000,3.09s,30.00ns,1.00ns,65.00ns,21.46us,26.00ns,21.37ms
test/unicode/word/unicode-mark,count,0.1.0 (rev 9ee90dfb56),safere/string,0.12.0-SNAPSHOT (OpenJDK 64-Bit Server VM 26.0.2+10-55; scanner=swar),,2,86308,5.42s,43.00ns,1.00ns,68.00ns,790.00ns,37.00ns,117.63us
test/unicode/word/unicode-mark,count,0.1.0 (rev 9ee90dfb56),safere/utf8,0.12.0-SNAPSHOT (OpenJDK 64-Bit Server VM 26.0.2+10-55; scanner=swar),,2,113179,5.47s,35.00ns,1.00ns,50.00ns,647.00ns,31.00ns,161.79us
test/unicode/word/unicode-mark,count,0.1.0 (rev 9ee90dfb56),safere/utf8-vector,0.12.0-SNAPSHOT (OpenJDK 64-Bit Server VM 26.0.2+10-55; scanner=vector),,2,114900,5.52s,35.00ns,1.00ns,47.00ns,562.00ns,31.00ns,135.68us
test/unicode/word/unicode-mark,count,0.1.0 (rev 9ee90dfb56),pcre2/jit,10.47 2025-10-21,,2,1000000,581.02ms,43.00ns,1.00ns,46.00ns,699.00ns,40.00ns,687.94us
test/unicode/word/unicode-mark,count,0.1.0 (rev 9ee90dfb56),re2,2025-11-05,,2,1000000,631.43ms,46.00ns,1.00ns,48.00ns,118.00ns,42.00ns,34.92us
test/unicode/word/unicode-mark,count,0.1.0 (rev 9ee90dfb56),re2j,1.8 (OpenJDK 64-Bit Server VM 26.0.2+10-55),,2,95173,5.37s,74.00ns,1.00ns,100.00ns,817.00ns,66.00ns,132.10us
test/unicode/word/unicode-mark,count,0.1.0 (rev 9ee90dfb56),rust/regex,1.12.4,,2,1000000,600.91ms,36.00ns,1.00ns,37.00ns,251.00ns,32.00ns,204.74us
test/unicode/word/unicode-decimal-number,count,0.1.0 (rev 9ee90dfb56),java/hotspot,26.0.2+10-55,,3,1000000,3.05s,29.00ns,1.00ns,63.00ns,20.80us,26.00ns,20.80ms
test/unicode/word/unicode-decimal-number,count,0.1.0 (rev 9ee90dfb56),safere/string,0.12.0-SNAPSHOT (OpenJDK 64-Bit Server VM 26.0.2+10-55; scanner=swar),,3,75155,5.42s,49.00ns,1.00ns,98.00ns,6.65us,41.00ns,1.80ms
test/unicode/word/unicode-decimal-number,count,0.1.0 (rev 9ee90dfb56),safere/utf8,0.12.0-SNAPSHOT (OpenJDK 64-Bit Server VM 26.0.2+10-55; scanner=swar),,3,79033,5.42s,45.00ns,1.00ns,71.00ns,721.00ns,41.00ns,130.30us
test/unicode/word/unicode-decimal-number,count,0.1.0 (rev 9ee90dfb56),safere/utf8-vector,0.12.0-SNAPSHOT (OpenJDK 64-Bit Server VM 26.0.2+10-55; scanner=vector),,3,76942,5.42s,46.00ns,1.00ns,97.00ns,7.17us,41.00ns,1.98ms
test/unicode/word/unicode-decimal-number,count,0.1.0 (rev 9ee90dfb56),pcre2/jit,10.47 2025-10-21,,3,1000000,580.16ms,45.00ns,1.00ns,47.00ns,115.00ns,42.00ns,36.92us
test/unicode/word/unicode-decimal-number,count,0.1.0 (rev 9ee90dfb56),re2,2025-11-05,,3,1000000,581.90ms,49.00ns,1.00ns,51.00ns,136.00ns,46.00ns,66.30us
test/unicode/word/unicode-decimal-number,count,0.1.0 (rev 9ee90dfb56),re2j,1.8 (OpenJDK 64-Bit Server VM 26.0.2+10-55),,3,102280,5.42s,69.00ns,1.00ns,104.00ns,2.40us,64.00ns,718.85us
test/unicode/word/unicode-decimal-number,count,0.1.0 (rev 9ee90dfb56),rust/regex,1.12.4,,3,1000000,580.85ms,36.00ns,1.00ns,38.00ns,137.00ns,33.00ns,80.07us
test/unicode/word/unicode-connector-punctuation,count,0.1.0 (rev 9ee90dfb56),java/hotspot,26.0.2+10-55,,3,1000000,2.89s,30.00ns,1.00ns,43.00ns,1.84us,26.00ns,1.82ms
test/unicode/word/unicode-connector-punctuation,count,0.1.0 (rev 9ee90dfb56),safere/string,0.12.0-SNAPSHOT (OpenJDK 64-Bit Server VM 26.0.2+10-55; scanner=swar),,3,94193,5.47s,39.00ns,1.00ns,63.00ns,826.00ns,35.00ns,137.47us
test/unicode/word/unicode-connector-punctuation,count,0.1.0 (rev 9ee90dfb56),safere/utf8,0.12.0-SNAPSHOT (OpenJDK 64-Bit Server VM 26.0.2+10-55; scanner=swar),,3,92994,5.47s,40.00ns,1.00ns,90.00ns,7.20us,36.00ns,2.11ms
test/unicode/word/unicode-connector-punctuation,count,0.1.0 (rev 9ee90dfb56),safere/utf8-vector,0.12.0-SNAPSHOT (OpenJDK 64-Bit Server VM 26.0.2+10-55; scanner=vector),,3,90923,5.47s,41.00ns,1.00ns,82.00ns,5.85us,37.00ns,1.75ms
test/unicode/word/unicode-connector-punctuation,count,0.1.0 (rev 9ee90dfb56),pcre2/jit,10.47 2025-10-21,,3,1000000,641.39ms,45.00ns,1.00ns,46.00ns,114.00ns,41.00ns,32.98us
test/unicode/word/unicode-connector-punctuation,count,0.1.0 (rev 9ee90dfb56),re2,2025-11-05,,3,1000000,630.74ms,47.00ns,1.00ns,48.00ns,107.00ns,43.00ns,58.86us
test/unicode/word/unicode-connector-punctuation,count,0.1.0 (rev 9ee90dfb56),re2j,1.8 (OpenJDK 64-Bit Server VM 26.0.2+10-55),,3,102519,5.37s,70.00ns,1.00ns,108.00ns,5.49us,65.00ns,1.75ms
test/unicode/word/unicode-connector-punctuation,count,0.1.0 (rev 9ee90dfb56),rust/regex,1.12.4,,3,1000000,580.05ms,35.00ns,1.00ns,37.00ns,135.00ns,32.00ns,31.29us
unicode/codepoints/any-one,count,0.1.0 (rev 9ee90dfb56),pcre2/jit,10.47 2025-10-21,,4382592,147,4.56s,20.28ms,191.08us,20.43ms,593.66us,19.55ms,23.10ms
unicode/codepoints/any-one,count,0.1.0 (rev 9ee90dfb56),re2,2025-11-05,,4382592,36,4.61s,85.14ms,335.88us,85.09ms,493.74us,84.10ms,86.13ms
unicode/codepoints/any-one,count,0.1.0 (rev 9ee90dfb56),re2j,1.8 (OpenJDK 64-Bit Server VM 26.0.2+10-55),,4382592,32,5.52s,95.29ms,589.82us,95.32ms,1.33ms,93.59ms,100.66ms
unicode/codepoints/any-one,count,0.1.0 (rev 9ee90dfb56),rust/regex,1.12.4,,4382592,196,4.56s,15.28ms,129.41us,15.37ms,339.88us,14.95ms,18.00ms
unicode/codepoints/any-one,count,0.1.0 (rev 9ee90dfb56),safere/string,0.12.0-SNAPSHOT (OpenJDK 64-Bit Server VM 26.0.2+10-55; scanner=swar),,4382592,49,5.52s,61.21ms,786.43us,61.62ms,1.70ms,60.16ms,69.99ms
unicode/codepoints/any-one,count,0.1.0 (rev 9ee90dfb56),safere/utf8,0.12.0-SNAPSHOT (OpenJDK 64-Bit Server VM 26.0.2+10-55; scanner=swar),,4382592,29,5.52s,103.81ms,655.36us,103.77ms,1.56ms,101.71ms,110.10ms
unicode/codepoints/any-one,count,0.1.0 (rev 9ee90dfb56),safere/utf8-vector,0.12.0-SNAPSHOT (OpenJDK 64-Bit Server VM 26.0.2+10-55; scanner=vector),,4382592,30,5.62s,101.12ms,524.29us,101.06ms,0.99ms,98.83ms,103.94ms
unicode/codepoints/any-all,count-spans,0.1.0 (rev 9ee90dfb56),safere/string,0.12.0-SNAPSHOT (OpenJDK 64-Bit Server VM 26.0.2+10-55; scanner=swar),,4382592,149,5.31s,20.05ms,196.61us,20.13ms,393.29us,19.56ms,22.68ms
unicode/codepoints/any-all,count-spans,0.1.0 (rev 9ee90dfb56),safere/utf8,0.12.0-SNAPSHOT (OpenJDK 64-Bit Server VM 26.0.2+10-55; scanner=swar),,4382592,101,5.37s,29.82ms,196.61us,29.95ms,568.24us,29.16ms,33.55ms
unicode/codepoints/any-all,count-spans,0.1.0 (rev 9ee90dfb56),safere/utf8-vector,0.12.0-SNAPSHOT (OpenJDK 64-Bit Server VM 26.0.2+10-55; scanner=vector),,4382592,100,5.37s,29.98ms,229.38us,30.18ms,736.59us,29.26ms,35.72ms
unicode/codepoints/any-all,count-spans,0.1.0 (rev 9ee90dfb56),pcre2/jit,10.47 2025-10-21,,4382592,1169,4.57s,2.54ms,68.40us,2.57ms,204.07us,2.29ms,5.80ms
unicode/codepoints/any-all,count-spans,0.1.0 (rev 9ee90dfb56),re2,2025-11-05,,4382592,308,4.56s,9.66ms,78.31us,9.74ms,348.23us,9.51ms,14.54ms
unicode/codepoints/any-all,count-spans,0.1.0 (rev 9ee90dfb56),re2j,1.8 (OpenJDK 64-Bit Server VM 26.0.2+10-55),,4382592,78,5.27s,38.47ms,262.14us,38.79ms,1.26ms,37.95ms,45.94ms
unicode/codepoints/any-all,count-spans,0.1.0 (rev 9ee90dfb56),rust/regex,1.12.4,,4382592,257,4.56s,11.66ms,155.30us,11.71ms,286.70us,11.28ms,13.81ms
unicode/codepoints/letters-one,count,0.1.0 (rev 9ee90dfb56),safere/string,0.12.0-SNAPSHOT (OpenJDK 64-Bit Server VM 26.0.2+10-55; scanner=swar),,4382592,172,5.87s,17.27ms,131.07us,17.44ms,748.77us,16.76ms,25.46ms
unicode/codepoints/letters-one,count,0.1.0 (rev 9ee90dfb56),safere/utf8,0.12.0-SNAPSHOT (OpenJDK 64-Bit Server VM 26.0.2+10-55; scanner=swar),,4382592,165,5.71s,18.09ms,131.07us,18.21ms,522.20us,17.56ms,22.61ms
unicode/codepoints/letters-one,count,0.1.0 (rev 9ee90dfb56),safere/utf8-vector,0.12.0-SNAPSHOT (OpenJDK 64-Bit Server VM 26.0.2+10-55; scanner=vector),,4382592,159,5.72s,18.78ms,131.07us,18.86ms,394.14us,18.28ms,21.56ms
unicode/codepoints/letters-one,count,0.1.0 (rev 9ee90dfb56),pcre2/jit,10.47 2025-10-21,,4382592,511,4.56s,5.84ms,68.26us,5.87ms,174.24us,5.62ms,7.17ms
unicode/codepoints/letters-one,count,0.1.0 (rev 9ee90dfb56),re2,2025-11-05,,4382592,2,5.62s,1.87s,47.32ms,1.87s,47.32ms,1.83s,1.92s
unicode/codepoints/letters-one,count,0.1.0 (rev 9ee90dfb56),re2j,1.8 (OpenJDK 64-Bit Server VM 26.0.2+10-55),,4382592,20,5.57s,150.86ms,655.36us,151.06ms,1.46ms,148.64ms,155.71ms
unicode/codepoints/letters-one,count,0.1.0 (rev 9ee90dfb56),rust/regex,1.12.4,,4382592,6,4.61s,504.83ms,1.34ms,505.34ms,1.79ms,503.40ms,507.72ms
unicode/codepoints/letters-alt,count,0.1.0 (rev 9ee90dfb56),rust/regex,1.12.4,,4382592,6,4.61s,506.59ms,2.68ms,509.15ms,5.74ms,503.41ms,517.55ms
unicode/codepoints/letters-lower-or-upper,count,0.1.0 (rev 9ee90dfb56),rust/regex,1.12.4,,4382592,540,4.56s,5.51ms,68.81us,5.56ms,172.06us,5.33ms,6.34ms
unicode/codepoints/letters-lower-or-upper,count,0.1.0 (rev 9ee90dfb56),pcre2/jit,10.47 2025-10-21,,4382592,318,4.56s,9.40ms,122.12us,9.45ms,530.57us,9.05ms,18.01ms
unicode/codepoints/contiguous-greek,count,0.1.0 (rev 9ee90dfb56),pcre2/jit,10.47 2025-10-21,,4382592,529,4.56s,5.61ms,100.90us,5.67ms,237.41us,5.34ms,7.16ms
unicode/codepoints/contiguous-greek,count,0.1.0 (rev 9ee90dfb56),re2,2025-11-05,,4382592,650,4.56s,4.56ms,35.83us,4.62ms,256.20us,4.43ms,9.51ms
unicode/codepoints/contiguous-greek,count,0.1.0 (rev 9ee90dfb56),re2j,1.8 (OpenJDK 64-Bit Server VM 26.0.2+10-55),,4382592,84,5.32s,35.72ms,196.61us,35.90ms,683.81us,35.26ms,40.96ms
unicode/codepoints/contiguous-greek,count,0.1.0 (rev 9ee90dfb56),rust/regex,1.12.4,,4382592,545,4.56s,5.47ms,39.94us,5.51ms,163.19us,5.31ms,7.67ms
unicode/compile/one-letter,compile,0.1.0 (rev 9ee90dfb56),pcre2/jit,10.47 2025-10-21,,,450154,4.73s,3.22us,25.00ns,3.48us,7.32us,3.08us,1.44ms
unicode/compile/one-letter,compile,0.1.0 (rev 9ee90dfb56),re2,2025-11-05,,,1548,4.51s,512.36us,8.48us,520.22us,36.65us,483.50us,1.28ms
unicode/compile/one-letter,compile,0.1.0 (rev 9ee90dfb56),rust/regex,1.12.4,,,17086,4.51s,153.54us,2.82us,157.83us,19.31us,145.85us,0.96ms
unicode/compile/fifty-letters,compile,0.1.0 (rev 9ee90dfb56),pcre2/jit,10.47 2025-10-21,,,515013,4.78s,3.34us,38.00ns,3.62us,8.54us,3.14us,1.17ms
unicode/compile/fifty-letters,compile,0.1.0 (rev 9ee90dfb56),re2,2025-11-05,,,180,4.56s,16.04ms,329.55us,16.20ms,844.86us,15.33ms,25.22ms
unicode/compile/fifty-letters,compile,0.1.0 (rev 9ee90dfb56),rust/regex,1.12.4,,,378,4.51s,7.45ms,131.06us,7.53ms,304.79us,7.15ms,9.08ms
unicode/compile/fifty-letters-ascii,compile,0.1.0 (rev 9ee90dfb56),rust/regex,1.12.4,,,82675,4.56s,12.66us,292.00ns,13.27us,6.41us,11.61us,811.35us
unicode/compile/fifty-letters-ascii,compile,0.1.0 (rev 9ee90dfb56),re2,2025-11-05,,,47509,4.56s,8.89us,124.00ns,9.21us,2.05us,8.39us,228.21us
unicode/compile/fifty-letters-ascii,compile,0.1.0 (rev 9ee90dfb56),pcre2/jit,10.47 2025-10-21,,,579089,4.78s,2.87us,56.00ns,3.14us,8.73us,2.68us,2.13ms
unicode/compile/match-every-line,compile,0.1.0 (rev 9ee90dfb56),pcre2/jit,10.47 2025-10-21,,,429276,4.73s,4.29us,48.00ns,4.64us,8.82us,4.03us,1.33ms
unicode/compile/match-every-line,compile,0.1.0 (rev 9ee90dfb56),re2,2025-11-05,,,227327,4.62s,3.11us,60.00ns,3.24us,2.99us,2.85us,870.63us
unicode/compile/match-every-line,compile,0.1.0 (rev 9ee90dfb56),rust/regex,1.12.4,,,45196,4.56s,62.31us,838.00ns,65.22us,11.32us,59.61us,802.84us
unicode/compile/match-every-line-ascii,compile,0.1.0 (rev 9ee90dfb56),rust/regex,1.12.4,,,198566,4.62s,13.79us,184.00ns,14.34us,4.61us,13.20us,747.28us
unicode/compile/match-every-line-ascii,compile,0.1.0 (rev 9ee90dfb56),re2,2025-11-05,,,358296,4.67s,2.12us,41.00ns,2.22us,0.95us,1.97us,70.49us
unicode/compile/match-every-line-ascii,compile,0.1.0 (rev 9ee90dfb56),pcre2/jit,10.47 2025-10-21,,,536553,4.78s,3.10us,31.00ns,3.36us,7.28us,2.93us,764.02us
unicode/compile/negated-class-matches-codepoint,compile,0.1.0 (rev 9ee90dfb56),pcre2/jit,10.47 2025-10-21,,,573499,4.78s,2.93us,32.00ns,3.18us,8.20us,2.78us,1.16ms
unicode/compile/negated-class-matches-codepoint,compile,0.1.0 (rev 9ee90dfb56),re2,2025-11-05,,,419301,4.74s,2.33us,53.00ns,2.42us,1.47us,2.12us,730.98us
unicode/compile/negated-class-matches-codepoint,compile,0.1.0 (rev 9ee90dfb56),rust/regex,1.12.4,,,60172,4.56s,47.24us,390.00ns,49.05us,10.18us,45.75us,874.34us
unicode/compile/huge-character-class,compile,0.1.0 (rev 9ee90dfb56),rust/regex,1.12.4,,,3037,4.51s,928.69us,11.52us,941.35us,52.47us,880.24us,1.71ms
unicode/overlapping-words/ascii,grep-captures,0.1.0 (rev 9ee90dfb56),java/hotspot,26.0.2+10-55,,61436,760,4.61s,3.89ms,38.72us,3.95ms,222.68us,3.78ms,6.47ms
unicode/overlapping-words/ascii,grep-captures,0.1.0 (rev 9ee90dfb56),safere/string,0.12.0-SNAPSHOT (OpenJDK 64-Bit Server VM 26.0.2+10-55; scanner=swar),,61436,251,5.37s,11.88ms,196.61us,11.99ms,495.20us,11.39ms,14.79ms
unicode/overlapping-words/ascii,grep-captures,0.1.0 (rev 9ee90dfb56),safere/utf8,0.12.0-SNAPSHOT (OpenJDK 64-Bit Server VM 26.0.2+10-55; scanner=swar),,61436,258,5.41s,11.52ms,147.46us,11.66ms,487.03us,11.09ms,14.35ms
unicode/overlapping-words/ascii,grep-captures,0.1.0 (rev 9ee90dfb56),safere/utf8-vector,0.12.0-SNAPSHOT (OpenJDK 64-Bit Server VM 26.0.2+10-55; scanner=vector),,61436,257,5.36s,11.57ms,114.69us,11.67ms,397.26us,11.29ms,14.14ms
unicode/overlapping-words/ascii,grep-captures,0.1.0 (rev 9ee90dfb56),pcre2/jit,10.47 2025-10-21,,61436,4070,4.51s,724.33us,10.02us,737.00us,74.53us,684.62us,2.95ms
unicode/overlapping-words/ascii,grep-captures,0.1.0 (rev 9ee90dfb56),re2,2025-11-05,,61436,2048,4.51s,1.45ms,10.60us,1.47ms,81.31us,1.41ms,3.62ms
unicode/overlapping-words/ascii,grep-captures,0.1.0 (rev 9ee90dfb56),re2j,1.8 (OpenJDK 64-Bit Server VM 26.0.2+10-55),,61436,87,5.16s,34.28ms,327.68us,34.47ms,925.74us,33.62ms,41.03ms
unicode/overlapping-words/ascii,grep-captures,0.1.0 (rev 9ee90dfb56),rust/regex,1.12.4,,61436,2862,4.51s,1.04ms,7.15us,1.05ms,51.00us,1.01ms,2.00ms
unicode/overlapping-words/english,grep-captures,0.1.0 (rev 9ee90dfb56),java/hotspot,26.0.2+10-55,,61436,866,4.66s,3.40ms,34.87us,3.47ms,312.18us,3.26ms,10.35ms
unicode/overlapping-words/english,grep-captures,0.1.0 (rev 9ee90dfb56),safere/string,0.12.0-SNAPSHOT (OpenJDK 64-Bit Server VM 26.0.2+10-55; scanner=swar),,61436,249,5.56s,11.93ms,114.69us,12.04ms,381.39us,11.47ms,14.42ms
unicode/overlapping-words/english,grep-captures,0.1.0 (rev 9ee90dfb56),safere/utf8,0.12.0-SNAPSHOT (OpenJDK 64-Bit Server VM 26.0.2+10-55; scanner=swar),,61436,256,5.57s,11.58ms,131.07us,11.73ms,782.78us,11.09ms,21.33ms
unicode/overlapping-words/english,grep-captures,0.1.0 (rev 9ee90dfb56),safere/utf8-vector,0.12.0-SNAPSHOT (OpenJDK 64-Bit Server VM 26.0.2+10-55; scanner=vector),,61436,256,5.56s,11.60ms,98.30us,11.73ms,458.06us,11.32ms,15.16ms
unicode/overlapping-words/english,grep-captures,0.1.0 (rev 9ee90dfb56),pcre2/jit,10.47 2025-10-21,,61436,1848,4.51s,1.60ms,14.75us,1.62ms,163.60us,1.53ms,5.19ms
unicode/overlapping-words/english,grep-captures,0.1.0 (rev 9ee90dfb56),re2,2025-11-05,,61436,37,4.71s,82.25ms,685.25us,82.72ms,1.57ms,80.94ms,90.00ms
unicode/overlapping-words/english,grep-captures,0.1.0 (rev 9ee90dfb56),re2j,1.8 (OpenJDK 64-Bit Server VM 26.0.2+10-55),,61436,87,5.16s,34.60ms,524.29us,34.83ms,0.96ms,33.69ms,39.45ms
unicode/overlapping-words/english,grep-captures,0.1.0 (rev 9ee90dfb56),rust/regex,1.12.4,,61436,285,4.56s,10.48ms,66.80us,10.56ms,477.02us,10.18ms,17.89ms
unicode/overlapping-words/russian,grep-captures,0.1.0 (rev 9ee90dfb56),java/hotspot,26.0.2+10-55,,61403,1127,4.66s,2.61ms,26.74us,2.66ms,281.65us,2.54ms,9.81ms
unicode/overlapping-words/russian,grep-captures,0.1.0 (rev 9ee90dfb56),safere/string,0.12.0-SNAPSHOT (OpenJDK 64-Bit Server VM 26.0.2+10-55; scanner=swar),,61403,348,5.57s,8.50ms,81.92us,8.62ms,368.45us,8.27ms,11.16ms
unicode/overlapping-words/russian,grep-captures,0.1.0 (rev 9ee90dfb56),safere/utf8,0.12.0-SNAPSHOT (OpenJDK 64-Bit Server VM 26.0.2+10-55; scanner=swar),,61403,350,5.57s,8.49ms,81.92us,8.58ms,415.73us,8.20ms,13.22ms
unicode/overlapping-words/russian,grep-captures,0.1.0 (rev 9ee90dfb56),safere/utf8-vector,0.12.0-SNAPSHOT (OpenJDK 64-Bit Server VM 26.0.2+10-55; scanner=vector),,61403,349,5.56s,8.49ms,81.92us,8.61ms,504.79us,8.32ms,14.86ms
unicode/overlapping-words/russian,grep-captures,0.1.0 (rev 9ee90dfb56),pcre2/jit,10.47 2025-10-21,,61403,3001,4.51s,0.98ms,14.48us,1.00ms,66.20us,938.68us,2.06ms
unicode/overlapping-words/russian,grep-captures,0.1.0 (rev 9ee90dfb56),re2,2025-11-05,,61403,30,4.66s,99.73ms,500.11us,100.28ms,1.65ms,98.83ms,107.14ms
unicode/overlapping-words/russian,grep-captures,0.1.0 (rev 9ee90dfb56),re2j,1.8 (OpenJDK 64-Bit Server VM 26.0.2+10-55),,61403,90,5.16s,33.08ms,278.53us,33.45ms,1.05ms,32.41ms,38.60ms
unicode/overlapping-words/russian,grep-captures,0.1.0 (rev 9ee90dfb56),rust/regex,1.12.4,,61403,256,4.56s,11.68ms,93.78us,11.73ms,226.24us,11.30ms,12.53ms
unicode/word/boundary-any-english,count-spans,0.1.0 (rev 9ee90dfb56),pcre2/jit,10.47 2025-10-21,,613357,763,4.51s,3.90ms,33.60us,3.93ms,154.09us,3.76ms,5.44ms
unicode/word/boundary-any-english,count-spans,0.1.0 (rev 9ee90dfb56),re2,2025-11-05,,613357,254,4.56s,11.79ms,140.65us,11.84ms,308.65us,11.37ms,13.48ms
unicode/word/boundary-any-english,count-spans,0.1.0 (rev 9ee90dfb56),re2j,1.8 (OpenJDK 64-Bit Server VM 26.0.2+10-55),,613357,101,5.22s,29.33ms,327.68us,29.70ms,0.96ms,28.61ms,34.47ms
unicode/word/boundary-any-english,count-spans,0.1.0 (rev 9ee90dfb56),rust/regex,1.12.4,,613357,479,4.51s,6.22ms,44.93us,6.27ms,204.57us,6.06ms,9.02ms
unicode/word/boundary-any-english,count-spans,0.1.0 (rev 9ee90dfb56),safere/string,0.12.0-SNAPSHOT (OpenJDK 64-Bit Server VM 26.0.2+10-55; scanner=swar),,613357,241,5.37s,12.32ms,131.07us,12.47ms,492.42us,11.83ms,15.60ms
unicode/word/boundary-any-english,count-spans,0.1.0 (rev 9ee90dfb56),safere/utf8,0.12.0-SNAPSHOT (OpenJDK 64-Bit Server VM 26.0.2+10-55; scanner=swar),,613357,245,5.32s,12.09ms,131.07us,12.25ms,451.72us,11.58ms,14.27ms
unicode/word/boundary-any-english,count-spans,0.1.0 (rev 9ee90dfb56),safere/utf8-vector,0.12.0-SNAPSHOT (OpenJDK 64-Bit Server VM 26.0.2+10-55; scanner=vector),,613357,243,5.36s,12.14ms,131.07us,12.37ms,718.88us,11.86ms,20.35ms
unicode/word/boundary-any-russian,count-spans,0.1.0 (rev 9ee90dfb56),safere/string,0.12.0-SNAPSHOT (OpenJDK 64-Bit Server VM 26.0.2+10-55; scanner=swar),,613423,395,5.42s,7.44ms,73.73us,7.59ms,719.57us,7.18ms,18.12ms
unicode/word/boundary-any-russian,count-spans,0.1.0 (rev 9ee90dfb56),safere/utf8,0.12.0-SNAPSHOT (OpenJDK 64-Bit Server VM 26.0.2+10-55; scanner=swar),,613423,282,5.42s,10.47ms,114.69us,10.65ms,567.06us,10.19ms,15.01ms
unicode/word/boundary-any-russian,count-spans,0.1.0 (rev 9ee90dfb56),safere/utf8-vector,0.12.0-SNAPSHOT (OpenJDK 64-Bit Server VM 26.0.2+10-55; scanner=vector),,613423,276,5.41s,10.72ms,114.69us,10.87ms,476.22us,10.37ms,14.11ms
unicode/word/boundary-any-russian,count-spans,0.1.0 (rev 9ee90dfb56),pcre2/jit,10.47 2025-10-21,,613423,975,4.51s,3.05ms,25.45us,3.08ms,103.66us,2.99ms,4.41ms
unicode/word/boundary-any-russian,count-spans,0.1.0 (rev 9ee90dfb56),rust/regex,1.12.4,,613423,95,4.56s,31.65ms,291.89us,31.78ms,571.15us,31.06ms,34.86ms
unicode/word/boundary-long-english,count-spans,0.1.0 (rev 9ee90dfb56),pcre2/jit,10.47 2025-10-21,,613357,1034,4.51s,2.86ms,38.52us,2.90ms,148.02us,2.76ms,4.40ms
unicode/word/boundary-long-english,count-spans,0.1.0 (rev 9ee90dfb56),re2,2025-11-05,,613357,4461,4.51s,658.09us,7.60us,672.43us,52.14us,642.62us,2.11ms
unicode/word/boundary-long-english,count-spans,0.1.0 (rev 9ee90dfb56),re2j,1.8 (OpenJDK 64-Bit Server VM 26.0.2+10-55),,613357,169,5.12s,17.69ms,98.30us,17.78ms,433.05us,17.04ms,20.45ms
unicode/word/boundary-long-english,count-spans,0.1.0 (rev 9ee90dfb56),rust/regex,1.12.4,,613357,3807,4.51s,777.05us,8.41us,788.06us,69.84us,752.38us,2.65ms
unicode/word/boundary-long-english,count-spans,0.1.0 (rev 9ee90dfb56),safere/string,0.12.0-SNAPSHOT (OpenJDK 64-Bit Server VM 26.0.2+10-55; scanner=swar),,613357,3001,5.27s,0.99ms,14.34us,1.00ms,86.76us,904.19us,3.40ms
unicode/word/boundary-long-english,count-spans,0.1.0 (rev 9ee90dfb56),safere/utf8,0.12.0-SNAPSHOT (OpenJDK 64-Bit Server VM 26.0.2+10-55; scanner=swar),,613357,3280,5.26s,896.00us,12.29us,913.67us,78.51us,863.23us,2.67ms
unicode/word/boundary-long-english,count-spans,0.1.0 (rev 9ee90dfb56),safere/utf8-vector,0.12.0-SNAPSHOT (OpenJDK 64-Bit Server VM 26.0.2+10-55; scanner=vector),,613357,3276,5.27s,900.10us,7.17us,914.59us,63.45us,862.21us,2.56ms
unicode/word/boundary-long-russian,count-spans,0.1.0 (rev 9ee90dfb56),safere/string,0.12.0-SNAPSHOT (OpenJDK 64-Bit Server VM 26.0.2+10-55; scanner=swar),,613423,1356,5.41s,2.17ms,71.68us,2.21ms,137.90us,2.04ms,3.33ms
unicode/word/boundary-long-russian,count-spans,0.1.0 (rev 9ee90dfb56),safere/utf8,0.12.0-SNAPSHOT (OpenJDK 64-Bit Server VM 26.0.2+10-55; scanner=swar),,613423,1019,5.41s,2.91ms,36.86us,2.94ms,138.87us,2.77ms,4.08ms
unicode/word/boundary-long-russian,count-spans,0.1.0 (rev 9ee90dfb56),safere/utf8-vector,0.12.0-SNAPSHOT (OpenJDK 64-Bit Server VM 26.0.2+10-55; scanner=vector),,613423,1056,5.41s,2.81ms,40.96us,2.84ms,154.31us,2.59ms,4.42ms
unicode/word/boundary-long-russian,count-spans,0.1.0 (rev 9ee90dfb56),pcre2/jit,10.47 2025-10-21,,613423,889,4.51s,3.32ms,48.52us,3.38ms,257.76us,3.17ms,8.30ms
unicode/word/boundary-long-russian,count-spans,0.1.0 (rev 9ee90dfb56),rust/regex,1.12.4,,613423,150,4.56s,20.06ms,150.09us,20.13ms,278.67us,19.75ms,21.53ms
unicode/word/around-holmes-english,count-spans,0.1.0 (rev 9ee90dfb56),pcre2/jit,10.47 2025-10-21,,613357,1410,4.51s,2.09ms,31.44us,2.13ms,205.26us,2.03ms,8.51ms
unicode/word/around-holmes-english,count-spans,0.1.0 (rev 9ee90dfb56),re2,2025-11-05,,613357,4657,4.51s,636.88us,8.29us,644.23us,40.14us,628.33us,1.45ms
unicode/word/around-holmes-english,count-spans,0.1.0 (rev 9ee90dfb56),re2j,1.8 (OpenJDK 64-Bit Server VM 26.0.2+10-55),,613357,107,5.16s,27.98ms,327.68us,28.16ms,922.27us,27.23ms,35.26ms
unicode/word/around-holmes-english,count-spans,0.1.0 (rev 9ee90dfb56),rust/regex,1.12.4,,613357,180389,4.64s,16.08us,138.00ns,16.57us,7.29us,15.68us,760.43us
unicode/word/around-holmes-english,count-spans,0.1.0 (rev 9ee90dfb56),safere/string,0.12.0-SNAPSHOT (OpenJDK 64-Bit Server VM 26.0.2+10-55; scanner=swar),,613357,1327,5.27s,2.22ms,16.38us,2.26ms,125.78us,2.19ms,4.17ms
unicode/word/around-holmes-english,count-spans,0.1.0 (rev 9ee90dfb56),safere/utf8,0.12.0-SNAPSHOT (OpenJDK 64-Bit Server VM 26.0.2+10-55; scanner=swar),,613357,1226,5.27s,2.40ms,28.67us,2.44ms,128.26us,2.33ms,4.09ms
unicode/word/around-holmes-english,count-spans,0.1.0 (rev 9ee90dfb56),safere/utf8-vector,0.12.0-SNAPSHOT (OpenJDK 64-Bit Server VM 26.0.2+10-55; scanner=vector),,613357,1268,5.27s,2.32ms,12.29us,2.36ms,124.57us,2.29ms,3.87ms
unicode/word/around-holmes-russian,count-spans,0.1.0 (rev 9ee90dfb56),safere/string,0.12.0-SNAPSHOT (OpenJDK 64-Bit Server VM 26.0.2+10-55; scanner=swar),,613423,1276,5.31s,2.31ms,20.48us,2.35ms,119.71us,2.23ms,3.61ms
unicode/word/around-holmes-russian,count-spans,0.1.0 (rev 9ee90dfb56),safere/utf8,0.12.0-SNAPSHOT (OpenJDK 64-Bit Server VM 26.0.2+10-55; scanner=swar),,613423,906,5.36s,3.29ms,73.73us,3.31ms,165.67us,2.94ms,4.47ms
unicode/word/around-holmes-russian,count-spans,0.1.0 (rev 9ee90dfb56),safere/utf8-vector,0.12.0-SNAPSHOT (OpenJDK 64-Bit Server VM 26.0.2+10-55; scanner=vector),,613423,977,5.36s,3.04ms,65.54us,3.07ms,152.07us,2.86ms,5.29ms
unicode/word/around-holmes-russian,count-spans,0.1.0 (rev 9ee90dfb56),pcre2/jit,10.47 2025-10-21,,613423,1509,4.51s,1.96ms,17.66us,1.99ms,110.98us,1.89ms,3.96ms
unicode/word/around-holmes-russian,count-spans,0.1.0 (rev 9ee90dfb56),rust/regex,1.12.4,,613423,132,4.56s,22.62ms,157.93us,22.83ms,682.61us,21.94ms,27.85ms
wild/bibleref/compile,compile,0.1.0 (rev 9ee90dfb56),pcre2/jit,10.47 2025-10-21,,,70038,4.57s,31.28us,190.00ns,32.86us,11.01us,29.86us,828.35us
wild/bibleref/compile,compile,0.1.0 (rev 9ee90dfb56),re2,2025-11-05,,,2165,4.51s,457.76us,7.57us,466.32us,34.83us,437.20us,1.22ms
wild/bibleref/compile,compile,0.1.0 (rev 9ee90dfb56),rust/regex,1.12.4,,,7294,4.51s,369.88us,9.22us,378.15us,38.86us,347.28us,1.79ms
wild/bibleref/long,count-captures,0.1.0 (rev 9ee90dfb56),rust/regex,1.12.4,,613357,3692,4.51s,802.99us,9.65us,812.47us,53.07us,790.11us,2.50ms
wild/bibleref/long,count-captures,0.1.0 (rev 9ee90dfb56),re2,2025-11-05,,613357,3442,4.51s,859.57us,12.04us,871.57us,54.82us,823.67us,1.81ms
wild/bibleref/long,count-captures,0.1.0 (rev 9ee90dfb56),re2j,1.8 (OpenJDK 64-Bit Server VM 26.0.2+10-55),,613357,42,5.36s,72.35ms,458.75us,72.72ms,1.31ms,71.43ms,77.33ms
wild/bibleref/long,count-captures,0.1.0 (rev 9ee90dfb56),pcre2/jit,10.47 2025-10-21,,613357,290,4.51s,10.25ms,126.02us,10.35ms,403.04us,9.84ms,13.67ms
wild/bibleref/long,count-captures,0.1.0 (rev 9ee90dfb56),safere/string,0.12.0-SNAPSHOT (OpenJDK 64-Bit Server VM 26.0.2+10-55; scanner=swar),,613357,1541,5.52s,1.92ms,28.67us,1.95ms,135.40us,1.82ms,5.69ms
wild/bibleref/long,count-captures,0.1.0 (rev 9ee90dfb56),safere/utf8,0.12.0-SNAPSHOT (OpenJDK 64-Bit Server VM 26.0.2+10-55; scanner=swar),,613357,2788,5.51s,1.05ms,18.43us,1.07ms,85.72us,0.99ms,3.10ms
wild/bibleref/long,count-captures,0.1.0 (rev 9ee90dfb56),safere/utf8-vector,0.12.0-SNAPSHOT (OpenJDK 64-Bit Server VM 26.0.2+10-55; scanner=vector),,613357,2940,5.62s,1.00ms,10.24us,1.02ms,84.02us,0.95ms,3.67ms
wild/bibleref/short,count-captures,0.1.0 (rev 9ee90dfb56),pcre2/jit,10.47 2025-10-21,,43,1000000,1.04s,258.00ns,4.00ns,273.00ns,1.18us,245.00ns,686.72us
wild/bibleref/short,count-captures,0.1.0 (rev 9ee90dfb56),re2,2025-11-05,,43,509098,4.78s,5.63us,91.00ns,5.85us,2.85us,5.22us,757.80us
wild/bibleref/short,count-captures,0.1.0 (rev 9ee90dfb56),re2j,1.8 (OpenJDK 64-Bit Server VM 26.0.2+10-55),,43,57132,5.27s,12.62us,192.00ns,13.31us,17.12us,12.02us,1.76ms
wild/bibleref/short,count-captures,0.1.0 (rev 9ee90dfb56),rust/regex,1.12.4,,43,1000000,2.44s,900.00ns,11.00ns,937.00ns,1.20us,848.00ns,702.97us
wild/bibleref/short,count-captures,0.1.0 (rev 9ee90dfb56),safere/string,0.12.0-SNAPSHOT (OpenJDK 64-Bit Server VM 26.0.2+10-55; scanner=swar),,43,112552,5.77s,1.61us,20.00ns,1.75us,5.92us,1.52us,1.63ms
wild/bibleref/short,count-captures,0.1.0 (rev 9ee90dfb56),safere/utf8,0.12.0-SNAPSHOT (OpenJDK 64-Bit Server VM 26.0.2+10-55; scanner=swar),,43,113753,5.82s,1.61us,28.00ns,1.70us,2.42us,1.50us,691.20us
wild/bibleref/short,count-captures,0.1.0 (rev 9ee90dfb56),safere/utf8-vector,0.12.0-SNAPSHOT (OpenJDK 64-Bit Server VM 26.0.2+10-55; scanner=vector),,43,115643,5.88s,1.58us,24.00ns,1.70us,7.40us,1.48us,2.37ms
wild/bibleref/line,grep-captures,0.1.0 (rev 9ee90dfb56),rust/regex,1.12.4,,613357,2849,4.51s,1.04ms,8.38us,1.05ms,61.76us,1.02ms,1.99ms
wild/bibleref/line,grep-captures,0.1.0 (rev 9ee90dfb56),re2,2025-11-05,,613357,1687,4.51s,1.75ms,28.06us,1.78ms,103.01us,1.68ms,3.30ms
wild/bibleref/line,grep-captures,0.1.0 (rev 9ee90dfb56),re2j,1.8 (OpenJDK 64-Bit Server VM 26.0.2+10-55),,613357,41,5.36s,73.40ms,655.36us,73.67ms,1.25ms,71.96ms,79.17ms
wild/bibleref/line,grep-captures,0.1.0 (rev 9ee90dfb56),pcre2/jit,10.47 2025-10-21,,613357,282,4.56s,10.58ms,158.71us,10.65ms,347.33us,10.14ms,13.48ms
wild/bibleref/line,grep-captures,0.1.0 (rev 9ee90dfb56),safere/string,0.12.0-SNAPSHOT (OpenJDK 64-Bit Server VM 26.0.2+10-55; scanner=swar),,613357,882,5.52s,3.22ms,53.25us,3.40ms,767.46us,3.08ms,8.54ms
wild/bibleref/line,grep-captures,0.1.0 (rev 9ee90dfb56),safere/utf8,0.12.0-SNAPSHOT (OpenJDK 64-Bit Server VM 26.0.2+10-55; scanner=swar),,613357,1470,5.52s,1.98ms,41.98us,2.04ms,264.03us,1.84ms,4.65ms
wild/bibleref/line,grep-captures,0.1.0 (rev 9ee90dfb56),safere/utf8-vector,0.12.0-SNAPSHOT (OpenJDK 64-Bit Server VM 26.0.2+10-55; scanner=vector),,613357,1448,5.57s,2.02ms,34.82us,2.07ms,277.99us,1.88ms,4.78ms
wild/caddy/caddy,count-captures,0.1.0 (rev 9ee90dfb56),rust/regex,1.12.4,,107,1000000,1.08s,287.00ns,3.00ns,300.00ns,380.00ns,275.00ns,158.84us
wild/caddy/caddy,count-captures,0.1.0 (rev 9ee90dfb56),re2,2025-11-05,,107,1000000,2.34s,879.00ns,15.00ns,902.00ns,837.00ns,836.00ns,679.36us
wild/caddy/caddy,count-captures,0.1.0 (rev 9ee90dfb56),re2j,1.8 (OpenJDK 64-Bit Server VM 26.0.2+10-55),,107,84868,5.37s,8.50us,112.00ns,8.92us,11.77us,7.97us,1.70ms
wild/caddy/caddy,count-captures,0.1.0 (rev 9ee90dfb56),pcre2/jit,10.47 2025-10-21,,107,1000000,732.71ms,91.00ns,2.00ns,101.00ns,766.00ns,86.00ns,662.68us
wild/caddy/caddy,count-captures,0.1.0 (rev 9ee90dfb56),safere/string,0.12.0-SNAPSHOT (OpenJDK 64-Bit Server VM 26.0.2+10-55; scanner=swar),,107,64562,5.52s,698.00ns,13.00ns,856.00ns,9.14us,608.00ns,2.19ms
wild/caddy/caddy,count-captures,0.1.0 (rev 9ee90dfb56),safere/utf8,0.12.0-SNAPSHOT (OpenJDK 64-Bit Server VM 26.0.2+10-55; scanner=swar),,107,63581,5.43s,710.00ns,9.00ns,828.00ns,2.08us,635.00ns,396.80us
wild/caddy/caddy,count-captures,0.1.0 (rev 9ee90dfb56),safere/utf8-vector,0.12.0-SNAPSHOT (OpenJDK 64-Bit Server VM 26.0.2+10-55; scanner=vector),,107,63919,5.42s,707.00ns,9.00ns,830.00ns,3.30us,626.00ns,751.62us
wild/dot-star-capture/rust-src-tools,count-captures,0.1.0 (rev 9ee90dfb56),pcre2/jit,10.47 2025-10-21,,7384531,1000000,630.61ms,51.00ns,1.00ns,53.00ns,117.00ns,47.00ns,21.88us
wild/dot-star-capture/rust-src-tools,count-captures,0.1.0 (rev 9ee90dfb56),re2,2025-11-05,,7384531,8,5.01s,414.35ms,4.39ms,415.45ms,5.50ms,408.05ms,425.10ms
wild/dot-star-capture/rust-src-tools,count-captures,0.1.0 (rev 9ee90dfb56),re2j,1.8 (OpenJDK 64-Bit Server VM 26.0.2+10-55),,7384531,3,9.53s,1.28s,0.00ns,1.28s,0.99ms,1.28s,1.28s
wild/dot-star-capture/rust-src-tools,count-captures,0.1.0 (rev 9ee90dfb56),rust/regex,1.12.4,,7384531,180,4.56s,16.65ms,157.65us,16.69ms,293.11us,16.21ms,17.83ms
wild/dot-star-capture/rust-src-tools,count-captures,0.1.0 (rev 9ee90dfb56),safere/string,0.12.0-SNAPSHOT (OpenJDK 64-Bit Server VM 26.0.2+10-55; scanner=swar),,7384531,52,5.42s,57.54ms,294.91us,57.75ms,906.00us,57.02ms,62.46ms
wild/dot-star-capture/rust-src-tools,count-captures,0.1.0 (rev 9ee90dfb56),safere/utf8,0.12.0-SNAPSHOT (OpenJDK 64-Bit Server VM 26.0.2+10-55; scanner=swar),,7384531,53,5.47s,57.34ms,262.14us,57.54ms,875.60us,56.69ms,62.78ms
wild/dot-star-capture/rust-src-tools,count-captures,0.1.0 (rev 9ee90dfb56),safere/utf8-vector,0.12.0-SNAPSHOT (OpenJDK 64-Bit Server VM 26.0.2+10-55; scanner=vector),,7384531,53,5.47s,57.28ms,262.14us,57.65ms,1.33ms,56.75ms,64.23ms
wild/grapheme/compile,compile,0.1.0 (rev 9ee90dfb56),rust/regex,1.12.4,,,7082,4.51s,389.13us,9.73us,398.37us,37.49us,366.99us,1.41ms
wild/grapheme/source-code,count,0.1.0 (rev 9ee90dfb56),rust/regex,1.12.4,,7384531,33,4.61s,90.95ms,511.38us,91.11ms,677.56us,90.16ms,93.03ms
wild/grapheme/codepoints,count,0.1.0 (rev 9ee90dfb56),rust/regex,1.12.4,,4382592,199,4.56s,15.05ms,74.79us,15.13ms,245.16us,14.84ms,16.70ms
wild/parol-veryl/ascii,count-captures,0.1.0 (rev 9ee90dfb56),re2j,1.8 (OpenJDK 64-Bit Server VM 26.0.2+10-55),,150600,3,7.62s,1.00s,10.49ms,1.01s,14.96ms,0.99s,1.03s
wild/parol-veryl/ascii,count-captures,0.1.0 (rev 9ee90dfb56),rust/regex,1.12.4,,150600,154,4.56s,19.45ms,129.89us,19.55ms,690.21us,18.95ms,26.88ms
wild/parol-veryl/ascii,count-captures,0.1.0 (rev 9ee90dfb56),safere/string,0.12.0-SNAPSHOT (OpenJDK 64-Bit Server VM 26.0.2+10-55; scanner=swar),,150600,41,5.67s,73.92ms,524.29us,74.33ms,1.04ms,73.14ms,77.99ms
wild/parol-veryl/ascii,count-captures,0.1.0 (rev 9ee90dfb56),safere/utf8,0.12.0-SNAPSHOT (OpenJDK 64-Bit Server VM 26.0.2+10-55; scanner=swar),,150600,40,5.72s,75.30ms,589.82us,75.52ms,1.03ms,74.06ms,79.04ms
wild/parol-veryl/ascii,count-captures,0.1.0 (rev 9ee90dfb56),safere/utf8-vector,0.12.0-SNAPSHOT (OpenJDK 64-Bit Server VM 26.0.2+10-55; scanner=vector),,150600,39,5.67s,77.59ms,524.29us,77.74ms,1.57ms,75.76ms,84.02ms
wild/parol-veryl/unicode,count-captures,0.1.0 (rev 9ee90dfb56),re2j,1.8 (OpenJDK 64-Bit Server VM 26.0.2+10-55),,150600,3,7.62s,1.01s,0.00ns,1.01s,3.46ms,1.01s,1.02s
wild/parol-veryl/unicode,count-captures,0.1.0 (rev 9ee90dfb56),rust/regex,1.12.4,,150600,134,4.56s,22.38ms,244.98us,22.47ms,509.52us,21.72ms,25.56ms
wild/parol-veryl/unicode,count-captures,0.1.0 (rev 9ee90dfb56),safere/string,0.12.0-SNAPSHOT (OpenJDK 64-Bit Server VM 26.0.2+10-55; scanner=swar),,150600,40,5.67s,76.02ms,1.11ms,76.28ms,1.81ms,74.06ms,83.23ms
wild/parol-veryl/unicode,count-captures,0.1.0 (rev 9ee90dfb56),safere/utf8,0.12.0-SNAPSHOT (OpenJDK 64-Bit Server VM 26.0.2+10-55; scanner=swar),,150600,40,5.67s,75.17ms,917.50us,76.00ms,2.11ms,73.79ms,81.53ms
wild/parol-veryl/unicode,count-captures,0.1.0 (rev 9ee90dfb56),safere/utf8-vector,0.12.0-SNAPSHOT (OpenJDK 64-Bit Server VM 26.0.2+10-55; scanner=vector),,150600,40,5.72s,75.63ms,524.29us,75.88ms,898.01us,74.71ms,78.91ms
wild/parol-veryl/multi-patternid-ascii,count-spans,0.1.0 (rev 9ee90dfb56),rust/regex,1.12.4,,150600,1226,4.51s,2.41ms,20.97us,2.45ms,220.63us,2.33ms,6.06ms
wild/parol-veryl/multi-captures-ascii,count-captures,0.1.0 (rev 9ee90dfb56),rust/regex,1.12.4,,150600,455,4.51s,6.55ms,64.09us,6.60ms,180.01us,6.33ms,7.83ms
wild/ruff/whitespace-around-keywords,grep-captures,0.1.0 (rev 9ee90dfb56),pcre2/jit,10.47 2025-10-21,,32514526,9,5.21s,364.72ms,596.22us,365.10ms,1.32ms,362.98ms,367.43ms
wild/ruff/whitespace-around-keywords,grep-captures,0.1.0 (rev 9ee90dfb56),rust/regex,1.12.4,,32514526,28,4.76s,110.85ms,292.49us,110.95ms,457.20us,110.14ms,111.94ms
wild/ruff/noqa,grep-captures,0.1.0 (rev 9ee90dfb56),pcre2/jit,10.47 2025-10-21,,32514526,25,4.71s,124.88ms,495.89us,125.01ms,706.37us,123.85ms,126.68ms
wild/ruff/noqa,grep-captures,0.1.0 (rev 9ee90dfb56),re2,2025-11-05,,32514526,43,4.66s,70.42ms,269.78us,70.57ms,612.66us,69.73ms,73.16ms
wild/ruff/noqa,grep-captures,0.1.0 (rev 9ee90dfb56),rust/regex,1.12.4,,32514526,125,4.61s,23.89ms,220.70us,24.04ms,881.65us,23.19ms,32.77ms
wild/ruff/unnecessary-coding-comment,grep,0.1.0 (rev 9ee90dfb56),pcre2/jit,10.47 2025-10-21,,32514526,120,4.66s,24.87ms,169.86us,25.10ms,882.27us,24.31ms,33.19ms
wild/ruff/unnecessary-coding-comment,grep,0.1.0 (rev 9ee90dfb56),re2,2025-11-05,,32514526,59,4.66s,51.35ms,342.77us,51.45ms,497.49us,50.71ms,52.75ms
wild/ruff/unnecessary-coding-comment,grep,0.1.0 (rev 9ee90dfb56),rust/regex,1.12.4,,32514526,114,4.61s,26.37ms,188.42us,26.45ms,358.42us,25.66ms,27.50ms
wild/ruff/string-quote-prefix,grep-captures,0.1.0 (rev 9ee90dfb56),pcre2/jit,10.47 2025-10-21,,32514526,129,4.61s,23.14ms,188.36us,23.35ms,883.13us,22.44ms,30.18ms
wild/ruff/string-quote-prefix,grep-captures,0.1.0 (rev 9ee90dfb56),re2,2025-11-05,,32514526,46,4.61s,65.33ms,286.69us,65.52ms,643.73us,64.62ms,68.09ms
wild/ruff/string-quote-prefix,grep-captures,0.1.0 (rev 9ee90dfb56),rust/regex,1.12.4,,32514526,149,4.61s,20.02ms,113.52us,20.16ms,1.14ms,19.41ms,33.40ms
wild/ruff/space-around-operator,grep-captures,0.1.0 (rev 9ee90dfb56),pcre2/jit,10.47 2025-10-21,,32514526,16,4.81s,197.29ms,1.27ms,197.70ms,2.05ms,195.34ms,202.71ms
wild/ruff/space-around-operator,grep-captures,0.1.0 (rev 9ee90dfb56),re2,2025-11-05,,32514526,26,4.71s,118.73ms,545.59us,118.94ms,0.98ms,117.56ms,122.30ms
wild/ruff/space-around-operator,grep-captures,0.1.0 (rev 9ee90dfb56),rust/regex,1.12.4,,32514526,37,4.66s,81.91ms,465.30us,82.00ms,616.09us,80.82ms,83.67ms
wild/ruff/shebang,grep-captures,0.1.0 (rev 9ee90dfb56),pcre2/jit,10.47 2025-10-21,,32514526,118,4.61s,25.31ms,186.53us,25.53ms,0.97ms,24.71ms,34.49ms
wild/ruff/shebang,grep-captures,0.1.0 (rev 9ee90dfb56),re2,2025-11-05,,32514526,67,4.61s,44.69ms,301.26us,44.93ms,854.81us,44.05ms,48.53ms
wild/ruff/shebang,grep-captures,0.1.0 (rev 9ee90dfb56),rust/regex,1.12.4,,32514526,74,4.61s,40.51ms,247.05us,40.72ms,705.96us,40.08ms,44.91ms
wild/rustsec-cargo-audit/original-unix,count-captures,0.1.0 (rev 9ee90dfb56),pcre2/jit,10.47 2025-10-21,,5266960,15847,4.56s,183.94us,1.84us,189.21us,24.76us,177.59us,1.02ms
wild/rustsec-cargo-audit/original-unix,count-captures,0.1.0 (rev 9ee90dfb56),re2,2025-11-05,,5266960,10508,4.56s,277.55us,5.62us,285.40us,47.20us,264.78us,2.41ms
wild/rustsec-cargo-audit/original-unix,count-captures,0.1.0 (rev 9ee90dfb56),rust/regex,1.12.4,,5266960,13060,4.56s,224.25us,2.75us,229.61us,26.25us,219.33us,1.70ms
wild/rustsec-cargo-audit/original-windows,count-captures,0.1.0 (rev 9ee90dfb56),pcre2/jit,10.47 2025-10-21,,4644864,17769,4.56s,163.80us,574.00ns,168.73us,33.94us,156.26us,2.66ms
wild/rustsec-cargo-audit/original-windows,count-captures,0.1.0 (rev 9ee90dfb56),re2,2025-11-05,,4644864,11532,4.56s,252.76us,6.78us,260.06us,33.56us,242.85us,1.36ms
wild/rustsec-cargo-audit/original-windows,count-captures,0.1.0 (rev 9ee90dfb56),rust/regex,1.12.4,,4644864,14034,4.56s,207.82us,1.38us,213.66us,28.16us,198.53us,1.27ms
wild/rustsec-cargo-audit/both-slashes,count-captures,0.1.0 (rev 9ee90dfb56),pcre2/jit,10.47 2025-10-21,,5266960,15851,4.56s,183.56us,497.00ns,189.16us,20.48us,178.66us,0.96ms
wild/rustsec-cargo-audit/both-slashes,count-captures,0.1.0 (rev 9ee90dfb56),re2,2025-11-05,,5266960,10194,4.56s,286.06us,4.14us,294.20us,39.30us,272.90us,1.97ms
wild/rustsec-cargo-audit/both-slashes,count-captures,0.1.0 (rev 9ee90dfb56),rust/regex,1.12.4,,5266960,13043,4.56s,223.62us,5.79us,229.91us,33.51us,214.32us,1.09ms
wild/rustsec-cargo-audit/both-alternate,count-captures,0.1.0 (rev 9ee90dfb56),pcre2/jit,10.47 2025-10-21,,5266960,15754,4.56s,184.49us,1.26us,190.33us,25.51us,178.94us,1.56ms
wild/rustsec-cargo-audit/both-alternate,count-captures,0.1.0 (rev 9ee90dfb56),re2,2025-11-05,,5266960,10386,4.56s,281.00us,4.56us,288.78us,30.89us,268.73us,1.67ms
wild/rustsec-cargo-audit/both-alternate,count-captures,0.1.0 (rev 9ee90dfb56),rust/regex,1.12.4,,5266960,12922,4.56s,226.17us,7.40us,232.07us,29.89us,215.74us,1.11ms
wild/url/compile,compile,0.1.0 (rev 9ee90dfb56),pcre2/jit,10.47 2025-10-21,,,1964,4.51s,1.45ms,20.91us,1.50ms,116.97us,1.41ms,3.09ms
wild/url/compile,compile,0.1.0 (rev 9ee90dfb56),re2,2025-11-05,,,721,4.51s,2.51ms,29.71us,2.54ms,215.38us,2.39ms,7.80ms
wild/url/compile,compile,0.1.0 (rev 9ee90dfb56),rust/regex,1.12.4,,,717,4.51s,3.89ms,68.88us,3.96ms,378.20us,3.68ms,12.19ms
wild/url/search,count-spans,0.1.0 (rev 9ee90dfb56),pcre2/jit,10.47 2025-10-21,,7384531,8,5.06s,415.75ms,480.99us,415.82ms,1.55ms,412.44ms,417.75ms
wild/url/search,count-spans,0.1.0 (rev 9ee90dfb56),re2,2025-11-05,,7384531,24,4.66s,131.51ms,15.21ms,128.13ms,14.99ms,111.70ms,151.53ms
wild/url/search,count-spans,0.1.0 (rev 9ee90dfb56),re2j,1.8 (OpenJDK 64-Bit Server VM 26.0.2+10-55),timeout: exceeded 10s,,0,0.00ns,0.00ns,0.00ns,0.00ns,0.00ns,0.00ns,0.00ns
wild/url/search,count-spans,0.1.0 (rev 9ee90dfb56),rust/regex,1.12.4,,7384531,34,4.71s,89.94ms,671.06us,90.27ms,1.78ms,88.37ms,98.74ms
wild/url/search,count-spans,0.1.0 (rev 9ee90dfb56),safere/string,0.12.0-SNAPSHOT (OpenJDK 64-Bit Server VM 26.0.2+10-55; scanner=swar),,7384531,191,6.67s,15.56ms,360.45us,15.75ms,0.95ms,14.73ms,23.89ms
wild/url/search,count-spans,0.1.0 (rev 9ee90dfb56),safere/utf8,0.12.0-SNAPSHOT (OpenJDK 64-Bit Server VM 26.0.2+10-55; scanner=swar),,7384531,184,6.12s,16.20ms,286.72us,16.31ms,0.97ms,14.83ms,25.59ms
wild/url/search,count-spans,0.1.0 (rev 9ee90dfb56),safere/utf8-vector,0.12.0-SNAPSHOT (OpenJDK 64-Bit Server VM 26.0.2+10-55; scanner=vector),,7384531,189,6.27s,15.86ms,196.61us,15.93ms,627.76us,14.78ms,20.68ms
